{
  "power": 14,
  "decade_start": 100000000000000,
  "window_anchors": 256,
  "candidate_bound": 1024,
  "anchor_count": 256,
  "candidate_count": 69825,
  "tested_count": 2302,
  "exact_match_count": 256,
  "false_emit_count": 0,
  "candidate_bound_miss_count": 0,
  "setup_seconds": 0.003809874877333641,
  "evaluation_seconds": 0.020595249952748418,
  "write_seconds": 0.0008919171523302794,
  "total_seconds": 0.025245416909456253,
  "anchors_per_second": 10140.45444042991,
  "tested_candidates_per_second": 91184.86766355333,
  "window_candidates_per_second": 2765848.559777416
}
