{
  "power": 16,
  "decade_start": 10000000000000000,
  "window_anchors": 256,
  "candidate_bound": 1024,
  "anchor_count": 256,
  "old_unique_match_count": 38,
  "reset_exact_match_count": 256,
  "reset_false_emit_count": 0,
  "tail_case_count": 218,
  "tail_candidate_count": 5691,
  "candidate_bound_miss_count": 0,
  "all_unresolved_after_reset_count": 256,
  "setup_seconds": 0.004474041983485222,
  "evaluation_seconds": 4.743388500064611,
  "write_seconds": 0.0012143340427428484,
  "total_seconds": 4.748998833121732
}
