{
  "power": 14,
  "decade_start": 100000000000000,
  "window_anchors": 256,
  "candidate_bound": 1024,
  "anchor_count": 256,
  "old_unique_match_count": 47,
  "reset_exact_match_count": 256,
  "reset_false_emit_count": 0,
  "tail_case_count": 209,
  "tail_candidate_count": 6065,
  "candidate_bound_miss_count": 0,
  "all_unresolved_after_reset_count": 256,
  "setup_seconds": 0.003822792088612914,
  "evaluation_seconds": 2.4966718330979347,
  "write_seconds": 0.0010627498850226402,
  "total_seconds": 2.5014875419437885
}
