{
  "power": 16,
  "decade_start": 10000000000000000,
  "window_anchors": 256,
  "candidate_bound": 1024,
  "anchor_count": 256,
  "candidate_count": 69821,
  "tested_count": 2525,
  "exact_match_count": 256,
  "false_emit_count": 0,
  "candidate_bound_miss_count": 0,
  "setup_seconds": 0.004362416919320822,
  "evaluation_seconds": 0.021803125040605664,
  "write_seconds": 0.0008431249298155308,
  "total_seconds": 0.026958625065162778,
  "anchors_per_second": 9496.033250257093,
  "tested_candidates_per_second": 93662.04670663734,
  "window_candidates_per_second": 2589931.78736797
}
