{
  "power": 11,
  "decade_start": 100000000000,
  "window_anchors": 256,
  "candidate_bound": 1024,
  "anchor_count": 256,
  "candidate_count": 69826,
  "tested_count": 1653,
  "exact_match_count": 256,
  "false_emit_count": 0,
  "candidate_bound_miss_count": 0,
  "setup_seconds": 0.006280832923948765,
  "evaluation_seconds": 0.031226416118443012,
  "write_seconds": 0.0008879159577190876,
  "total_seconds": 0.038353542098775506,
  "anchors_per_second": 6674.742044442701,
  "tested_candidates_per_second": 43099.0179666554,
  "window_candidates_per_second": 1820588.0390439688
}
