{
  "power": 18,
  "decade_start": 1000000000000000000,
  "window_anchors": 256,
  "candidate_bound": 1024,
  "anchor_count": 256,
  "candidate_count": 69819,
  "tested_count": 2834,
  "exact_match_count": 256,
  "false_emit_count": 0,
  "candidate_bound_miss_count": 0,
  "setup_seconds": 0.004781165858730674,
  "evaluation_seconds": 0.022420833120122552,
  "write_seconds": 0.000839542131870985,
  "total_seconds": 0.0280003750231117,
  "anchors_per_second": 9142.734687970995,
  "tested_candidates_per_second": 101212.9301004289,
  "window_candidates_per_second": 2493502.3171072146
}
