{
  "parameters": {
    "exact_limit": 1000000,
    "sampled_scales": [
      100000000,
      1000000000
    ],
    "window_size": 2000000,
    "window_count": 2,
    "seeds": [
      20260331,
      20260401
    ],
    "prime_buffer": 100000,
    "max_examples": 10
  },
  "exact": {
    "scale": 1000000,
    "window_mode": "exact",
    "lo": 2,
    "hi": 1000001,
    "window_size": 999999,
    "seed": null,
    "gap_count": 70327,
    "closure_pass_count": 70327,
    "closure_violation_count": 0,
    "closure_match_rate": 1.0,
    "max_gap": 114,
    "winner_d3_count": 167,
    "winner_d4_count": 58303,
    "d4_threat_count": 58303,
    "d4_threat_distance_sum": 342215099,
    "d4_threat_distance_min": 3,
    "d4_threat_distance_max": 35843,
    "d4_prime_arrival_margin_sum": 341511314,
    "d4_prime_arrival_margin_min": 2,
    "d4_prime_arrival_margin_max": 35826,
    "violation_examples": [],
    "interval_count": 1,
    "runtime_seconds": 0.8769634580239654,
    "winner_d3_share": 0.002374621411406714,
    "winner_d4_share": 0.8290272583787166,
    "d4_threat_distance_mean": 5869.596744592903,
    "d4_prime_arrival_margin_mean": 5857.525581874003
  },
  "sampled": [
    {
      "scale": 100000000,
      "window_mode": "even",
      "lo": 2,
      "hi": 100000002,
      "window_size": 2000000,
      "seed": null,
      "gap_count": 234639,
      "closure_pass_count": 234639,
      "closure_violation_count": 0,
      "closure_match_rate": 1.0,
      "max_gap": 176,
      "winner_d3_count": 231,
      "winner_d4_count": 193728,
      "d4_threat_count": 193728,
      "d4_threat_distance_sum": 17378490837,
      "d4_threat_distance_min": 3,
      "d4_threat_distance_max": 679298,
      "d4_prime_arrival_margin_sum": 17375590218,
      "d4_prime_arrival_margin_min": 2,
      "d4_prime_arrival_margin_max": 679290,
      "violation_examples": [],
      "interval_count": 2,
      "runtime_seconds": 4.424718833062798,
      "winner_d3_share": 0.000984491069259586,
      "winner_d4_share": 0.8256427959546367,
      "d4_threat_distance_mean": 89705.62250681367,
      "d4_prime_arrival_margin_mean": 89690.64986992071
    },
    {
      "scale": 1000000000,
      "window_mode": "even",
      "lo": 2,
      "hi": 1000000002,
      "window_size": 2000000,
      "seed": null,
      "gap_count": 224237,
      "closure_pass_count": 224237,
      "closure_violation_count": 0,
      "closure_match_rate": 1.0,
      "max_gap": 190,
      "winner_d3_count": 224,
      "winner_d4_count": 185013,
      "d4_threat_count": 185013,
      "d4_threat_distance_sum": 39322098257,
      "d4_threat_distance_min": 3,
      "d4_threat_distance_max": 1264668,
      "d4_prime_arrival_margin_sum": 39319178718,
      "d4_prime_arrival_margin_min": 2,
      "d4_prime_arrival_margin_max": 1264658,
      "violation_examples": [],
      "interval_count": 2,
      "runtime_seconds": 4.668540958315134,
      "winner_d3_share": 0.0009989430825421317,
      "winner_d4_share": 0.8250779309391403,
      "d4_threat_distance_mean": 212536.94744153114,
      "d4_prime_arrival_margin_mean": 212521.16725851697
    },
    {
      "scale": 100000000,
      "window_mode": "seeded",
      "lo": 40244742,
      "hi": 63367852,
      "window_size": 2000000,
      "seed": 20260331,
      "gap_count": 208733,
      "closure_pass_count": 208733,
      "closure_violation_count": 0,
      "closure_match_rate": 1.0,
      "max_gap": 168,
      "winner_d3_count": 31,
      "winner_d4_count": 172025,
      "d4_threat_count": 172025,
      "d4_threat_distance_sum": 16051198974,
      "d4_threat_distance_min": 3,
      "d4_threat_distance_max": 390342,
      "d4_prime_arrival_margin_sum": 16048249588,
      "d4_prime_arrival_margin_min": 2,
      "d4_prime_arrival_margin_max": 390312,
      "violation_examples": [],
      "interval_count": 2,
      "runtime_seconds": 4.909230625256896,
      "winner_d3_share": 0.00014851508865392632,
      "winner_d4_share": 0.8241389717965056,
      "d4_threat_distance_mean": 93307.36215085017,
      "d4_prime_arrival_margin_mean": 93290.2170498474
    },
    {
      "scale": 1000000000,
      "window_mode": "seeded",
      "lo": 353604395,
      "hi": 411839301,
      "window_size": 2000000,
      "seed": 20260331,
      "gap_count": 189058,
      "closure_pass_count": 189058,
      "closure_violation_count": 0,
      "closure_match_rate": 1.0,
      "max_gap": 224,
      "winner_d3_count": 5,
      "winner_d4_count": 155806,
      "d4_threat_count": 155806,
      "d4_threat_distance_sum": 64734949913,
      "d4_threat_distance_min": 18,
      "d4_threat_distance_max": 1303522,
      "d4_prime_arrival_margin_sum": 64731968218,
      "d4_prime_arrival_margin_min": 2,
      "d4_prime_arrival_margin_max": 1303512,
      "violation_examples": [],
      "interval_count": 2,
      "runtime_seconds": 5.518163250293583,
      "winner_d3_share": 2.644691047191867e-05,
      "winner_d4_share": 0.824117466597552,
      "d4_threat_distance_mean": 415484.3196860198,
      "d4_prime_arrival_margin_mean": 415465.18245767173
    },
    {
      "scale": 100000000,
      "window_mode": "seeded",
      "lo": 47906034,
      "hi": 77797802,
      "window_size": 2000000,
      "seed": 20260401,
      "gap_count": 206515,
      "closure_pass_count": 206515,
      "closure_violation_count": 0,
      "closure_match_rate": 1.0,
      "max_gap": 164,
      "winner_d3_count": 31,
      "winner_d4_count": 170036,
      "d4_threat_count": 170036,
      "d4_threat_distance_sum": 15690127826,
      "d4_threat_distance_min": 8,
      "d4_threat_distance_max": 354740,
      "d4_prime_arrival_margin_sum": 15687173352,
      "d4_prime_arrival_margin_min": 2,
      "d4_prime_arrival_margin_max": 354738,
      "violation_examples": [],
      "interval_count": 2,
      "runtime_seconds": 4.916140041779727,
      "winner_d3_share": 0.0001501101614894802,
      "winner_d4_share": 0.8233590780330726,
      "d4_threat_distance_mean": 92275.32890681973,
      "d4_prime_arrival_margin_mean": 92257.95332753065
    },
    {
      "scale": 1000000000,
      "window_mode": "seeded",
      "lo": 487859393,
      "hi": 773900056,
      "window_size": 2000000,
      "seed": 20260401,
      "gap_count": 184649,
      "closure_pass_count": 184649,
      "closure_violation_count": 0,
      "closure_match_rate": 1.0,
      "max_gap": 186,
      "winner_d3_count": 12,
      "winner_d4_count": 151932,
      "d4_threat_count": 151932,
      "d4_threat_distance_sum": 31564637999,
      "d4_threat_distance_min": 10,
      "d4_threat_distance_max": 707214,
      "d4_prime_arrival_margin_sum": 31561646278,
      "d4_prime_arrival_margin_min": 2,
      "d4_prime_arrival_margin_max": 707160,
      "violation_examples": [],
      "interval_count": 2,
      "runtime_seconds": 5.735263375099748,
      "winner_d3_share": 6.498816673797313e-05,
      "winner_d4_share": 0.8228151790694778,
      "d4_threat_distance_mean": 207755.03514072084,
      "d4_prime_arrival_margin_mean": 207735.34395650687
    }
  ]
}
