{
  "parameters": {
    "exact_limit": 1000000,
    "sampled_scales": [
      100000000,
      1000000000,
      10000000000,
      100000000000,
      1000000000000,
      10000000000000,
      100000000000000,
      1000000000000000,
      10000000000000000,
      100000000000000000,
      1000000000000000000
    ],
    "window_size": 2000000,
    "window_count": 2,
    "window_mode": "even",
    "prime_buffer": 100000,
    "max_examples": 10
  },
  "exact": {
    "scale": 1000000,
    "window_mode": "exact",
    "lo": 2,
    "hi": 1000001,
    "window_size": 999999,
    "seed": null,
    "gap_count": 70327,
    "closure_pass_count": 70327,
    "closure_violation_count": 0,
    "closure_match_rate": 1.0,
    "max_gap": 114,
    "winner_d3_count": 167,
    "winner_d4_count": 58303,
    "d4_threat_count": 58303,
    "d4_threat_distance_sum": 342215099,
    "d4_threat_distance_min": 3,
    "d4_threat_distance_max": 35843,
    "d4_prime_arrival_margin_sum": 341511314,
    "d4_prime_arrival_margin_min": 2,
    "d4_prime_arrival_margin_max": 35826,
    "violation_examples": [],
    "interval_count": 1,
    "runtime_seconds": 0.8709233338013291,
    "winner_d3_share": 0.002374621411406714,
    "winner_d4_share": 0.8290272583787166,
    "d4_threat_distance_mean": 5869.596744592903,
    "d4_prime_arrival_margin_mean": 5857.525581874003
  },
  "sampled": [
    {
      "scale": 100000000,
      "window_mode": "even",
      "lo": 2,
      "hi": 100000002,
      "window_size": 2000000,
      "seed": null,
      "gap_count": 234639,
      "closure_pass_count": 234639,
      "closure_violation_count": 0,
      "closure_match_rate": 1.0,
      "max_gap": 176,
      "winner_d3_count": 231,
      "winner_d4_count": 193728,
      "d4_threat_count": 193728,
      "d4_threat_distance_sum": 17378490837,
      "d4_threat_distance_min": 3,
      "d4_threat_distance_max": 679298,
      "d4_prime_arrival_margin_sum": 17375590218,
      "d4_prime_arrival_margin_min": 2,
      "d4_prime_arrival_margin_max": 679290,
      "violation_examples": [],
      "interval_count": 2,
      "runtime_seconds": 4.425294500309974,
      "winner_d3_share": 0.000984491069259586,
      "winner_d4_share": 0.8256427959546367,
      "d4_threat_distance_mean": 89705.62250681367,
      "d4_prime_arrival_margin_mean": 89690.64986992071
    },
    {
      "scale": 1000000000,
      "window_mode": "even",
      "lo": 2,
      "hi": 1000000002,
      "window_size": 2000000,
      "seed": null,
      "gap_count": 224237,
      "closure_pass_count": 224237,
      "closure_violation_count": 0,
      "closure_match_rate": 1.0,
      "max_gap": 190,
      "winner_d3_count": 224,
      "winner_d4_count": 185013,
      "d4_threat_count": 185013,
      "d4_threat_distance_sum": 39322098257,
      "d4_threat_distance_min": 3,
      "d4_threat_distance_max": 1264668,
      "d4_prime_arrival_margin_sum": 39319178718,
      "d4_prime_arrival_margin_min": 2,
      "d4_prime_arrival_margin_max": 1264658,
      "violation_examples": [],
      "interval_count": 2,
      "runtime_seconds": 4.658872541971505,
      "winner_d3_share": 0.0009989430825421317,
      "winner_d4_share": 0.8250779309391403,
      "d4_threat_distance_mean": 212536.94744153114,
      "d4_prime_arrival_margin_mean": 212521.16725851697
    },
    {
      "scale": 10000000000,
      "window_mode": "even",
      "lo": 2,
      "hi": 10000000002,
      "window_size": 2000000,
      "seed": null,
      "gap_count": 215807,
      "closure_pass_count": 215807,
      "closure_violation_count": 0,
      "closure_match_rate": 1.0,
      "max_gap": 288,
      "winner_d3_count": 223,
      "winner_d4_count": 178500,
      "d4_threat_count": 178500,
      "d4_threat_distance_sum": 93248928791,
      "d4_threat_distance_min": 3,
      "d4_threat_distance_max": 2399918,
      "d4_prime_arrival_margin_sum": 93245994356,
      "d4_prime_arrival_margin_min": 2,
      "d4_prime_arrival_margin_max": 2399892,
      "violation_examples": [],
      "interval_count": 2,
      "runtime_seconds": 5.098557625897229,
      "winner_d3_share": 0.0010333307075303397,
      "winner_d4_share": 0.8271279430231642,
      "d4_threat_distance_mean": 522402.96241456585,
      "d4_prime_arrival_margin_mean": 522386.5230028011
    },
    {
      "scale": 100000000000,
      "window_mode": "even",
      "lo": 2,
      "hi": 100000000002,
      "window_size": 2000000,
      "seed": null,
      "gap_count": 208766,
      "closure_pass_count": 208766,
      "closure_violation_count": 0,
      "closure_match_rate": 1.0,
      "max_gap": 268,
      "winner_d3_count": 222,
      "winner_d4_count": 172443,
      "d4_threat_count": 172443,
      "d4_threat_distance_sum": 577373677383,
      "d4_threat_distance_min": 3,
      "d4_threat_distance_max": 10369910,
      "d4_prime_arrival_margin_sum": 577370731178,
      "d4_prime_arrival_margin_min": 2,
      "d4_prime_arrival_margin_max": 10369908,
      "violation_examples": [],
      "interval_count": 2,
      "runtime_seconds": 5.416497165802866,
      "winner_d3_share": 0.001063391548432216,
      "winner_d4_share": 0.8260109404788136,
      "d4_threat_distance_mean": 3348200.1437170543,
      "d4_prime_arrival_margin_mean": 3348183.0586222694
    },
    {
      "scale": 1000000000000,
      "window_mode": "even",
      "lo": 2,
      "hi": 1000000000002,
      "window_size": 2000000,
      "seed": null,
      "gap_count": 202949,
      "closure_pass_count": 202949,
      "closure_violation_count": 0,
      "closure_match_rate": 1.0,
      "max_gap": 306,
      "winner_d3_count": 222,
      "winner_d4_count": 167575,
      "d4_threat_count": 167575,
      "d4_threat_distance_sum": 397472497207,
      "d4_threat_distance_min": 3,
      "d4_threat_distance_max": 7999998,
      "d4_prime_arrival_margin_sum": 397469540492,
      "d4_prime_arrival_margin_min": 2,
      "d4_prime_arrival_margin_max": 7999958,
      "violation_examples": [],
      "interval_count": 2,
      "runtime_seconds": 5.761523623950779,
      "winner_d3_share": 0.0010938708739634095,
      "winner_d4_share": 0.8257000527226052,
      "d4_threat_distance_mean": 2371908.0841832017,
      "d4_prime_arrival_margin_mean": 2371890.4400537075
    },
    {
      "scale": 10000000000000,
      "window_mode": "even",
      "lo": 2,
      "hi": 10000000000002,
      "window_size": 2000000,
      "seed": null,
      "gap_count": 197687,
      "closure_pass_count": 197687,
      "closure_violation_count": 0,
      "closure_match_rate": 1.0,
      "max_gap": 300,
      "winner_d3_count": 222,
      "winner_d4_count": 163487,
      "d4_threat_count": 163487,
      "d4_threat_distance_sum": 1828063825365,
      "d4_threat_distance_min": 3,
      "d4_threat_distance_max": 35772035,
      "d4_prime_arrival_margin_sum": 1828060855962,
      "d4_prime_arrival_margin_min": 2,
      "d4_prime_arrival_margin_max": 35772030,
      "violation_examples": [],
      "interval_count": 2,
      "runtime_seconds": 6.074603124987334,
      "winner_d3_share": 0.0011229873486875719,
      "winner_d4_share": 0.8269992462832659,
      "d4_threat_distance_mean": 11181707.569195105,
      "d4_prime_arrival_margin_mean": 11181689.406264719
    },
    {
      "scale": 100000000000000,
      "window_mode": "even",
      "lo": 2,
      "hi": 100000000000002,
      "window_size": 2000000,
      "seed": null,
      "gap_count": 193665,
      "closure_pass_count": 193665,
      "closure_violation_count": 0,
      "closure_match_rate": 1.0,
      "max_gap": 358,
      "winner_d3_count": 222,
      "winner_d4_count": 160154,
      "d4_threat_count": 160154,
      "d4_threat_distance_sum": 18749323387919,
      "d4_threat_distance_min": 3,
      "d4_threat_distance_max": 382000343,
      "d4_prime_arrival_margin_sum": 18749320413232,
      "d4_prime_arrival_margin_min": 2,
      "d4_prime_arrival_margin_max": 382000268,
      "violation_examples": [],
      "interval_count": 2,
      "runtime_seconds": 6.527630165684968,