{
  "power": 12,
  "decade_start": 1000000000000,
  "window_anchors": 256,
  "candidate_bound": 1024,
  "anchor_count": 256,
  "old_unique_match_count": 51,
  "reset_exact_match_count": 256,
  "reset_false_emit_count": 0,
  "tail_case_count": 205,
  "tail_candidate_count": 6687,
  "candidate_bound_miss_count": 0,
  "all_unresolved_after_reset_count": 256,
  "setup_seconds": 0.0034680829849094152,
  "evaluation_seconds": 1.4325507909525186,
  "write_seconds": 0.001106583047658205,
  "total_seconds": 1.4370352909900248
}
