{
  "power": 10,
  "decade_start": 10000000000,
  "window_anchors": 256,
  "candidate_bound": 1024,
  "anchor_count": 256,
  "candidate_count": 69825,
  "tested_count": 1716,
  "exact_match_count": 256,
  "false_emit_count": 0,
  "candidate_bound_miss_count": 0,
  "setup_seconds": 0.002980791963636875,
  "evaluation_seconds": 0.018877665977925062,
  "write_seconds": 0.0008816251065582037,
  "total_seconds": 0.02269712509587407,
  "anchors_per_second": 11278.961494843072,
  "tested_candidates_per_second": 75604.28877011997,
  "window_candidates_per_second": 3076380.806161787
}
