{
  "exact_full_runs": [
    {
      "scale": 1000000,
      "gap_count": 70327,
      "observed_edge2_share": 0.43600608585607237,
      "baseline_edge2_share": 0.22185858570959013,
      "edge2_enrichment": 1.9652432402449296,
      "observed_d4_share": 0.8290272583787166,
      "baseline_d4_share": 0.20140064321856735,
      "d4_enrichment": 4.11630889122348,
      "left_share": 0.7455742460221536,
      "right_share": 0.16018030059578825,
      "center_share": 0.0942454533820581,
      "window_mode": "exact",
      "window_size": 999999,
      "sampled_gap_count": 70327,
      "approximate_gap_count": 70327,
      "seed": null
    },
    {
      "scale": 10000000,
      "gap_count": 605597,
      "observed_edge2_share": 0.4007714701360806,
      "baseline_edge2_share": 0.20273469726253182,
      "edge2_enrichment": 1.976827230600298,
      "observed_d4_share": 0.8254581842380329,
      "baseline_d4_share": 0.179609512370556,
      "d4_enrichment": 4.595848924387776,
      "left_share": 0.7548650340077643,
      "right_share": 0.1602385744975619,
      "center_share": 0.08489639149467385,
      "window_mode": "exact",
      "window_size": 9999999,
      "sampled_gap_count": 605597,
      "approximate_gap_count": 605597,
      "seed": null
    }
  ],
  "even_window_runs": [
    {
      "scale": 100000000,
      "gap_count": 5321132,
      "observed_edge2_share": 0.37175604739743345,
      "baseline_edge2_share": 0.18714011615272313,
      "edge2_enrichment": 1.9865117914859427,
      "observed_d4_share": 0.8240605570393668,
      "baseline_d4_share": 0.16296585768001615,
      "d4_enrichment": 5.0566454150010465,
      "left_share": 0.7621983442620855,
      "right_share": 0.1605318191693046,
      "center_share": 0.07726983656860983,
      "window_mode": "even",
      "window_size": 10000000,
      "sampled_gap_count": 5321132,
      "approximate_gap_count": 5321132,
      "seed": null
    },
    {
      "scale": 1000000000,
      "gap_count": 4821396,
      "observed_edge2_share": 0.35107611986238013,
      "baseline_edge2_share": 0.17645591198844846,
      "edge2_enrichment": 1.9895968114990845,
      "observed_d4_share": 0.8237923207303445,
      "baseline_d4_share": 0.1520093256765196,
      "d4_enrichment": 5.419353826247471,
      "left_share": 0.7668946919108076,
      "right_share": 0.16077107128308896,
      "center_share": 0.07233423680610346,
      "window_mode": "even",
      "window_size": 10000000,
      "sampled_gap_count": 4821396,
      "approximate_gap_count": 48213960,
      "seed": null
    },
    {
      "scale": 10000000000,
      "gap_count": 4413118,
      "observed_edge2_share": 0.3339675032482703,
      "baseline_edge2_share": 0.16751578811098208,
      "edge2_enrichment": 1.9936479242601963,
      "observed_d4_share": 0.8238243346314329,
      "baseline_d4_share": 0.1430652284795237,
      "d4_enrichment": 5.758382685904307,
      "left_share": 0.7709184300079898,
      "right_share": 0.16097507476573253,
      "center_share": 0.06810649522627765,
      "window_mode": "even",
      "window_size": 10000000,
      "sampled_gap_count": 4413118,
      "approximate_gap_count": 441311800,
      "seed": null
    }
  ],
  "seeded_window_runs": [
    {
      "scale": 100000000,
      "gap_count": 5351254,
      "observed_edge2_share": 0.37244429062795376,
      "baseline_edge2_share": 0.18764832976667525,
      "edge2_enrichment": 1.9847993909194745,
      "observed_d4_share": 0.8242191456432455,
      "baseline_d4_share": 0.16349705317471327,
      "d4_enrichment": 5.041186551310398,
      "left_share": 0.7618012525662209,
      "right_share": 0.16052330911595675,
      "center_share": 0.07767543831782232,
      "window_mode": "seeded-random",
      "window_size": 10000000,
      "sampled_gap_count": 5351254,
      "approximate_gap_count": 5351254,
      "seed": 20260331
    },
    {
      "scale": 1000000000,
      "gap_count": 4797192,
      "observed_edge2_share": 0.3495382298644707,
      "baseline_edge2_share": 0.17540776362263352,
      "edge2_enrichment": 1.9927181251592474,
      "observed_d4_share": 0.8234312906383567,
      "baseline_d4_share": 0.15071372934132288,
      "d4_enrichment": 5.463545320237706,
      "left_share": 0.7669476226926085,
      "right_share": 0.16138899589593245,
      "center_share": 0.07166338141145903,
      "window_mode": "seeded-random",
      "window_size": 10000000,
      "sampled_gap_count": 4797192,
      "approximate_gap_count": 47971920,
      "seed": 20260331
    },
    {
      "scale": 10000000000,
      "gap_count": 4289662,
      "observed_edge2_share": 0.32625274438871876,
      "baseline_edge2_share": 0.16356840180652996,
      "edge2_enrichment": 1.9945951711053165,
      "observed_d4_share": 0.8234916876900791,
      "baseline_d4_share": 0.13883237599979964,
      "d4_enrichment": 5.93155365785332,
      "left_share": 0.7732770087713204,
      "right_share": 0.16060892443274086,
      "center_share": 0.0661140667959387,
      "window_mode": "seeded-random",
      "window_size": 10000000,
      "sampled_gap_count": 4289662,
      "approximate_gap_count": 428966200,
      "seed": 20260331
    }
  ]
}
