p,q,selected_offset,undercut_count,tau_p_plus_1,tau_p_plus_2,tau_p_plus_3,tau_p_plus_4,tau_p_plus_5,tau_p_plus_6,tau_p_plus_7
389,397,2,5,16,4,12,4,4,4,18
929,937,4,5,16,6,6,4,4,8,24
1109,1117,2,5,16,4,8,8,4,4,18
2909,2917,2,4,16,4,24,4,8,8,21
3209,3217,5,4,16,6,12,16,4,4,20
5189,5197,2,5,16,4,16,6,12,4,12
6329,6337,2,5,16,4,6,4,4,8,42
7229,7237,2,5,16,4,14,4,4,4,24
7529,7537,2,5,16,4,12,12,4,8,20
10589,10597,5,6,16,8,12,12,4,8,12
12269,12277,2,4,16,4,20,4,12,6,36
12569,12577,2,5,16,4,12,12,4,6,24
13469,13477,2,5,16,4,12,8,4,18,12
21269,21277,2,5,16,4,8,8,8,12,24
21569,21577,3,3,16,8,6,16,16,6,32
22709,22717,2,3,16,4,16,8,8,16,18
23189,23197,2,5,16,4,16,8,4,4,12
24329,24337,2,4,16,4,24,4,8,8,45
26309,26317,2,4,16,4,32,12,8,8,36
26489,26497,2,5,16,4,12,4,8,8,48
27329,27337,2,4,16,4,6,6,8,16,32
29009,29017,2,5,16,4,6,8,8,8,48
31469,31477,2,4,16,4,20,12,4,6,24
32069,32077,2,3,16,4,16,4,16,6,42
32789,32797,2,5,16,6,8,8,8,8,18
38729,38737,4,5,16,8,12,4,8,8,30
39089,39097,2,5,16,8,12,8,8,8,32
39209,39217,2,4,16,4,6,6,8,16,40
42689,42697,2,4,16,4,12,16,4,4,24
44789,44797,2,4,16,4,16,20,4,12,12
45329,45337,6,4,16,8,12,16,8,4,16
47129,47137,2,5,16,4,6,6,4,8,24
48809,48817,5,5,16,8,6,8,4,8,40
49109,49117,2,3,16,4,16,16,8,16,12
50069,50077,4,4,16,8,16,4,4,6,36
55829,55837,2,4,16,4,16,8,4,8,48
56369,56377,2,3,16,4,12,16,8,16,48
57389,57397,2,5,16,4,20,12,4,8,12
59369,59377,2,5,16,4,6,10,8,12,20
68909,68917,2,3,16,4,20,24,4,16,12
70229,70237,5,5,16,8,8,8,4,8,18
70529,70537,2,4,16,4,24,12,4,4,16
70709,70717,2,5,16,4,8,14,8,4,24
71429,71437,2,4,16,4,8,6,16,16,12
74189,74197,5,4,16,6,10,8,4,16,30
77369,77377,2,4,16,6,18,6,8,8,56
79769,79777,2,4,16,4,36,4,4,6,36
80309,80317,6,5,16,12,8,8,8,4,36
88169,88177,2,4,16,4,24,12,4,6,40
91229,91237,2,4,16,4,12,16,24,8,12
92369,92377,2,5,16,4,12,8,4,8,24
93629,93637,2,4,16,4,56,12,4,8,45
105509,105517,2,4,16,4,24,4,4,8,24
110909,110917,2,5,16,4,14,8,4,8,48
115589,115597,2,5,16,8,8,8,8,8,54
120569,120577,4,4,16,8,12,6,12,24,36
123989,123997,2,4,16,4,16,12,16,4,12
128669,128677,2,4,16,4,12,18,24,6,12
130469,130477,2,3,16,8,16,24,8,12,24
132689,132697,5,4,16,8,18,8,4,4,48
138629,138637,2,3,16,4,32,8,4,16,18
139169,139177,2,5,16,4,12,8,8,12,24
141629,141637,2,5,16,4,14,6,8,8,48
141689,141697,2,4,16,6,6,8,16,8,64
142529,142537,2,5,16,4,12,8,8,8,16
143609,143617,2,4,16,4,24,14,4,4,72
143669,143677,5,5,16,8,8,8,4,12,36
146309,146317,2,5,16,8,8,8,12,8,24
146669,146677,6,3,16,8,20,12,16,6,24
147089,147097,2,4,16,4,12,4,4,16,40
149069,149077,2,3,16,4,40,16,8,12,36
154409,154417,3,4,16,8,6,32,8,8,20
155009,155017,2,3,16,4,24,8,8,16,24
163109,163117,2,3,16,4,8,4,16,16,36
163469,163477,5,4,16,12,20,8,4,12,36
167429,167437,5,4,16,8,8,24,4,4,18
169769,169777,4,5,16,8,6,4,8,6,50
175829,175837,2,4,16,4,16,12,4,16,12
179429,179437,2,4,16,4,16,6,8,8,24
183389,183397,2,3,16,4,24,24,8,8,48
187409,187417,6,5,16,8,6,8,8,4,48
189509,189517,2,4,16,4,8,8,16,8,24
190829,190837,2,4,16,4,10,4,16,4,60
206069,206077,2,4,16,4,8,12,32,6,24
215309,215317,2,5,16,4,10,8,8,4,18
220529,220537,2,4,16,4,12,16,8,8,32
222329,222337,2,4,16,4,24,8,8,8,48
224309,224317,2,3,16,4,16,4,8,32,48
224669,224677,2,3,16,4,48,4,4,24,27
224969,224977,2,5,16,4,12,12,8,6,40
225689,225697,2,3,16,4,12,16,20,4,24
226769,226777,2,3,16,4,36,16,8,12,32
227489,227497,2,4,16,4,6,24,8,8,16
230969,230977,4,4,16,8,24,4,8,6,42
240509,240517,2,3,16,4,16,16,8,8,48
241169,241177,5,5,16,8,6,12,4,12,32
241589,241597,2,4,16,4,32,8,8,8,24
242789,242797,2,4,16,4,32,12,16,12,12
246569,246577,2,4,16,6,6,6,16,12,40
248789,248797,2,3,16,8,16,8,16,8,18
252869,252877,2,3,16,4,16,6,8,24,24
270209,270217,4,4,16,8,12,4,8,16,48
270329,270337,2,4,16,4,12,18,8,8,56
276629,276637,2,5,16,4,16,12,8,8,12
277169,277177,2,3,16,4,24,24,4,6,16
279329,279337,2,4,16,4,6,12,8,16,32
284369,284377,2,3,16,4,24,12,8,24,48
288689,288697,3,3,16,8,6,6,16,16,32
289469,289477,5,5,16,8,14,8,4,6,72
295769,295777,3,4,16,16,6,8,8,6,72
296129,296137,2,5,16,4,12,4,8,8,40
308129,308137,2,3,16,4,24,24,4,4,32
309629,309637,6,4,16,12,32,8,8,4,48
313589,313597,2,4,16,4,8,16,4,8,36
313889,313897,2,5,16,4,12,6,12,8,64
316769,316777,3,5,16,12,6,12,8,6,32
325769,325777,2,5,16,4,12,12,8,12,40
331769,331777,2,3,16,4,36,16,4,12,65
337529,337537,2,4,16,8,12,8,8,24,48
344909,344917,2,4,16,6,10,8,16,8,72
348629,348637,4,4,16,8,8,6,32,12,24
349709,349717,2,3,16,8,20,36,8,8,24
357809,357817,5,4,16,8,24,12,4,4,32
357989,357997,2,3,16,4,16,8,24,16,12
359129,359137,2,4,16,4,6,8,8,16,72
363569,363577,2,4,16,4,12,24,4,6,16
372629,372637,2,4,16,4,16,8,4,4,36
380909,380917,2,3,16,4,40,8,8,16,24
393629,393637,5,4,16,8,12,16,4,16,12
401909,401917,2,5,16,4,16,6,8,8,12
404969,404977,2,3,16,4,12,16,16,12,80
408809,408817,3,4,16,12,6,16,8,8,60
414209,414217,4,5,16,8,6,4,8,8,48
417089,417097,2,3,16,4,18,8,8,16,32
422129,422137,2,5,16,4,6,8,4,12,96
425189,425197,2,4,16,4,8,4,24,8,48
425309,425317,2,3,16,4,12,24,8,24,36
432569,432577,2,3,16,4,18,8,8,24,42
438869,438877,2,4,16,4,32,4,4,8,36
442229,442237,2,2,16,4,32,16,16,8,24
442769,442777,2,3,16,8,24,24,8,12,32
443909,443917,2,4,16,4,16,8,4,8,72
444929,444937,2,3,16,4,12,12,16,16,16
448169,448177,2,3,16,8,12,20,8,24,20
453209,453217,2,4,16,4,12,12,8,16,24
455969,455977,2,3,16,4,24,8,8,24,32
458309,458317,5,3,16,8,16,8,4,16,36
459929,459937,2,4,16,4,12,8,8,16,36
461309,461317,4,3,16,8,40,6,16,8,24
464909,464917,2,2,16,4,30,16,4,16,48
469229,469237,2,5,16,4,10,12,16,8,12
472469,472477,2,4,16,4,64,20,8,6,12
490829,490837,2,5,16,4,10,32,4,8,12
494609,494617,2,3,16,4,6,16,8,24,32
504929,504937,6,4,16,8,6,24,8,4,24
511409,511417,2,3,16,8,24,20,8,8,24
517169,517177,2,3,16,4,6,16,32,12,48
518729,518737,2,5,16,4,12,6,8,8,40
519989,519997,2,3,16,4,32,8,8,16,24
521309,521317,2,4,16,6,24,8,8,8,30
545429,545437,2,2,16,4,16,16,4,16,36
547529,547537,2,4,16,4,6,16,8,4,80
564089,564097,3,3,16,8,6,12,16,16,64
569189,569197,4,2,16,16,24,8,8,16,36
581369,581377,5,4,16,12,24,12,8,8,36
583229,583237,2,3,16,8,28,8,16,8,36
583409,583417,2,3,16,4,12,4,16,16,64
592589,592597,2,4,16,4,80,8,8,8,60
600689,600697,4,3,16,24,12,4,4,16,56
601889,601897,2,4,16,4,6,6,8,16,32
603209,603217,4,4,16,16,12,8,8,8,60
604829,604837,2,3,16,4,24,4,4,16,36
610409,610417,2,4,16,4,12,8,16,8,60
611969,611977,3,4,16,8,6,12,8,24,32
613289,613297,2,3,16,4,24,4,16,8,30
616529,616537,6,3,16,8,24,8,16,4,24
618329,618337,5,4,16,6,48,8,4,4,72
620429,620437,6,3,16,8,20,16,8,4,24
632669,632677,4,4,16,8,24,6,8,6,24
634169,634177,5,4,16,8,48,8,4,6,56
634709,634717,4,4,16,8,32,4,8,4,36
636809,636817,5,4,16,8,24,12,4,4,20
639689,639697,2,2,16,4,18,24,8,16,20
644789,644797,5,4,16,6,8,16,4,4,18
646889,646897,2,4,16,4,12,32,8,4,20
647609,647617,2,3,16,8,24,12,8,16,28
653969,653977,2,3,16,4,24,8,8,24,48
661109,661117,2,2,16,4,16,24,4,16,24
661889,661897,2,2,16,4,36,16,8,16,48
662789,662797,2,2,16,4,16,4,16,16,72
664589,664597,2,3,16,4,20,8,16,8,18
676289,676297,4,5,16,8,12,4,8,8,64
682229,682237,6,4,16,8,16,8,8,4,24
684329,684337,2,3,16,4,24,12,12,16,40
689789,689797,2,1,16,8,32,16,16,16,30
705269,705277,4,4,16,8,16,4,4,6,72
706109,706117,5,4,16,8,56,12,4,4,36
706829,706837,2,3,16,6,20,16,8,8,48
707789,707797,2,3,16,4,20,8,4,16,18
712409,712417,3,3,16,16,6,12,16,8,48
714029,714037,2,3,16,4,20,6,8,16,24
714569,714577,3,3,16,16,6,6,16,12,20
720869,720877,2,2,16,4,16,8,32,16,24
726689,726697,2,4,16,4,12,24,8,8,24
731729,731737,4,4,16,32,6,4,8,4,24
733169,733177,6,3,16,8,24,8,16,6,48
734189,734197,2,3,16,4,10,18,4,16,48
748589,748597,2,4,16,4,40,6,16,8,12
749129,749137,2,4,16,4,12,48,8,4,20
752189,752197,5,3,16,16,56,16,4,4,12
757409,757417,2,5,16,4,6,12,8,4,64
759029,759037,5,1,16,16,16,36,8,16,24
760289,760297,5,4,16,8,12,16,4,8,32
763409,763417,2,4,16,4,24,8,4,8,48
767309,767317,2,3,16,4,80,10,4,16,24
769289,769297,2,5,16,6,6,12,8,8,80
771509,771517,4,3,16,8,32,4,16,4,36
778529,778537,2,2,16,4,18,16,16,4,48
780869,780877,5,5,16,8,8,8,4,8,36
782489,782497,5,3,16,8,12,16,4,16,144
783329,783337,2,4,16,4,24,6,8,8,32
787469,787477,2,3,16,4,40,12,32,12,24
787529,787537,4,4,16,8,24,4,8,8,40
791789,791797,5,4,16,24,40,6,4,4,12
793769,793777,2,5,16,4,12,8,4,6,40
804989,804997,2,4,16,4,32,8,8,8,36
807089,807097,5,3,16,8,48,24,4,8,16
807629,807637,2,4,16,4,20,12,4,4,48
807809,807817,2,5,16,4,6,10,12,4,32
808589,808597,2,4,16,4,20,8,8,8,24
811289,811297,3,5,16,8,6,12,8,8,60
813209,813217,2,5,16,8,12,8,8,8,48
813269,813277,2,3,16,4,16,8,16,6,72
817769,817777,3,4,16,8,6,8,16,12,50
818969,818977,2,3,16,4,24,6,12,24,48
820109,820117,6,4,16,8,10,16,8,4,72
823709,823717,2,4,16,4,12,16,8,4,48
834269,834277,2,2,16,6,36,24,12,24,24
838589,838597,5,4,16,8,14,48,4,8,24
842969,842977,2,3,16,4,36,16,8,12,36
850529,850537,4,4,16,8,6,4,8,16,24
852989,852997,4,3,16,8,66,6,8,16,24
862769,862777,3,4,16,16,6,8,8,6,48
874109,874117,4,3,16,6,16,4,8,16,18
879089,879097,2,4,16,4,24,10,8,8,16
888989,888997,2,3,16,8,24,24,8,8,24
902669,902677,5,5,16,16,10,6,4,6,12
905909,905917,2,3,16,4,24,24,4,4,24
907229,907237,4,4,16,8,12,4,4,24,72
908129,908137,2,5,16,4,12,4,8,8,24
916169,916177,4,4,16,8,12,6,16,12,20
931529,931537,2,4,16,4,48,4,8,8,30
939989,939997,2,4,16,4,8,4,8,16,18
941609,941617,2,4,16,4,12,16,8,4,60
945929,945937,6,4,16,8,12,8,32,4,30
951689,951697,6,3,16,8,24,8,16,4,40
953969,953977,4,4,16,16,12,6,8,12,16
954509,954517,2,2,16,4,30,24,16,8,24
955469,955477,2,4,16,4,40,8,8,6,36
955769,955777,2,4,16,4,6,32,8,6,64
961769,961777,2,3,16,4,24,4,8,24,30
964289,964297,6,4,16,8,12,8,16,4,48
972329,972337,2,2,16,4,24,6,16,16,40
976109,976117,5,6,16,8,10,6,4,12,12
978269,978277,2,3,16,4,24,12,16,12,24
981569,981577,2,4,16,4,12,12,8,24,24
990389,990397,2,3,16,4,32,4,16,8,72
995369,995377,4,4,16,8,24,6,8,8,40
1002809,1002817,2,4,16,4,6,24,8,8,42
1007309,1007317,2,3,16,4,20,4,32,8,30
1014869,1014877,3,1,16,16,8,16,16,16,24
1029569,1029577,6,3,16,8,36,12,16,6,16
1030529,1030537,2,3,16,4,12,16,8,16,64
1036109,1036117,5,3,16,8,60,16,4,8,36
1037489,1037497,5,4,16,12,12,12,4,16,32
1039469,1039477,2,3,16,4,20,20,4,6,36
1044209,1044217,2,3,16,4,24,8,16,4,24
1045229,1045237,2,4,16,4,10,24,8,16,12
1048829,1048837,6,5,16,8,36,6,8,4,12
1049429,1049437,6,3,16,8,16,36,8,4,60
1060589,1060597,4,4,16,8,20,4,4,8,36
1065209,1065217,5,5,16,6,12,12,4,4,72
1065269,1065277,6,3,16,8,16,16,8,6,36
1065809,1065817,2,5,16,4,12,8,4,8,48
1067789,1067797,2,3,16,4,20,8,16,12,24
1070309,1070317,2,3,16,4,16,8,16,4,36
1076069,1076077,4,3,16,8,16,4,8,48,36
1079069,1079077,2,6,16,4,12,12,8,12,12
1082189,1082197,5,3,16,8,20,16,4,8,36
1090589,1090597,2,2,16,4,24,18,8,16,24
1103009,1103017,4,3,16,32,12,6,16,8,16
1106129,1106137,2,4,16,4,24,8,4,4,48
1107929,1107937,6,5,16,8,12,8,8,4,36
1109189,1109197,2,4,16,4,32,4,4,8,36
1118189,1118197,2,3,16,8,20,8,32,8,36
1118309,1118317,5,3,16,8,16,32,4,8,24
1119389,1119397,2,5,16,8,12,16,8,8,12
1121369,1121377,2,2,16,4,24,24,16,8,24
1124789,1124797,2,3,16,4,16,8,32,12,24
1125209,1125217,2,3,16,4,24,8,4,16,36
1129889,1129897,4,4,16,6,12,4,16,8,32
1153589,1153597,2,4,16,4,16,12,12,4,24
1153769,1153777,2,4,16,4,12,12,8,24,60
1157069,1157077,5,4,16,8,20,8,4,12,18
1160309,1160317,2,3,16,8,16,16,8,8,36
1167689,1167697,4,5,16,8,6,4,8,8,100
1185329,1185337,4,5,16,8,12,4,8,4,48
1191089,1191097,5,3,16,16,36,8,4,8,48
1193729,1193737,6,3,16,16,24,6,8,4,16
1197029,1197037,2,3,16,4,8,8,16,16,36
1200929,1200937,3,4,16,8,6,16,8,8,32
1203809,1203817,6,5,16,8,6,12,8,4,16
1217309,1217317,4,4,16,8,24,6,8,8,24
1222769,1222777,2,4,16,8,12,8,16,12,96
1240709,1240717,2,5,16,8,32,12,8,8,12
1248329,1248337,2,5,16,4,6,8,8,8,30
1258409,1258417,3,3,16,16,6,16,8,8,50
1258589,1258597,2,2,16,4,24,16,8,24,18
1260569,1260577,4,4,16,6,12,4,24,6,48
1269929,1269937,2,3,16,4,6,24,16,4,30
1273109,1273117,2,3,16,4,16,24,8,4,24
1275269,1275277,2,4,16,4,16,6,48,12,12
1280309,1280317,2,4,16,4,16,8,16,8,12
1281089,1281097,6,5,16,8,6,8,8,4,48
1282109,1282117,2,3,16,4,56,24,4,4,36
1282289,1282297,2,2,16,4,24,24,16,8,48
1288109,1288117,2,4,16,4,60,8,4,12,24
1295309,1295317,2,2,16,4,20,8,16,24,36
1312769,1312777,2,4,16,4,12,16,8,6,24
1316009,1316017,2,4,16,4,12,4,32,8,120
1319729,1319737,2,3,16,4,24,12,16,8,32
1319909,1319917,6,3,16,8,32,36,8,4,24
1322129,1322137,2,3,16,4,24,4,16,8,32
1326089,1326097,4,4,16,8,6,4,32,8,30
1331489,1331497,5,3,16,16,6,12,4,16,24
1332509,1332517,2,5,16,8,12,24,8,8,12
1343669,1343677,2,5,16,4,16,6,4,12,12
1346369,1346377,2,4,16,4,6,36,8,8,16
1351829,1351837,4,3,16,12,16,8,16,8,24
1362989,1362997,2,4,16,4,20,4,4,8,18
1370189,1370197,2,4,16,4,20,8,8,8,30
1379129,1379137,2,4,16,4,12,16,8,4,56
1380629,1380637,2,3,16,4,32,4,16,8,18
1381529,1381537,2,4,16,4,12,8,16,8,120
1385429,1385437,2,4,16,4,32,12,4,4,48
1387109,1387117,2,2,16,8,16,16,16,8,36
1398569,1398577,2,3,16,4,24,32,4,12,20
1404569,1404577,4,4,16,8,12,4,16,12,36
1411769,1411777,2,3,16,4,12,16,16,12,112
1421669,1421677,2,2,16,4,32,16,4,24,72
1439429,1439437,2,5,16,4,16,6,4,4,12
1446629,1446637,2,2,16,4,32,16,16,12,24
1453469,1453477,2,5,16,8,24,12,8,12,12
1453889,1453897,2,3,16,4,24,8,16,8,64
1460369,1460377,2,4,16,4,12,8,4,16,32
1469189,1469197,2,2,16,4,16,12,24,16,36
1471289,1471297,2,4,16,6,6,6,8,16,56
1475129,1475137,5,5,16,8,6,8,4,12,84
1494029,1494037,2,5,16,8,10,8,8,8,36
1510889,1510897,2,2,16,8,18,20,16,8,20
1515809,1515817,3,4,16,8,6,8,8,24,48
1521209,1521217,4,4,16,8,36,4,4,8,84
1525709,1525717,6,3,16,8,20,24,8,4,60
1528529,1528537,2,4,16,4,12,6,32,8,16
1537169,1537177,2,3,16,4,48,12,16,6,32
1537889,1537897,2,3,16,4,6,32,8,16,32
1549409,1549417,4,3,16,8,36,6,16,8,32
1557389,1557397,4,4,16,12,40,4,4,8,18
1561529,1561537,2,3,16,4,36,8,32,8,42
1567109,1567117,4,3,16,16,32,4,4,8,36
1567469,1567477,2,4,16,4,10,8,4,36,18
1570889,1570897,4,4,16,6,6,4,16,8,30
1573709,1573717,2,3,16,4,20,12,16,32,12
1587569,1587577,2,2,16,4,36,16,4,24,32
1593029,1593037,5,3,16,8,16,8,4,16,72
1595189,1595197,4,3,16,6,8,4,16,24,36
1601309,1601317,2,3,16,4,24,8,24,8,24
1605209,1605217,2,3,16,8,12,12,16,16,48
1606529,1606537,2,4,16,4,12,4,8,16,48
1610789,1610797,5,3,16,16,16,8,4,8,24
1616429,1616437,5,4,16,8,10,32,4,8,36
1617809,1617817,2,3,16,4,24,10,16,8,16
1618769,1618777,3,4,16,8,6,8,16,12,24
1628309,1628317,2,3,16,4,16,4,8,24,24
1637429,1637437,2,4,16,4,8,36,4,16,12
1645529,1645537,2,3,16,4,24,12,8,16,48
1649369,1649377,3,2,16,8,6,16,16,40,96
1650629,1650637,2,4,16,4,32,4,8,8,36
1652369,1652377,2,4,16,4,6,16,8,8,48
1654889,1654897,5,5,16,8,12,6,4,8,40
1656869,1656877,2,2,16,4,16,12,16,20,72
1660289,1660297,2,4,16,4,6,6,8,32,64
1661969,1661977,4,4,16,8,24,4,8,12,48
1665869,1665877,2,2,16,6,20,32,16,8,24
1666409,1666417,2,3,16,4,24,20,8,4,40
1672889,1672897,2,3,16,4,24,20,8,8,28
1679009,1679017,2,4,16,6,6,24,8,12,16
1683029,1683037,2,3,16,4,16,8,16,8,18
1688069,1688077,4,3,16,12,16,4,16,6,36
1694369,1694377,4,5,16,12,12,8,8,10,48
1695809,1695817,2,4,16,4,12,16,8,12,40
1700609,1700617,4,4,16,8,24,6,8,8,32
1702409,1702417,2,2,16,4,6,24,32,16,40
1709489,1709497,4,4,16,8,12,4,4,16,24
1715729,1715737,2,4,16,4,12,12,4,24,64
1715789,1715797,5,4,16,8,40,12,4,8,24
1717229,1717237,2,3,16,4,30,8,8,16,18
1719869,1719877,6,1,16,16,56,20,16,8,24
1727129,1727137,4,3,16,8,24,4,16,8,48
1729229,1729237,5,4,16,16,40,12,8,8,12
1732109,1732117,2,3,16,4,20,12,4,24,48
1739189,1739197,2,4,16,4,32,8,4,8,18
1741469,1741477,2,4,16,4,12,8,16,12,48
1748129,1748137,3,4,16,16,6,12,8,8,48
1769909,1769917,4,4,16,8,8,6,8,16,24
1774769,1774777,5,3,16,8,24,48,4,6,32
1775009,1775017,2,4,16,4,6,8,8,16,48
1776989,1776997,2,3,16,4,24,8,16,8,36
1781309,1781317,5,4,16,8,28,8,4,4,18
1788629,1788637,2,4,16,4,32,48,8,4,12
1791689,1791697,2,4,16,4,24,8,8,8,40
1800389,1800397,2,4,16,4,32,8,8,8,36
1801109,1801117,2,3,16,4,16,4,16,4,72
1801229,1801237,2,4,16,4,10,12,16,8,24
1803089,1803097,2,5,16,4,12,4,4,8,48
1804469,1804477,2,4,16,4,16,18,12,12,12
1806689,1806697,2,2,16,4,18,16,4,16,48
1815809,1815817,2,4,16,4,12,6,32,8,16
1826969,1826977,5,4,16,8,24,12,4,6,24
1832969,1832977,2,4,16,8,12,8,48,12,40
1834229,1834237,4,4,16,8,16,4,4,8,18
1846289,1846297,2,4,16,4,24,4,4,8,24
1846769,1846777,2,4,16,4,6,8,4,24,16
1851089,1851097,2,4,16,4,6,10,16,8,64
1851869,1851877,2,3,16,4,24,16,4,10,48
1859609,1859617,5,4,16,8,12,16,4,8,72
1866569,1866577,2,5,16,8,12,12,8,12,40
1875989,1875997,2,3,16,4,8,16,8,16,54
1879589,1879597,4,4,16,12,64,8,8,8,36
1890869,1890877,2,2,16,4,16,6,16,16,96
1893929,1893937,2,3,16,4,18,6,8,16,80
1897229,1897237,4,3,16,12,20,8,16,8,48
1907309,1907317,4,3,16,12,20,8,8,16,18
1908209,1908217,4,4,16,8,12,4,16,8,48
1909769,1909777,2,4,16,4,12,12,8,18,40
1910669,1910677,5,6,16,8,10,6,4,12,12
1910729,1910737,2,5,16,4,12,8,8,8,40
1941509,1941517,2,3,16,8,8,16,8,16,24
1943429,1943437,2,2,16,8,16,10,16,16,24
1946369,1946377,5,3,16,8,12,24,4,16,32
1953569,1953577,2,4,16,4,12,4,16,12,48
1959689,1959697,6,3,16,8,48,8,16,4,60
1966889,1966897,2,5,16,4,12,8,4,8,80
1967369,1967377,2,3,16,4,24,12,16,8,40
1977809,1977817,2,5,16,4,12,6,8,8,32
1981409,1981417,2,4,16,4,12,18,4,8,16
1984109,1984117,2,3,16,4,20,24,8,16,12
1996229,1996237,2,4,16,4,32,8,4,8,54
1997129,1997137,2,4,16,4,6,8,8,16,100
2008289,2008297,2,4,16,4,24,8,8,8,24
2008469,2008477,2,4,16,8,8,8,8,24,30
2015669,2015677,6,2,16,8,32,16,16,6,72
2021729,2021737,2,2,16,4,12,32,16,16,16
2022869,2022877,2,2,16,4,16,16,32,8,36
2025689,2025697,2,4,16,4,6,6,8,16,24
2027309,2027317,4,5,16,8,40,6,8,8,12
2032769,2032777,2,4,16,8,24,8,8,12,40
2036009,2036017,2,5,16,4,12,8,4,4,50
2037029,2037037,2,3,16,4,16,6,16,48,12
2039789,2039797,6,3,16,16,10,16,8,4,96
2043329,2043337,2,3,16,4,24,8,8,16,32
2054189,2054197,2,3,16,4,20,4,4,32,36
2059769,2059777,4,3,16,16,36,8,8,12,80
2061869,2061877,5,4,16,12,20,24,8,10,12
2062289,2062297,4,4,16,8,12,4,8,16,24
2067269,2067277,2,4,16,4,16,12,8,12,24
2081369,2081377,2,5,16,4,12,12,8,8,120
2083709,2083717,4,4,16,8,32,4,4,8,18
2083889,2083897,2,5,16,4,12,8,8,8,48
2100269,2100277,2,4,16,4,10,16,8,6,24
2104169,2104177,2,5,16,4,12,12,8,12,40
2107109,2107117,5,3,16,8,32,16,4,4,72
2109269,2109277,2,3,16,4,24,8,8,24,36
2120009,2120017,2,3,16,4,12,20,16,4,40
2121869,2121877,2,2,16,4,40,16,4,24,72
2125229,2125237,2,3,16,4,20,12,8,16,48
2134409,2134417,2,4,16,4,24,6,4,8,40
2135729,2135737,2,2,16,8,12,16,16,16,24
2138789,2138797,2,2,16,4,16,16,16,8,54
2145089,2145097,4,4,16,8,6,4,16,12,32
2150969,2150977,2,5,16,4,6,12,8,12,56
2151329,2151337,5,3,16,16,12,32,4,4,64
2156009,2156017,6,5,16,8,6,6,8,4,20
2156369,2156377,3,4,16,8,6,6,8,16,16
2157269,2157277,2,4,16,4,16,10,12,6,48
2161409,2161417,2,3,16,4,12,24,16,8,16
2169389,2169397,5,3,16,8,20,16,4,8,48
2181209,2181217,2,4,16,4,24,6,8,8,24
2202989,2202997,2,2,16,6,20,24,16,8,24
2216309,2216317,2,4,16,4,32,24,8,4,12
2216909,2216917,2,4,16,8,20,8,8,8,48
2222309,2222317,5,5,16,8,8,8,4,4,60
2230589,2230597,5,4,16,8,56,8,4,8,18
2244929,2244937,2,4,16,4,12,6,4,40,32
2256689,2256697,3,3,16,8,6,8,16,24,48
2269769,2269777,2,3,16,8,24,24,8,12,20
2270669,2270677,3,2,16,16,10,30,16,24,12
2278109,2278117,4,5,16,8,12,4,8,8,18
2298089,2298097,6,3,16,8,24,8,16,4,30
2301989,2301997,2,5,16,4,64,8,8,8,12
2302709,2302717,6,3,16,8,16,12,16,4,48
2303129,2303137,2,4,16,4,18,8,8,4,72
2310689,2310697,5,2,16,16,12,24,8,16,48
2319509,2319517,2,2,16,4,16,24,12,16,30
2319689,2319697,4,4,16,12,12,4,12,16,60
2321309,2321317,6,4,16,8,48,8,8,4,36
2327729,2327737,4,4,16,8,12,6,8,16,16
2328509,2328517,2,4,16,4,14,16,8,8,36
2331929,2331937,3,5,16,8,6,8,8,8,48
2339969,2339977,2,3,16,4,6,12,48,24,16
2345009,2345017,2,4,16,4,12,12,32,8,32
2347229,2347237,5,5,16,6,12,8,4,8,36
2349329,2349337,2,3,16,8,12,24,8,16,48
2355329,2355337,5,4,16,8,36,8,4,8,24
2366789,2366797,5,4,16,8,32,32,4,8,12
2368229,2368237,2,4,16,4,16,12,8,4,96
2373089,2373097,6,5,16,8,6,6,12,4,64
2388629,2388637,2,4,16,4,8,16,8,4,48
2396189,2396197,6,4,16,8,24,8,8,4,48
2397209,2397217,5,4,16,8,6,24,4,8,24
2405729,2405737,2,4,16,4,24,8,4,4,24
2407169,2407177,2,4,16,4,12,8,48,12,48
2411069,2411077,2,3,16,4,28,16,4,6,48
2416709,2416717,2,3,16,8,16,8,8,16,30
2419709,2419717,2,3,16,4,44,10,8,16,24
2422829,2422837,2,1,16,4,20,16,16,16,72
2423489,2423497,2,5,16,6,6,8,8,8,32
2425469,2425477,2,3,16,4,32,12,4,24,24
2425889,2425897,2,4,16,8,18,8,8,8,64
2431409,2431417,4,4,16,8,12,6,8,16,32
2435189,2435197,4,3,16,8,32,6,16,16,12
2450009,2450017,6,4,16,8,12,8,16,4,72
2460629,2460637,2,3,16,8,32,24,8,8,18
2466509,2466517,2,4,16,4,10,48,8,8,48
2474489,2474497,2,4,16,4,12,8,16,4,80
2486669,2486677,5,3,16,6,20,32,4,12,24
2498009,2498017,2,4,16,8,12,16,8,8,24
2503469,2503477,2,4,16,4,10,16,8,12,36
2507909,2507917,2,5,16,4,16,12,8,8,12
2508269,2508277,2,3,16,4,40,8,4,24,24
2512109,2512117,2,4,16,8,10,8,16,12,36
2524289,2524297,5,5,16,8,12,12,4,8,64
2535089,2535097,2,3,16,8,24,24,8,8,32
2537669,2537677,2,4,16,4,8,8,8,24,24
2543609,2543617,2,4,16,4,24,4,4,8,104
2558909,2558917,5,5,16,8,14,8,4,8,18
2563409,2563417,2,4,16,4,6,8,16,4,24
2571329,2571337,3,4,16,8,6,8,8,24,48
2575289,2575297,2,3,16,4,18,12,16,8,84
2579729,2579737,5,4,16,8,6,24,4,8,32
2585129,2585137,2,3,16,4,24,6,4,16,20
2590589,2590597,2,3,16,4,32,16,4,8,72
2600309,2600317,6,2,16,16,32,8,16,4,24
2611229,2611237,4,3,16,8,24,6,8,16,24
2631029,2631037,2,4,16,4,24,12,8,8,24
2632169,2632177,2,4,16,4,6,8,8,36,60
2636609,2636617,2,4,16,8,24,12,8,8,16
2648669,2648677,2,2,16,8,24,16,16,12,24
2682509,2682517,2,4,16,4,40,12,4,32,12
2694569,2694577,5,4,16,8,6,32,4,12,40
2697689,2697697,5,4,16,6,12,8,4,48,144
2706089,2706097,2,3,16,4,6,24,32,8,20
2715329,2715337,2,5,16,4,6,4,8,12,64
2723789,2723797,6,2,16,16,40,8,16,4,36
2733869,2733877,2,3,16,4,60,4,32,8,18
2751989,2751997,2,3,16,8,16,12,32,8,72
2759909,2759917,5,2,16,16,32,20,4,8,48
2774669,2774677,2,4,16,4,30,12,24,12,12
2778689,2778697,5,3,16,6,18,24,4,4,24
2779229,2779237,4,5,16,12,12,4,8,8,18
2783009,2783017,4,3,16,16,12,4,16,8,24
2789609,2789617,2,3,16,4,24,8,8,16,40
2791589,2791597,6,4,16,6,8,24,16,4,12
2794529,2794537,2,4,16,4,24,8,4,8,48
2795069,2795077,4,4,16,8,56,4,12,12,18
2806589,2806597,2,4,16,4,14,4,16,12,48
2818229,2818237,2,3,16,4,16,20,4,12,24
2823269,2823277,2,4,16,4,8,18,4,48,12
2834309,2834317,2,2,16,4,16,8,16,16,36
2844329,2844337,4,4,16,16,12,6,8,8,40
2847209,2847217,2,4,16,4,12,24,4,8,40
2862569,2862577,3,3,16,8,6,16,16,12,60
2867429,2867437,5,4,16,12,8,16,4,4,72
2872409,2872417,2,4,16,4,12,12,4,32,24
2884109,2884117,2,3,16,4,40,16,4,8,24
2889869,2889877,2,3,16,4,10,18,8,16,24
2892569,2892577,4,4,16,8,18,6,8,12,48
2909369,2909377,2,3,16,4,6,4,16,36,42
2910209,2910217,2,3,16,8,12,24,8,16,16
2911169,2911177,2,4,16,4,24,4,8,6,24
2915309,2915317,2,3,16,4,40,8,16,8,36
2921189,2921197,5,3,16,16,16,24,8,8,12
2923589,2923597,2,4,16,4,64,4,4,4,36
2948909,2948917,2,2,16,4,20,16,16,4,24
2948969,2948977,2,3,16,4,12,16,16,6,30
2949629,2949637,2,3,16,4,40,6,8,16,48
2955209,2955217,5,4,16,8,24,6,4,8,80
2966009,2966017,4,4,16,8,12,6,16,8,40
2980469,2980477,2,3,16,4,24,8,24,12,30
2985809,2985817,2,2,16,8,24,12,16,16,32
2986769,2986777,2,4,16,4,12,4,16,12,48
2987429,2987437,2,3,16,4,24,6,4,16,24
2994869,2994877,3,3,16,12,8,16,8,32,36
2998829,2998837,2,2,16,4,40,4,16,16,24
3011369,3011377,5,4,16,8,24,12,4,8,40
3015689,3015697,4,5,16,8,12,6,8,8,20
3018629,3018637,3,4,16,16,8,8,8,8,36
3032669,3032677,2,4,16,4,12,8,4,24,36
3033509,3033517,2,3,16,4,8,24,16,8,48
3039989,3039997,3,5,16,12,8,12,8,8,24
3047189,3047197,2,4,16,8,16,8,8,8,24
3048329,3048337,4,5,16,8,12,4,8,8,30
3056069,3056077,2,2,16,4,16,16,16,12,24
3058889,3058897,3,2,16,16,6,12,16,32,20
3069029,3069037,5,4,16,8,32,8,4,4,48
3073529,3073537,2,4,16,4,48,4,8,8,120
3084869,3084877,2,2,16,8,32,8,16,32,18
3115109,3115117,2,4,16,4,64,8,8,4,18
3118889,3118897,4,4,16,8,48,4,4,12,90
3123209,3123217,5,5,16,12,6,8,4,4,90
3130409,3130417,2,2,16,4,12,16,24,16,30
3131489,3131497,2,4,16,4,36,4,4,8,96
3135389,3135397,2,3,16,8,24,24,8,8,24
3140309,3140317,2,2,16,4,24,24,16,4,24
3153209,3153217,2,4,16,4,12,12,8,16,56
3156809,3156817,5,3,16,8,24,24,4,8,40
3160769,3160777,2,3,16,4,12,24,4,18,64
3161009,3161017,2,3,16,8,12,8,16,16,48
3178289,3178297,2,4,16,4,12,8,16,4,48
3180929,3180937,2,4,16,4,6,18,4,8,32
3188369,3188377,2,2,16,4,24,8,16,16,64
3204689,3204697,2,3,16,4,24,6,4,16,64
3205589,3205597,2,4,16,4,24,12,16,8,12
3224189,3224197,2,4,16,8,16,8,8,8,18
3232829,3232837,4,3,16,16,14,8,16,8,36
3264809,3264817,2,5,16,4,6,8,8,8,40
3280889,3280897,2,4,16,4,6,24,4,8,78
3285509,3285517,2,3,16,4,16,36,8,8,24
3313109,3313117,2,2,16,8,16,16,16,8,24
3313769,3313777,5,4,16,8,72,6,4,12,80
3323129,3323137,5,2,16,6,24,32,4,16,36
3324569,3324577,2,3,16,8,12,24,16,12,24
3327629,3327637,2,4,16,4,80,12,8,4,48
3369089,3369097,2,2,16,8,12,48,16,16,48
3370109,3370117,2,4,16,4,32,8,16,8,12
3379289,3379297,2,4,16,4,12,16,8,4,24
3391229,3391237,2,1,16,8,36,16,48,16,18
3396389,3396397,6,3,16,6,8,72,16,4,24
3412469,3412477,2,3,16,4,16,16,8,12,48
3422669,3422677,5,3,16,16,20,12,8,12,24
3427769,3427777,3,4,16,8,6,8,8,24,84
3436409,3436417,2,3,16,4,48,8,16,8,96
3438389,3438397,2,4,16,4,16,8,4,4,96
3439229,3439237,2,3,16,4,32,32,8,4,48
3440369,3440377,4,3,16,16,12,4,8,16,48
3443969,3443977,2,3,16,4,24,16,8,12,48
3444809,3444817,2,3,16,4,24,12,16,8,40
3454889,3454897,2,3,16,8,18,40,8,8,40
3457109,3457117,2,4,16,4,8,8,16,8,72
3459089,3459097,2,3,16,8,72,16,8,8,48
3471989,3471997,2,3,16,4,16,18,4,8,48
3496109,3496117,2,3,16,8,20,12,8,32,48
3496469,3496477,5,4,16,8,32,8,4,24,12
3499889,3499897,2,3,16,4,24,12,8,24,16
3507689,3507697,2,4,16,4,12,8,8,16,30
3507809,3507817,4,4,16,12,36,8,8,8,32
3516269,3516277,2,4,16,8,10,12,8,24,24
3517169,3517177,5,5,16,12,12,12,8,12,32
3526169,3526177,2,2,16,4,48,28,16,12,48
3527129,3527137,2,3,16,4,24,4,16,4,72
3531089,3531097,3,4,16,8,6,8,16,8,24
3541289,3541297,2,4,16,4,12,32,8,8,80
3547769,3547777,2,3,16,4,12,32,4,48,32
3562409,3562417,2,4,16,4,24,4,8,4,120
3564929,3564937,2,3,16,8,24,16,8,8,48
3572069,3572077,2,2,16,4,32,8,16,24,24
3577289,3577297,2,3,16,4,12,24,24,8,20
3583409,3583417,2,3,16,8,12,32,16,12,16
3586529,3586537,3,5,16,8,6,8,8,12,48
3586889,3586897,3,3,16,16,6,8,8,16,120
3588509,3588517,2,3,16,4,24,12,4,24,48
3589709,3589717,2,4,16,4,20,6,8,8,24
3599429,3599437,4,3,16,16,8,6,16,8,24
3604709,3604717,6,3,16,12,16,8,16,4,24
3606689,3606697,2,4,16,4,12,4,48,8,24
3606989,3606997,5,4,16,8,40,12,4,16,12
3615089,3615097,2,2,16,8,24,24,32,8,64
3622889,3622897,2,4,16,8,48,8,8,8,60
3623369,3623377,2,2,16,4,6,48,16,32,80
3626669,3626677,2,4,16,4,20,8,4,12,18
3633689,3633697,2,3,16,4,24,24,8,8,144
3635069,3635077,2,4,16,8,32,12,8,12,48
3648269,3648277,4,3,16,8,20,4,16,6,18
3650609,3650617,2,4,16,4,12,4,32,8,32
3652889,3652897,2,4,16,4,12,12,8,16,48
3662069,3662077,2,2,16,8,16,12,16,18,24
3668369,3668377,2,5,16,4,6,12,8,8,32
3672029,3672037,2,4,16,4,72,8,12,8,18
3675809,3675817,2,2,16,4,36,8,16,32,48
3677909,3677917,5,3,16,8,16,16,4,8,72
3681569,3681577,2,3,16,6,6,16,32,6,24
3689129,3689137,2,5,16,4,6,8,4,8,120
3695729,3695737,2,3,16,8,36,8,16,8,32
3709109,3709117,4,3,16,16,32,8,8,8,36
3731009,3731017,6,3,16,8,12,36,16,4,32
3740189,3740197,5,5,16,16,12,6,4,4,12
3743309,3743317,2,2,16,8,20,16,8,16,18
3743489,3743497,2,4,16,8,12,8,32,8,80
3756029,3756037,6,4,16,8,52,6,16,4,12
3756629,3756637,2,4,16,4,16,4,12,4,72
3777989,3777997,2,3,16,4,8,6,16,24,48
3780929,3780937,5,4,16,8,6,16,4,8,48
3781229,3781237,2,5,16,4,80,12,4,4,12
3787229,3787237,4,4,16,8,24,4,8,8,30
3789329,3789337,4,4,16,8,12,6,16,8,16
3792629,3792637,5,2,16,8,32,16,4,16,24
3799589,3799597,2,5,16,4,8,24,4,8,12
3814709,3814717,2,3,16,4,32,24,4,8,24
3818909,3818917,2,2,16,4,24,24,16,8,36
3846389,3846397,2,4,16,4,32,16,4,8,12
3851789,3851797,2,3,16,4,60,36,8,4,24
3856469,3856477,2,3,16,4,16,18,4,12,48
3863009,3863017,2,3,16,8,12,24,8,16,24
3868169,3868177,2,4,16,4,48,6,8,6,40
3870689,3870697,2,4,16,8,12,24,8,8,64
3872669,3872677,2,4,16,8,12,12,8,24,24
3875909,3875917,2,4,16,8,8,12,16,8,24
3876269,3876277,4,4,16,8,20,6,8,12,24
3898589,3898597,2,2,16,8,24,24,16,8,48
3902369,3902377,2,4,16,6,12,24,8,8,32
3910469,3910477,2,4,16,4,16,12,4,6,48
3911069,3911077,2,4,16,4,48,8,12,12,72
3914069,3914077,5,2,16,18,16,12,4,24,24
3915689,3915697,5,3,16,16,12,12,4,16,60
3937469,3937477,2,3,16,4,112,6,16,12,48
3946289,3946297,2,3,16,8,12,16,24,12,16
3946829,3946837,5,3,16,8,20,32,4,4,24
3948809,3948817,4,1,16,16,18,12,16,16,20
3955109,3955117,2,4,16,4,16,12,4,8,72
3958169,3958177,2,3,16,6,12,16,8,24,24
3963269,3963277,2,3,16,4,16,8,16,12,24
3976409,3976417,2,5,16,4,12,8,8,12,36
3981209,3981217,2,5,16,4,6,12,4,8,48
3998369,3998377,5,4,16,12,12,8,4,16,64
3999629,3999637,2,3,16,4,80,16,4,8,36
4019789,4019797,2,4,16,4,40,4,4,8,36
4021769,4021777,2,3,16,4,24,24,4,12,60
4028069,4028077,2,2,16,4,16,16,16,6,96
4037609,4037617,2,4,16,4,12,8,32,4,60
4051469,4051477,2,2,16,4,20,16,32,6,72
4063889,4063897,2,4,16,8,12,8,8,16,24
4082789,4082797,2,3,16,4,16,32,8,4,72
4084169,4084177,3,4,16,16,6,6,8,6,20
4088309,4088317,2,4,16,8,8,20,8,48,12
4089089,4089097,2,2,16,4,24,4,16,16,64
4092629,4092637,2,4,16,4,8,8,32,8,24
4096109,4096117,2,4,16,4,20,8,8,8,96
4098089,4098097,2,4,16,4,6,4,64,4,60
4114589,4114597,2,3,16,4,24,24,8,8,24
4128689,4128697,4,5,16,8,12,4,8,4,96
4143389,4143397,2,3,16,6,48,36,8,8,24
4147229,4147237,2,1,16,4,48,16,16,16,18
4152989,4152997,2,3,16,8,24,8,8,48,18
4153469,4153477,2,3,16,4,32,12,16,12,24
4156409,4156417,4,3,16,8,24,4,4,16,132
4156769,4156777,2,5,16,4,12,8,8,12,48
4157429,4157437,2,3,16,4,16,16,8,16,12
4173269,4173277,2,4,16,4,8,24,32,6,12
4178729,4178737,2,2,16,4,24,16,16,12,80
4181909,4181917,2,3,16,4,32,12,16,8,48
4185029,4185037,2,4,16,8,8,12,32,8,36
4187129,4187137,2,4,16,8,12,12,32,8,88
4194389,4194397,2,3,16,4,32,32,8,8,48
4208429,4208437,2,3,16,4,20,4,4,32,60
4218509,4218517,5,2,16,16,10,16,8,16,72
4227869,4227877,2,2,16,4,24,24,8,16,30
4236989,4236997,5,3,16,8,28,12,4,16,24
4237229,4237237,2,4,16,4,10,64,8,8,18
4248389,4248397,2,4,16,4,16,8,4,8,48
4258769,4258777,2,3,16,4,48,6,32,6,32
4263689,4263697,2,2,16,4,12,16,16,16,60
4273589,4273597,4,4,16,8,8,4,32,8,36
4287089,4287097,2,4,16,4,6,8,16,4,48
4294229,4294237,2,3,16,8,8,12,16,16,24
4308509,4308517,2,2,16,4,24,16,32,4,36
4311569,4311577,2,2,16,4,6,32,16,24,32
4333829,4333837,2,4,16,4,16,12,4,8,36
4335329,4335337,6,4,16,32,6,8,8,4,32
4341269,4341277,6,2,16,16,40,16,8,6,30
4341569,4341577,2,3,16,8,24,16,8,12,32
4350209,4350217,2,2,16,4,6,16,16,16,64
4352069,4352077,2,3,16,4,8,16,8,24,48
4355789,4355797,6,4,16,8,20,24,8,4,12
4356389,4356397,2,5,16,4,8,4,12,8,96
4361429,4361437,2,2,16,4,32,8,32,16,18
4361729,4361737,2,4,16,8,12,12,8,24,16
4363889,4363897,5,4,16,24,12,12,4,8,32
4371089,4371097,2,3,16,4,24,12,48,8,16
4373129,4373137,5,4,16,8,6,8,4,16,80
4373969,4373977,3,5,16,8,6,8,8,6,32
4379009,4379017,6,5,16,8,12,12,8,4,32
4390409,4390417,4,4,16,8,12,4,32,4,40
4392209,4392217,2,5,16,4,12,12,4,4,48
4411409,4411417,2,4,16,4,6,12,16,8,16
4418489,4418497,4,3,16,8,24,4,16,4,56
4418669,4418677,6,3,16,8,40,12,24,6,18
4418789,4418797,2,4,16,4,32,20,8,8,12
4432829,4432837,2,3,16,8,14,16,12,24,24
4434329,4434337,6,2,16,16,48,8,16,4,72
4439909,4439917,2,4,16,4,16,8,8,8,72
4450169,4450177,3,3,16,8,6,16,8,24,48
4451429,4451437,2,2,16,4,16,32,16,4,60
4463489,4463497,2,2,16,4,24,8,16,16,48
4466009,4466017,4,5,16,8,12,4,8,8,60
4470989,4470997,2,3,16,8,20,12,8,16,24
4475189,4475197,6,3,16,16,32,8,8,4,48
4481129,4481137,2,5,16,4,12,8,8,8,160
4491329,4491337,2,2,16,4,18,24,16,8,16
4498589,4498597,6,2,16,8,72,16,16,4,72
4527869,4527877,2,2,16,8,36,16,8,32,24
4541909,4541917,2,4,16,4,16,12,16,8,12
4547369,4547377,2,3,16,4,6,4,32,16,60
4548209,4548217,2,3,16,4,12,6,16,16,16
4551509,4551517,2,3,16,4,48,16,8,8,54
4555409,4555417,3,5,16,8,6,8,8,8,32
4565669,4565677,2,3,16,4,16,64,8,6,24
4566929,4566937,2,4,16,4,12,24,8,8,32
4570889,4570897,5,3,16,8,12,24,4,16,60
4583309,4583317,2,4,16,4,10,36,4,16,12
4592009,4592017,2,4,16,4,12,8,16,8,120
4594529,4594537,2,4,16,4,12,8,24,8,64
4604609,4604617,2,3,16,4,24,16,8,8,48
4612709,4612717,2,4,16,4,32,12,4,8,36
4620809,4620817,2,4,16,8,24,8,8,12,30
4632689,4632697,2,4,16,8,12,8,16,8,72
4643069,4643077,2,3,16,4,36,12,24,6,24
4646129,4646137,2,5,16,6,12,8,8,8,32
4658729,4658737,6,3,16,16,12,6,16,4,40
4661309,4661317,2,3,16,4,28,4,8,32,72
4663289,4663297,2,4,16,4,6,8,4,32,144
4673909,4673917,2,3,16,8,16,8,24,8,48
4690409,4690417,2,3,16,4,24,64,8,4,80
4703429,4703437,5,2,16,16,16,16,8,8,18
4704509,4704517,2,3,16,4,72,16,8,4,18
4717589,4717597,2,2,16,4,16,12,16,16,24
4724669,4724677,2,4,16,4,14,8,16,12,96
4725389,4725397,2,4,16,4,40,4,8,8,72
4733789,4733797,2,2,16,4,36,36,16,8,24
4734929,4734937,2,4,16,4,6,16,4,4,40
4740089,4740097,2,3,16,4,24,32,4,4,44
4752569,4752577,2,5,16,8,12,8,8,12,84
4754669,4754677,2,2,16,4,20,32,16,12,24
4762469,4762477,2,3,16,4,64,4,16,12,30
4788929,4788937,4,4,16,8,12,4,16,8,32
4793069,4793077,2,3,16,4,10,8,16,24,36
4811189,4811197,4,4,16,8,16,6,8,8,24
4812089,4812097,2,4,16,4,12,24,12,8,56
4818629,4818637,2,3,16,4,32,8,16,8,24
4840169,4840177,2,3,16,6,36,24,8,6,80
4857329,4857337,2,3,16,4,6,16,4,16,48
4863269,4863277,2,5,16,8,8,8,8,12,36
4863569,4863577,2,4,16,4,12,24,4,6,32
4868789,4868797,2,4,16,4,16,12,8,4,24
4875809,4875817,2,4,16,4,6,18,8,8,96
4876709,4876717,5,3,16,16,8,16,4,4,48
4886669,4886677,2,2,16,4,60,16,16,12,24
4891889,4891897,2,1,16,4,24,16,16,16,24
4895789,4895797,2,4,16,4,20,12,4,4,48
4909109,4909117,2,3,16,4,24,16,12,4,24
4919729,4919737,2,2,16,8,24,24,16,8,32
4922669,4922677,2,3,16,4,20,16,4,6,72
4927529,4927537,5,4,16,8,6,12,4,16,60
4928369,4928377,2,1,16,12,18,24,16,16,64
4933289,4933297,5,3,16,6,24,32,4,4,30
4955429,4955437,2,3,16,8,32,32,12,8,36
4959389,4959397,2,4,16,8,12,16,8,8,36
4973369,4973377,2,3,16,4,6,8,16,16,28
4974329,4974337,2,3,16,4,24,48,4,4,108
4980809,4980817,2,3,16,8,12,16,8,16,30
4982429,4982437,2,4,16,4,96,8,8,4,18
4988189,4988197,2,3,16,8,48,16,8,8,24
5002229,5002237,2,3,16,6,8,16,8,16,30
5011529,5011537,2,4,16,8,12,12,8,16,40
5015729,5015737,4,3,16,16,12,8,12,16,64
5019869,5019877,2,3,16,4,48,8,4,16,72
5027909,5027917,2,4,16,8,16,48,8,8,12
5037509,5037517,2,3,16,8,8,16,8,16,36
5040689,5040697,2,3,16,4,12,48,4,16,32
5062289,5062297,3,4,16,8,6,6,8,16,16
5065889,5065897,2,2,16,4,24,24,16,8,64
5070209,5070217,2,3,16,4,24,6,4,16,64
5070269,5070277,2,2,16,4,28,16,8,18,30
5080169,5080177,2,3,16,4,12,16,24,6,30
5082809,5082817,2,1,16,8,24,24,16,16,56
5089829,5089837,2,2,16,8,16,24,16,8,24
5090009,5090017,2,3,16,4,12,8,16,16,48
5102429,5102437,2,2,16,8,24,20,8,16,24
5139509,5139517,2,3,16,8,32,12,16,8,24
5150909,5150917,2,3,16,4,56,4,4,32,36
5151989,5151997,2,3,16,8,16,16,8,8,18
5168369,5168377,2,2,16,4,24,12,16,16,48
5175509,5175517,2,2,16,4,32,24,24,8,24
5194109,5194117,5,4,16,8,128,8,4,4,36
5194229,5194237,5,4,16,8,8,16,4,8,24
5197889,5197897,2,3,16,4,24,4,16,8,48
5198189,5198197,2,2,16,8,40,48,8,16,24
5198729,5198737,4,4,16,8,24,6,8,8,80
5198789,5198797,5,5,16,8,8,8,4,8,48
5206169,5206177,5,4,16,8,6,8,4,24,36
5206829,5206837,2,3,16,4,20,6,16,8,48
5217689,5217697,5,4,16,8,12,16,4,8,144
5227769,5227777,4,4,16,8,48,4,8,12,54
5248289,5248297,2,4,16,4,18,4,8,12,24
5264969,5264977,2,3,16,4,12,32,32,6,80
5270729,5270737,2,4,16,4,6,24,12,8,20
5274869,5274877,2,3,16,8,16,12,24,16,12
5295089,5295097,2,3,16,4,24,8,16,8,48
5297909,5297917,2,2,16,4,16,16,8,16,24
5302229,5302237,2,3,16,4,32,8,16,8,24
5303729,5303737,2,4,16,4,24,4,4,4,48
5319689,5319697,2,4,16,8,12,24,8,8,60
5336489,5336497,5,4,16,8,36,8,4,8,80
5336789,5336797,2,3,16,4,16,64,8,4,48
5337209,5337217,2,3,16,4,12,16,8,16,96
5341169,5341177,2,3,16,8,24,8,8,24,48
5343509,5343517,2,3,16,4,16,16,8,4,24
5346689,5346697,2,1,16,8,24,24,16,16,16
5349209,5349217,6,1,16,16,24,16,16,8,24
5358029,5358037,2,5,16,8,10,12,16,8,12
5364389,5364397,2,3,16,8,32,8,8,16,18
5379629,5379637,2,5,16,8,10,24,8,8,12
5382329,5382337,2,4,16,4,6,12,8,16,84
5390669,5390677,5,3,16,24,20,8,4,12,36
5391509,5391517,2,4,16,4,32,12,8,8,96
5392469,5392477,2,5,16,4,8,8,8,12,18
5394569,5394577,2,4,16,8,12,8,8,24,80
5408609,5408617,6,3,16,8,24,20,8,4,64
5410409,5410417,2,4,16,4,24,12,8,4,40
5410829,5410837,2,2,16,8,20,16,16,8,18
5411369,5411377,5,4,16,32,12,8,4,8,30
5428469,5428477,2,3,16,4,64,4,16,12,18
5436569,5436577,6,4,16,8,12,8,16,6,72
5442629,5442637,2,3,16,4,32,40,4,16,12
5453309,5453317,4,4,16,8,20,4,4,8,72
5460869,5460877,2,2,16,8,16,16,8,24,36
5470169,5470177,2,4,16,4,6,12,4,24,48
5476109,5476117,6,4,16,12,10,16,8,4,24
5476469,5476477,4,3,16,16,8,6,16,6,24
5484389,5484397,5,3,16,8,32,12,4,16,48
5499209,5499217,6,4,16,8,12,8,16,4,30
5500829,5500837,6,3,16,8,24,16,8,4,72
5507069,5507077,2,2,16,8,24,36,16,12,24
5507309,5507317,2,5,16,8,10,8,8,12,18
5510909,5510917,4,3,16,8,72,4,8,16,60
5514689,5514697,5,5,16,8,6,8,4,4,96
5521289,5521297,2,2,16,4,24,24,8,16,40
5545109,5545117,4,3,16,16,24,8,8,8,72
5571689,5571697,2,3,16,4,48,16,4,8,40
5572109,5572117,2,4,16,4,80,4,8,4,36
5593529,5593537,2,4,16,4,24,8,4,8,140
5610089,5610097,2,4,16,4,24,8,8,8,30
5611469,5611477,4,2,16,16,20,12,16,12,36
5613329,5613337,2,4,16,8,12,8,8,32,48
5615429,5615437,2,4,16,8,16,16,8,8,12
5620169,5620177,2,2,16,4,12,16,16,24,60
5660789,5660797,2,3,16,4,16,8,4,16,24
5661209,5661217,2,4,16,4,6,4,8,16,72
5663369,5663377,5,4,16,12,24,8,4,8,60
5664809,5664817,2,3,16,8,18,32,8,8,120
5667989,5667997,5,5,16,8,32,12,4,8,12
5681729,5681737,2,3,16,4,24,4,16,8,96
5685689,5685697,6,2,16,8,18,16,16,4,42
5688569,5688577,2,5,16,8,12,12,8,12,72
5695769,5695777,2,4,16,4,6,4,16,12,36
5696429,5696437,6,3,16,8,40,16,8,4,24
5701889,5701897,6,4,16,6,24,8,8,4,24
5727269,5727277,4,4,16,8,8,4,16,12,36
5731709,5731717,2,2,16,4,32,12,16,24,24
5744729,5744737,2,4,16,8,24,8,8,8,96
5751209,5751217,2,4,16,4,12,32,8,4,40
5754989,5754997,4,2,16,16,40,8,8,16,48
5761289,5761297,2,4,16,4,12,8,48,8,30
5788829,5788837,4,3,16,8,48,4,4,32,27
5797409,5797417,2,3,16,4,12,20,8,16,16
5809469,5809477,2,3,16,4,28,6,16,24,12
5822129,5822137,4,4,16,6,12,4,8,16,24
5827169,5827177,5,4,16,8,12,16,4,12,24
5832389,5832397,2,3,16,4,16,32,8,4,18
5839409,5839417,2,4,16,4,6,4,16,8,96
5841389,5841397,2,3,16,4,20,8,8,32,90
5843009,5843017,2,3,16,4,48,16,4,8,80
5851589,5851597,6,2,16,16,16,12,16,8,24
5852669,5852677,2,3,16,4,80,12,4,24,24
5859869,5859877,2,3,16,4,24,6,4,32,48
5864909,5864917,2,4,16,8,20,8,8,16,12
5865809,5865817,6,5,16,8,12,12,8,4,64
5872109,5872117,6,5,16,6,10,24,8,4,12
5882189,5882197,4,5,16,16,10,8,8,8,12
5885129,5885137,2,4,16,4,24,8,8,4,100
5895689,5895697,2,4,16,8,12,16,8,8,20
5896829,5896837,2,3,16,4,32,8,16,8,36
5903969,5903977,2,4,16,4,12,12,4,24,64
5909789,5909797,2,2,16,4,36,8,32,16,36
5917829,5917837,2,2,16,4,16,16,8,32,24
5941289,5941297,2,4,16,4,24,4,8,4,80
5953109,5953117,2,3,16,6,32,12,8,16,48
5957129,5957137,2,3,16,4,6,16,16,8,60
5967029,5967037,2,2,16,8,16,8,16,16,36
5982869,5982877,2,3,16,4,32,8,12,16,48
5986769,5986777,5,4,16,12,24,12,8,12,16
5992529,5992537,2,2,16,4,48,12,16,16,32
5995589,5995597,3,5,16,12,8,8,48,8,12
6006809,6006817,2,3,16,4,36,8,16,8,36
6010229,6010237,4,3,16,8,16,4,4,32,36
6020969,6020977,2,3,16,4,6,60,8,24,40
6027089,6027097,2,4,16,4,12,6,8,24,32
6027269,6027277,2,4,16,4,8,24,8,12,24
6034529,6034537,2,1,16,4,24,16,16,16,24
6044729,6044737,5,3,16,16,12,16,8,8,56
6045329,6045337,2,5,16,4,12,8,4,8,96
6045509,6045517,2,3,16,4,16,8,8,16,60
6059369,6059377,2,3,16,4,12,16,8,24,60
6070289,6070297,2,4,16,4,12,12,8,16,64
6075569,6075577,2,4,16,4,6,16,8,12,48
6082589,6082597,2,4,16,4,24,8,8,12,72
6095489,6095497,2,4,16,4,36,10,8,8,48
6098789,6098797,4,2,16,8,16,4,16,16,36
6106889,6106897,6,3,16,16,12,32,8,4,30
6113189,6113197,5,4,16,6,8,16,4,8,36
6114209,6114217,2,2,16,4,24,48,8,16,32
6115289,6115297,5,4,16,32,6,12,4,4,48
6116189,6116197,2,4,16,4,24,12,8,8,24
6119969,6119977,2,4,16,8,24,12,8,12,32
6155129,6155137,2,4,16,4,12,8,8,32,128
6162809,6162817,2,4,16,4,12,6,16,4,64
6168989,6168997,2,3,16,8,12,8,24,16,72
6172889,6172897,2,2,16,4,24,12,24,16,24
6177389,6177397,2,5,16,8,40,12,8,8,12
6186269,6186277,4,3,16,16,24,4,4,6,36
6196529,6196537,4,3,16,12,12,8,16,16,48
6198809,6198817,2,5,16,4,12,6,8,8,48
6206909,6206917,2,3,16,4,28,12,16,16,12
6220229,6220237,2,2,16,8,16,20,8,16,24
6224369,6224377,2,2,16,4,36,12,16,20,32
6224429,6224437,4,5,16,8,10,4,8,8,36
6228869,6228877,5,3,16,8,32,16,4,8,24
6231629,6231637,6,4,16,8,20,8,8,4,72
6240089,6240097,6,4,16,12,6,8,16,4,72
6245669,6245677,2,3,16,4,16,32,8,6,18
6246689,6246697,2,4,16,4,6,8,8,16,32
6251789,6251797,4,3,16,32,10,8,8,16,48
6261869,6261877,4,4,16,12,10,8,8,20,54
6277889,6277897,3,4,16,8,6,8,8,16,96
6297509,6297517,2,3,16,8,32,8,8,16,18
6303389,6303397,2,2,16,4,24,16,16,8,72
6305729,6305737,2,3,16,4,12,24,4,16,16
6307409,6307417,5,3,16,16,12,16,4,8,32
6309509,6309517,2,4,16,4,16,12,4,8,48
6327389,6327397,2,3,16,4,24,8,16,4,60
6327869,6327877,2,3,16,4,14,12,16,32,24
6331529,6331537,2,2,16,4,12,16,16,24,30
6335309,6335317,2,3,16,4,20,4,4,16,36
6390569,6390577,2,3,16,8,12,32,16,12,50
6390689,6390697,2,4,16,4,24,12,4,4,32
6396869,6396877,2,3,16,4,8,16,8,24,18
6398429,6398437,6,2,16,8,24,28,16,4,24
6404009,6404017,6,4,16,8,12,24,8,4,20
6444329,6444337,2,3,16,4,12,24,16,8,20
6448289,6448297,2,4,16,4,6,6,8,16,64
6451889,6451897,5,3,16,16,12,24,4,4,32
6465929,6465937,2,3,16,4,12,16,8,16,20
6475529,6475537,2,4,16,4,12,8,8,16,60
6477269,6477277,2,3,16,4,32,32,8,12,24
6489569,6489577,6,4,16,8,12,8,32,6,48
6509189,6509197,4,2,16,16,16,8,8,48,18
6518129,6518137,2,5,16,4,12,12,8,8,32
6519209,6519217,2,3,16,4,48,12,8,16,40
6524669,6524677,4,4,16,8,72,4,8,6,36
6527189,6527197,2,4,16,4,24,8,4,8,48
6547469,6547477,2,4,16,4,10,10,4,24,72
6553769,6553777,2,3,16,4,24,12,16,6,20
6555389,6555397,5,3,16,8,36,24,4,16,12
6572729,6572737,2,4,16,4,12,8,16,8,42
6585869,6585877,4,4,16,12,10,8,8,32,36
6595409,6595417,6,4,16,8,12,32,8,4,48
6598589,6598597,2,5,16,4,112,6,4,4,12
6616289,6616297,2,3,16,8,12,8,16,16,32
6617189,6617197,5,1,16,16,16,16,8,24,36
6625769,6625777,2,3,16,4,12,32,4,48,40
6632789,6632797,6,1,16,16,16,32,16,8,24
6635129,6635137,2,3,16,8,24,12,32,8,64
6641969,6641977,2,4,16,4,6,32,8,12,64
6643829,6643837,2,3,16,4,32,8,4,16,48
6665909,6665917,5,4,16,12,32,12,4,8,48
6669869,6669877,2,5,16,4,20,12,8,8,12
6671009,6671017,2,2,16,4,24,4,32,16,48
6690569,6690577,2,4,16,8,12,8,12,24,20
6698729,6698737,3,4,16,12,6,8,8,16,60
6699089,6699097,4,4,16,8,12,4,8,16,96
6718889,6718897,2,4,16,4,6,8,64,8,80
6722129,6722137,2,3,16,4,12,16,8,16,32
6725309,6725317,2,4,16,4,56,12,4,8,48
6729509,6729517,2,3,16,4,8,12,16,16,36
6754829,6754837,2,3,16,8,40,20,8,8,48
6765809,6765817,2,4,16,4,12,12,8,16,32
6775169,6775177,2,2,16,4,24,6,32,24,16
6778229,6778237,2,4,16,4,8,24,4,4,24
6782969,6782977,2,4,16,4,18,8,8,12,96
6783089,6783097,5,4,16,8,12,6,4,16,32
6783869,6783877,2,2,16,4,16,8,16,16,72
6786929,6786937,2,4,16,4,12,8,16,8,64
6791429,6791437,2,1,16,6,16,16,24,16,36
6797129,6797137,6,4,16,8,12,18,8,4,80
6799469,6799477,2,4,16,4,10,24,12,12,24
6804509,6804517,6,3,16,8,48,16,8,4,24
6804689,6804697,2,3,16,4,12,12,16,16,32
6817709,6817717,2,2,16,4,20,24,16,8,24
6818429,6818437,4,2,16,8,16,4,16,16,18
6822209,6822217,2,3,16,4,12,16,16,8,48
6851489,6851497,2,3,16,4,12,64,8,16,32
6853829,6853837,2,4,16,4,32,12,8,8,48
6859409,6859417,2,2,16,8,36,24,8,24,32
6886589,6886597,2,3,16,4,14,32,32,16,12
6903209,6903217,5,1,16,16,18,16,4,16,30
6905669,6905677,2,4,16,8,16,24,8,12,12
6906989,6906997,4,3,16,16,30,4,8,8,18
6914129,6914137,6,4,16,8,12,8,16,4,16
6916829,6916837,2,3,16,4,36,40,4,4,48
6921869,6921877,2,3,16,8,20,48,8,14,24
6923009,6923017,2,3,16,8,24,8,24,12,32
6930029,6930037,2,2,16,4,20,24,8,16,60
6931229,6931237,2,3,16,8,96,12,16,8,48
6938969,6938977,2,1,16,12,24,16,16,24,48
6942989,6942997,2,4,16,4,20,8,8,12,42
6943889,6943897,2,5,16,4,12,8,4,8,24
6944429,6944437,4,3,16,8,60,4,16,4,36
6955229,6955237,2,3,16,4,12,4,32,16,18
6958829,6958837,5,3,16,18,10,12,8,16,18
6962429,6962437,4,3,16,8,18,4,4,16,144
6969089,6969097,2,3,16,4,24,4,8,16,48
6971009,6971017,2,5,16,4,6,12,8,8,32
6972509,6972517,4,2,16,16,24,4,4,16,36
6984689,6984697,2,4,16,4,24,6,8,4,32
7007969,7007977,2,5,16,4,6,8,8,12,48
7009889,7009897,6,3,16,16,12,36,8,4,16
7023089,7023097,3,3,16,8,6,16,16,8,48
7024469,7024477,2,4,16,4,32,12,4,6,48
7029929,7029937,4,4,16,8,72,4,8,8,40
7038389,7038397,3,3,16,16,8,8,8,32,18
7044329,7044337,2,4,16,4,12,8,16,4,120
7055309,7055317,4,4,16,8,20,4,12,8,24
7055429,7055437,2,3,16,4,16,24,8,8,24
7067729,7067737,2,3,16,6,12,16,8,16,80
7069889,7069897,2,5,16,4,12,8,8,8,64
7076669,7076677,2,3,16,8,14,16,16,12,24
7090169,7090177,6,2,16,16,12,40,32,6,52
7096469,7096477,2,4,16,4,8,6,48,6,24
7103489,7103497,2,3,16,4,48,12,4,16,32
7104389,7104397,6,2,16,16,16,6,24,4,24
7110569,7110577,2,5,16,4,12,8,8,6,90
7125269,7125277,2,3,16,8,64,8,16,12,24
7127129,7127137,6,4,16,8,6,8,16,4,96
7136309,7136317,4,3,16,24,16,4,4,8,48
7145129,7145137,6,4,16,6,6,8,16,4,90
7147109,7147117,2,4,16,4,64,4,8,4,96
7161269,7161277,3,3,16,16,8,24,8,12,36
7163669,7163677,2,4,16,4,16,8,8,6,36
7164029,7164037,5,4,16,8,32,8,4,4,72
7168289,7168297,2,3,16,4,6,24,8,16,16
7174109,7174117,2,2,16,8,48,8,16,32,48
7178609,7178617,2,4,16,4,24,12,8,8,48
7178909,7178917,2,3,16,4,24,24,4,4,24
7184669,7184677,6,3,16,8,24,8,24,6,48
7196369,7196377,5,4,16,16,12,12,8,8,32
7214369,7214377,5,3,16,8,24,8,4,40,64
7240109,7240117,2,3,16,4,40,24,8,8,24
7240889,7240897,2,3,16,8,12,16,16,12,84
7249889,7249897,6,2,16,16,24,24,8,4,24
7251329,7251337,2,2,16,8,24,8,32,16,64
7254509,7254517,2,4,16,4,40,12,4,4,24
7260269,7260277,2,3,16,4,40,10,16,24,12
7271969,7271977,5,4,16,16,12,6,4,6,16
7275629,7275637,2,4,16,4,80,8,8,4,96
7286189,7286197,2,2,16,8,40,20,8,16,24
7296089,7296097,2,3,16,4,18,12,24,8,24
7301729,7301737,2,5,16,4,12,8,8,12,96
7310189,7310197,6,3,16,8,20,32,8,4,48
7333709,7333717,4,3,16,32,10,8,8,24,48
7337009,7337017,5,4,16,8,6,16,4,12,48
7346909,7346917,5,3,16,16,12,48,4,8,48
7357829,7357837,6,5,16,16,8,12,8,4,12
7359629,7359637,5,3,16,8,40,32,4,8,24
7362569,7362577,2,4,16,4,12,8,4,24,200
7380509,7380517,2,3,16,4,48,24,4,8,144
7390469,7390477,2,4,16,8,8,8,24,12,36
7398389,7398397,5,2,16,32,16,16,4,4,36
7408109,7408117,2,2,16,4,20,8,16,24,54
7426589,7426597,2,5,16,4,12,8,16,8,12
7439909,7439917,2,3,16,4,24,12,16,12,48
7441229,7441237,2,5,16,4,10,4,4,8,144
7445369,7445377,5,2,16,8,18,24,4,32,96
7459709,7459717,6,3,16,6,32,24,8,4,48
7461689,7461697,5,5,16,6,12,8,4,8,56
7473929,7473937,3,3,16,8,6,12,16,16,20
7475609,7475617,4,3,16,16,24,4,8,8,72
7482569,7482577,2,4,16,4,6,24,8,12,20
7494329,7494337,3,3,16,8,6,16,16,8,56
7502189,7502197,2,4,16,4,10,8,24,8,24
7523969,7523977,3,4,16,16,6,6,8,12,32
7531709,7531717,2,4,16,8,28,12,32,8,12
7542869,7542877,3,3,16,16,8,24,8,8,24
7568489,7568497,4,4,16,6,6,4,8,32,90
7580009,7580017,2,4,16,4,24,8,8,8,30
7600289,7600297,2,3,16,4,36,24,8,8,32
7600829,7600837,2,3,16,6,28,24,8,8,96
7605209,7605217,5,4,16,8,12,48,4,4,36
7614689,7614697,3,4,16,16,6,12,8,8,16
7619609,7619617,2,3,16,4,72,4,16,8,48
7619789,7619797,4,3,16,16,10,8,24,8,18
7621409,7621417,5,5,16,6,12,8,4,8,48
7625369,7625377,2,2,16,4,6,16,16,16,144
7655369,7655377,2,2,16,4,24,24,8,32,40
7682369,7682377,2,3,16,4,6,6,16,16,32
7685429,7685437,5,3,16,8,16,24,4,8,72
7697009,7697017,2,4,16,4,12,4,16,4,24
7698269,7698277,5,4,16,8,12,16,4,12,36
7699829,7699837,2,3,16,4,32,8,8,32,24
7700969,7700977,2,4,16,4,6,8,8,24,30
7713689,7713697,2,4,16,4,12,12,16,8,48
7714229,7714237,4,4,16,8,32,6,24,8,12
7716629,7716637,2,4,16,4,32,4,4,8,18
7720589,7720597,2,3,16,4,20,8,16,4,108
7721969,7721977,2,3,16,4,6,20,32,12,64
7743209,7743217,5,3,16,16,24,6,4,8,40
7746989,7746997,5,5,16,8,20,12,4,8,12
7755809,7755817,6,3,16,8,12,24,16,4,32
7781369,7781377,2,3,16,8,12,8,16,16,88
7788089,7788097,2,4,16,4,12,8,4,16,56
7799789,7799797,4,4,16,8,80,4,8,8,18
7809509,7809517,2,4,16,4,16,12,4,8,144
7812569,7812577,4,2,16,32,12,4,32,24,36
7822589,7822597,2,3,16,4,18,12,8,16,24
7825709,7825717,2,3,16,4,20,8,20,8,36
7914629,7914637,6,2,16,8,16,16,16,4,18
7917809,7917817,2,2,16,4,48,18,8,16,32
7949309,7949317,5,3,16,8,44,16,4,16,12
7958309,7958317,2,3,16,4,32,12,32,4,24
7964129,7964137,2,5,16,4,12,4,4,8,32
7974929,7974937,2,4,16,4,12,8,16,4,80
7975229,7975237,6,4,16,12,28,16,8,4,12
7980689,7980697,6,3,16,8,12,16,16,4,48
7990589,7990597,4,4,16,16,14,8,8,8,48
8008589,8008597,2,3,16,4,20,8,8,16,18
8016089,8016097,2,5,16,4,12,12,8,8,48
8021669,8021677,6,4,16,8,8,24,8,6,24
8021729,8021737,2,3,16,4,18,8,16,4,48
8022089,8022097,4,4,16,8,18,4,8,4,120
8025509,8025517,6,3,16,8,16,8,16,4,18
8034869,8034877,5,3,16,8,16,24,4,8,30
8041889,8041897,4,4,16,8,12,4,16,4,64
8042729,8042737,2,3,16,4,12,20,32,8,40
8059829,8059837,2,4,16,4,32,12,8,8,24
8069069,8069077,2,3,16,4,60,4,12,24,72
8104289,8104297,2,3,16,8,12,14,16,16,32
8109329,8109337,2,3,16,4,48,24,4,8,32
8113829,8113837,2,3,16,8,8,24,16,8,36
8123729,8123737,2,2,16,8,24,24,16,8,64
8124629,8124637,2,3,16,4,16,12,8,32,24
8127689,8127697,6,4,16,12,12,12,16,4,20
8127929,8127937,6,4,16,8,6,12,16,4,84
8133869,8133877,2,3,16,8,10,16,16,8,18
8140529,8140537,5,3,16,16,12,8,4,32,24
8141789,8141797,6,3,16,10,48,32,8,4,60
8154869,8154877,2,3,16,4,16,12,48,8,48
8156009,8156017,2,4,16,4,12,4,8,16,120
8159009,8159017,4,4,16,8,12,6,16,8,16
8162789,8162797,5,3,16,16,64,12,4,8,24
8169509,8169517,5,3,16,8,16,16,4,4,36
8170529,8170537,2,4,16,4,12,24,4,4,32
8183309,8183317,5,4,16,8,10,24,4,16,12
8187089,8187097,3,5,16,8,6,12,8,8,32
8216969,8216977,2,4,16,4,12,12,8,24,40
8219909,8219917,2,3,16,4,8,16,4,16,18
8238809,8238817,5,3,16,12,18,16,8,8,36
8242529,8242537,5,2,16,16,12,32,8,24,32
8245409,8245417,2,4,16,8,12,24,12,8,16
8253929,8253937,3,5,16,8,6,8,8,8,90
8256029,8256037,6,4,16,8,48,16,8,4,12
8263589,8263597,6,4,16,8,8,24,8,4,24
8265629,8265637,4,2,16,6,24,4,16,16,18
8297609,8297617,2,2,16,6,12,16,16,32,20
8297789,8297797,2,4,16,4,28,12,8,8,48
8300129,8300137,4,4,16,16,12,6,8,8,64
8319029,8319037,5,3,16,16,16,6,4,8,96
8335409,8335417,2,3,16,4,24,16,8,8,32
8340509,8340517,2,3,16,4,24,8,16,8,48
8350889,8350897,2,3,16,4,24,12,8,16,20
8354669,8354677,2,5,16,8,10,12,8,12,48
8356289,8356297,2,4,16,4,48,12,8,8,32
8382929,8382937,2,3,16,4,6,40,16,8,32
8410109,8410117,2,4,16,8,44,12,8,12,96
8418089,8418097,4,4,16,12,24,4,8,8,60
8420969,8420977,5,4,16,16,12,8,4,12,80
8437529,8437537,6,4,16,8,12,8,16,4,36
8438909,8438917,2,4,16,4,16,48,8,4,12
8446709,8446717,6,5,16,8,8,8,8,4,72
8449409,8449417,2,2,16,4,6,24,16,16,24
8453729,8453737,5,3,16,16,36,8,4,8,24
8468429,8468437,2,4,16,4,20,12,8,8,24
8477129,8477137,2,3,16,4,12,16,4,32,100
8485409,8485417,2,3,16,4,12,16,32,4,48
8487329,8487337,5,4,16,8,12,12,4,16,64
8492369,8492377,2,5,16,8,12,12,8,8,32
8499089,8499097,2,4,16,4,12,4,8,16,24
8505569,8505577,2,4,16,4,12,8,24,12,48
8508209,8508217,2,2,16,4,24,48,32,4,32
8510609,8510617,2,5,16,4,12,8,12,8,96
8513069,8513077,5,3,16,8,20,24,4,12,96
8513129,8513137,4,4,16,8,6,4,16,4,30
8517269,8517277,2,3,16,8,16,8,8,24,36
8523509,8523517,2,3,16,4,16,24,8,48,12
8528789,8528797,2,3,16,8,16,24,8,8,72
8530229,8530237,2,4,16,4,8,4,8,16,72
8531309,8531317,2,3,16,8,20,8,16,8,18
8531609,8531617,2,4,16,4,6,12,16,4,48
8538689,8538697,5,3,16,6,24,8,4,16,40
8543309,8543317,2,3,16,8,40,20,8,8,24
8547809,8547817,2,3,16,4,48,12,16,8,32
8554829,8554837,2,3,16,4,40,24,8,8,24
8596589,8596597,2,4,16,4,10,12,24,32,12
8621609,8621617,2,4,16,8,12,96,8,8,40
8635469,8635477,5,2,16,8,20,48,4,24,24
8646269,8646277,2,1,16,4,32,24,16,24,24
8655869,8655877,2,3,16,4,44,16,4,8,24
8670989,8670997,4,4,16,12,40,8,8,8,24
8677289,8677297,5,4,16,8,12,16,4,8,30
8684069,8684077,4,4,16,8,8,6,16,12,24
8687309,8687317,2,2,16,4,20,24,8,32,72
8702489,8702497,4,4,16,8,12,4,32,4,144
8737709,8737717,2,3,16,8,20,10,8,16,48
8741129,8741137,4,3,16,8,24,6,8,16,20
8757029,8757037,4,3,16,8,8,4,32,24,36
8764229,8764237,3,4,16,16,8,8,8,8,72
8765429,8765437,2,4,16,4,32,12,8,8,24
8774489,8774497,2,3,16,4,12,16,16,4,36
8786009,8786017,2,3,16,8,12,16,8,16,48
8786369,8786377,4,3,16,8,24,4,8,16,24
8794469,8794477,2,3,16,6,8,16,32,6,18
8796629,8796637,2,2,16,4,32,16,24,8,18
8800529,8800537,2,3,16,4,12,24,16,8,64
8808089,8808097,2,3,16,4,24,18,4,8,96
8815889,8815897,2,3,16,4,6,8,16,16,24
8847569,8847577,3,5,16,8,6,8,8,12,32
8853329,8853337,2,4,16,4,12,8,8,16,24
8859989,8859997,6,2,16,16,16,8,24,4,24
8862509,8862517,2,3,16,4,20,16,4,8,72
8873309,8873317,2,4,16,4,36,8,4,8,36
8875409,8875417,2,3,16,4,48,40,8,8,32
8886629,8886637,4,2,16,16,16,8,16,8,36
8893229,8893237,2,3,16,4,10,10,16,24,48
8904809,8904817,2,4,16,4,24,4,4,8,50
8917709,8917717,6,5,16,8,20,12,8,4,12
8941469,8941477,6,3,16,24,12,12,16,6,24
8959529,8959537,3,4,16,8,6,8,8,24,30
8960729,8960737,6,3,16,12,12,16,24,8,48
8964569,8964577,4,5,16,8,12,4,4,12,72
8988509,8988517,4,3,16,6,96,4,4,16,24
8995289,8995297,2,3,16,4,12,10,16,16,24
9000209,9000217,2,3,16,8,12,8,16,16,24
9026309,9026317,6,4,16,8,8,8,16,4,60
9032189,9032197,5,3,16,16,80,12,8,16,12
9035489,9035497,2,5,16,4,6,8,8,8,64
9065129,9065137,3,3,16,8,6,48,16,8,20
9065669,9065677,2,4,16,4,32,6,8,24,12
9065729,9065737,2,3,16,4,24,16,8,12,96
9069869,9069877,2,3,16,8,40,8,16,8,18
9094529,9094537,2,4,16,4,24,8,4,8,48
9097709,9097717,2,2,16,4,40,24,4,16,24
9117509,9117517,2,2,16,8,16,24,8,16,24
9120989,9120997,5,3,16,8,12,32,4,16,18
9132989,9132997,2,2,16,4,28,20,8,16,48
9139289,9139297,2,5,16,8,12,12,8,8,96
9141689,9141697,5,4,16,8,24,8,4,8,84
9176009,9176017,5,4,16,8,12,24,4,8,40
9195509,9195517,2,3,16,8,16,8,8,16,54
9207389,9207397,2,4,16,4,12,8,24,4,36
9214889,9214897,3,3,16,12,6,12,24,16,20
9216029,9216037,6,3,16,16,24,8,8,4,36
9217829,9217837,4,4,16,12,32,4,4,8,36
9218189,9218197,2,2,16,8,20,8,16,16,36
9220109,9220117,5,4,16,8,20,24,4,8,12
9234509,9234517,5,4,16,8,40,32,4,4,12
9252329,9252337,3,2,16,16,6,8,32,24,20
9279329,9279337,2,3,16,4,12,32,16,8,32
9287489,9287497,2,2,16,4,24,8,16,16,24
9294689,9294697,5,4,16,8,24,8,4,8,64
9295529,9295537,2,2,16,4,24,32,8,16,40
9295709,9295717,2,4,16,4,24,12,8,16,12
9305609,9305617,5,3,16,32,6,12,4,16,40
9315029,9315037,5,1,16,16,16,32,8,16,36
9319889,9319897,5,3,16,8,12,32,4,16,24
9335489,9335497,2,3,16,4,6,20,8,32,32
9337109,9337117,6,3,16,8,8,20,16,4,36
9354809,9354817,2,4,16,4,6,16,8,8,84
9356429,9356437,5,4,16,8,10,8,4,16,36
9360929,9360937,4,3,16,16,12,4,16,8,96
9366989,9366997,4,4,16,8,10,6,48,16,12
9370589,9370597,4,3,16,16,48,8,8,8,24
9371489,9371497,2,3,16,8,12,24,8,24,16
9371909,9371917,2,3,16,4,32,8,8,16,48
9378029,9378037,2,3,16,4,20,32,4,8,36
9383369,9383377,2,3,16,4,6,6,64,16,40
9386609,9386617,2,5,16,4,6,12,8,8,32
9394529,9394537,4,4,16,8,12,6,16,8,32
9396329,9396337,2,4,16,4,12,12,8,16,40
9419609,9419617,2,4,16,4,12,24,4,8,36
9430769,9430777,6,5,16,8,12,8,8,6,32
9432209,9432217,2,2,16,4,24,8,16,24,48
9453809,9453817,3,4,16,8,6,8,8,24,24
9463109,9463117,5,4,16,8,8,24,4,8,24
9471029,9471037,2,3,16,4,16,48,8,8,24
9503069,9503077,4,3,16,16,12,6,16,12,24
9503309,9503317,2,4,16,4,80,4,4,8,36
9503489,9503497,2,3,16,4,24,8,64,8,48
9505589,9505597,2,4,16,4,16,10,8,8,48
9506369,9506377,3,3,16,8,6,8,16,16,64
9533129,9533137,6,2,16,8,48,18,16,4,40
9533669,9533677,2,5,16,4,16,8,4,6,12
9538889,9538897,2,3,16,4,24,48,4,8,80
9564509,9564517,2,3,16,4,24,16,8,4,72
9568469,9568477,4,4,16,8,8,4,4,36,48
9570809,9570817,6,4,16,8,12,48,8,4,120
9578669,9578677,6,4,16,16,20,12,8,6,12
9580169,9580177,2,3,16,4,48,8,8,18,30
9583169,9583177,2,3,16,8,12,12,16,18,32
9594509,9594517,2,5,16,6,10,12,8,16,12
9600809,9600817,4,3,16,8,12,6,16,24,20
9604229,9604237,4,2,16,8,16,6,24,16,24
9614489,9614497,2,2,16,6,24,24,8,16,24
9619409,9619417,2,4,16,4,12,4,8,16,96
9631409,9631417,6,3,16,8,24,16,8,4,16
9632309,9632317,5,3,16,8,16,6,4,32,48
9633269,9633277,6,3,16,8,16,8,16,6,48
9642389,9642397,2,3,16,4,16,6,4,16,24
9652529,9652537,2,3,16,8,48,12,16,8,48
9654629,9654637,6,4,16,8,48,24,8,4,12
9675569,9675577,2,3,16,4,6,4,16,24,48
9717989,9717997,2,5,16,4,8,6,24,8,12
9718529,9718537,3,3,16,12,6,24,16,8,32
9747029,9747037,4,3,16,16,16,8,12,8,72
9752789,9752797,2,2,16,4,16,16,4,32,36
9774389,9774397,2,3,16,8,16,16,8,8,36
9784589,9784597,2,3,16,4,20,36,4,8,24
9785129,9785137,2,4,16,4,48,12,8,4,20
9786089,9786097,2,3,16,8,12,16,16,8,70
9794009,9794017,5,4,16,8,12,8,4,16,72
9796469,9796477,2,3,16,8,48,12,8,24,24
9803369,9803377,2,4,16,4,12,32,8,8,80
9806189,9806197,2,4,16,8,20,12,8,16,12
9809489,9809497,6,4,16,8,24,8,8,4,48
9816329,9816337,6,4,16,16,12,8,8,4,80
9826709,9826717,2,3,16,4,32,24,8,8,24
9826769,9826777,2,3,16,4,6,32,4,24,24
9833909,9833917,2,3,16,4,24,24,4,16,12
9834809,9834817,2,3,16,4,24,6,16,4,56
9857369,9857377,2,4,16,4,12,8,4,32,60
9861629,9861637,2,5,16,8,80,12,8,8,12
9863669,9863677,2,3,16,4,64,16,4,12,36
9866489,9866497,6,3,16,12,6,36,64,4,72
9875009,9875017,2,3,16,8,24,16,8,8,24
9888089,9888097,2,3,16,4,6,24,8,16,24
9911669,9911677,5,2,16,32,16,24,8,12,24
9912269,9912277,2,2,16,4,20,16,8,24,36
9919229,9919237,2,3,16,4,18,16,8,16,12
9919829,9919837,2,3,16,4,16,16,8,4,36
9932969,9932977,2,3,16,4,24,8,8,18,40
9937229,9937237,4,3,16,8,20,6,8,32,24
9941969,9941977,2,3,16,8,24,8,32,12,48
9942689,9942697,2,1,16,6,24,16,16,16,64
9959009,9959017,2,3,16,8,12,12,16,16,16
9965369,9965377,3,3,16,8,6,16,8,24,112
9973409,9973417,3,4,16,8,6,12,16,8,16
9974309,9974317,2,2,16,4,32,8,16,16,96
9984089,9984097,5,2,16,16,12,24,8,16,36
9994169,9994177,2,4,16,8,12,16,8,12,42
9996809,9996817,5,4,16,8,72,12,4,4,40
10032689,10032697,2,4,16,4,24,8,8,8,24
10048889,10048897,2,4,16,8,24,8,8,8,192
10050869,10050877,5,3,16,6,16,16,4,8,72
10057469,10057477,2,3,16,4,36,16,8,6,48
10068269,10068277,2,2,16,8,20,32,8,18,24
10076909,10076917,2,4,16,4,10,64,4,8,48
10079969,10079977,2,3,16,4,24,24,8,12,16
10084289,10084297,3,4,16,8,6,12,8,16,32
10084709,10084717,5,4,16,8,16,8,4,4,24
10087169,10087177,5,3,16,16,12,28,4,12,64
10104869,10104877,3,2,16,16,8,8,16,16,36
10117829,10117837,2,2,16,4,16,16,4,32,36
10118729,10118737,2,4,16,4,12,4,4,32,80
10123709,10123717,5,4,16,8,28,24,4,8,12
10132229,10132237,2,3,16,4,32,8,16,4,48
10145129,10145137,2,4,16,4,12,12,8,32,40
10150409,10150417,5,4,16,8,12,16,4,8,30
10166789,10166797,6,2,16,16,8,32,16,4,30
10179929,10179937,2,5,16,4,12,4,8,8,72
10192829,10192837,6,1,16,16,28,36,16,12,24
10194329,10194337,2,4,16,4,6,4,16,4,168
10195169,10195177,6,3,16,8,48,8,32,6,32
10202369,10202377,2,4,16,4,12,12,32,8,32
10228709,10228717,2,3,16,4,32,16,4,8,18
10236089,10236097,6,4,16,6,12,16,8,4,84
10238609,10238617,2,4,16,4,12,32,4,8,64
10245629,10245637,2,3,16,4,20,16,8,4,48
10248509,10248517,6,3,16,8,28,16,8,4,18
10265609,10265617,2,3,16,4,24,16,8,8,75
10266089,10266097,4,4,16,8,12,6,8,16,80
10273469,10273477,2,2,16,8,28,20,16,12,24
10285409,10285417,2,4,16,4,12,4,8,16,48
10293809,10293817,3,2,16,24,6,24,8,16,32
10295969,10295977,2,4,16,8,12,12,16,12,32
10313609,10313617,3,3,16,16,6,12,8,16,20
10319909,10319917,6,2,16,12,16,16,16,4,48
10350029,10350037,2,4,16,4,80,4,8,8,18
10358129,10358137,2,3,16,4,6,16,8,16,48
10364609,10364617,2,3,16,4,6,16,16,8,24
10369409,10369417,2,3,16,4,24,6,16,8,16
10376609,10376617,6,4,16,8,6,64,8,4,16
10396409,10396417,2,3,16,8,12,24,32,8,36
10396769,10396777,5,4,16,12,6,12,4,18,64
10400069,10400077,5,1,16,24,16,16,8,24,30
10405469,10405477,2,3,16,4,96,16,4,6,96
10436189,10436197,2,4,16,4,24,6,8,16,12
10436609,10436617,2,4,16,4,12,12,4,16,48
10438709,10438717,2,3,16,8,16,10,64,24,12
10439609,10439617,5,4,16,16,6,12,4,8,56
10441589,10441597,2,3,16,4,32,12,4,16,24
10453529,10453537,2,4,16,8,12,8,32,8,120
10453889,10453897,4,2,16,16,12,8,16,16,24
10470209,10470217,2,3,16,4,6,24,8,16,32
10478729,10478737,2,3,16,4,24,16,8,4,60
10484129,10484137,5,4,16,16,6,8,4,8,96
10485869,10485877,2,1,16,4,40,24,32,16,24
10497569,10497577,5,3,16,8,12,16,4,24,32
10513409,10513417,2,3,16,4,48,12,12,16,32
10528229,10528237,2,3,16,4,32,4,8,16,36
10533629,10533637,2,3,16,4,36,8,16,8,18
10534709,10534717,2,2,16,4,16,32,16,4,18
10592069,10592077,5,3,16,8,16,8,4,36,48
10608329,10608337,2,3,16,4,12,16,16,4,60
10623629,10623637,2,3,16,8,10,8,16,16,30
10668269,10668277,2,3,16,4,30,16,8,6,36
10678529,10678537,2,2,16,4,48,16,16,8,96
10687289,10687297,5,3,16,8,36,12,4,16,28
10687829,10687837,5,3,16,24,32,24,8,8,12
10693469,10693477,2,2,16,4,12,16,16,18,72
10698629,10698637,2,2,16,4,16,24,16,8,24
10704929,10704937,2,4,16,4,18,8,8,4,128
10714169,10714177,5,5,16,8,12,8,4,6,168
10728329,10728337,2,4,16,8,12,48,8,8,20
10759109,10759117,5,4,16,8,32,12,4,8,48
10760909,10760917,2,4,16,8,10,12,8,24,48
10780709,10780717,2,1,16,4,16,24,16,16,24
10782509,10782517,2,4,16,4,20,24,4,8,12
10796909,10796917,2,3,16,4,20,24,8,4,48
10797869,10797877,4,3,16,12,10,8,16,16,18
10810109,10810117,2,1,16,4,18,16,16,24,36
10811729,10811737,2,3,16,4,12,16,4,16,48
10836689,10836697,6,3,16,8,6,24,16,4,64
10844429,10844437,4,3,16,8,20,6,16,12,72
10851809,10851817,2,2,16,8,12,20,16,16,16
10853789,10853797,4,5,16,8,24,6,12,8,12
10869269,10869277,2,2,16,8,16,24,16,12,48
10871129,10871137,2,3,16,4,6,16,8,32,36
10889609,10889617,2,3,16,4,12,24,4,16,40
10914989,10914997,5,3,16,8,20,10,4,48,24
10928669,10928677,2,3,16,8,12,24,8,24,24
10929629,10929637,2,3,16,4,48,32,4,8,81
10934969,10934977,2,3,16,4,24,32,4,12,84
10950089,10950097,2,4,16,4,6,64,4,8,20
10965389,10965397,2,4,16,4,10,12,32,8,36
10969169,10969177,2,4,16,4,6,12,8,24,16
10973189,10973197,2,2,16,4,16,32,32,4,36
10978229,10978237,2,3,16,8,16,32,8,8,36
10979069,10979077,2,2,16,4,36,24,24,6,24
10980869,10980877,4,3,16,12,16,8,8,16,24
10989389,10989397,4,3,16,16,10,8,32,8,36
10991909,10991917,4,5,16,8,8,4,8,8,48
10992269,10992277,2,4,16,4,10,4,8,24,36
10995329,10995337,2,4,16,4,6,8,16,8,48
11008589,11008597,4,3,16,8,40,6,8,16,48
11010029,11010037,2,4,16,4,50,32,8,4,12
11013689,11013697,4,3,16,8,12,4,16,16,42
11021909,11021917,2,2,16,4,32,30,16,4,48
11028389,11028397,2,4,16,8,16,20,8,8,12
11041409,11041417,5,3,16,8,12,16,4,48,24
11041769,11041777,2,3,16,8,24,8,16,12,30
11063729,11063737,2,3,16,4,24,4,24,4,128
11070869,11070877,2,3,16,4,16,12,4,16,24
11078789,11078797,5,4,16,8,8,24,4,24,12
11079569,11079577,2,2,16,4,24,4,16,24,48
11080829,11080837,6,2,16,8,64,16,16,4,36
11082209,11082217,3,4,16,8,6,6,16,8,32
11101829,11101837,5,4,16,8,48,48,4,4,12
11116829,11116837,5,4,16,8,12,32,4,8,18
11125109,11125117,4,4,16,8,8,4,32,8,18
11132609,11132617,2,4,16,4,6,16,8,8,32
11143589,11143597,2,2,16,4,32,6,24,16,24
11148509,11148517,2,2,16,4,24,4,32,32,60
11155289,11155297,6,5,16,12,6,8,8,4,24
11157869,11157877,2,2,16,4,20,4,32,16,36
11171309,11171317,4,3,16,8,40,6,48,8,48
11183189,11183197,2,4,16,8,16,12,8,16,12
11186429,11186437,2,4,16,4,36,6,8,16,12
11190209,11190217,2,4,16,4,24,12,8,4,32
11196389,11196397,2,4,16,4,8,8,16,8,36
11198909,11198917,2,3,16,4,28,12,4,32,36
11229629,11229637,4,4,16,8,14,6,16,8,48
11242229,11242237,5,3,16,24,16,10,4,4,24
11263709,11263717,2,4,16,4,12,8,16,4,36
11281169,11281177,2,3,16,4,18,8,24,12,24
11285129,11285137,4,3,16,16,12,4,32,8,80
11300609,11300617,3,3,16,8,6,16,32,8,96
11308889,11308897,2,3,16,4,12,32,4,16,60
11327969,11327977,2,5,16,4,12,8,8,6,48
11330609,11330617,2,4,16,4,12,18,8,8,64
11332109,11332117,2,3,16,8,60,32,8,8,48
11334269,11334277,2,3,16,4,32,8,16,6,24
11363369,11363377,2,5,16,4,12,12,8,8,20
11374889,11374897,2,5,16,8,12,12,8,8,40
11379989,11379997,2,3,16,8,16,16,8,8,36
11406089,11406097,6,4,16,8,6,8,16,4,100
11406929,11406937,2,2,16,8,24,8,16,16,16
11418629,11418637,6,6,16,8,8,12,8,4,12
11419229,11419237,2,4,16,4,24,8,8,8,36
11427509,11427517,2,3,16,4,16,4,8,16,18
11429489,11429497,2,3,16,4,24,4,4,24,48
11430329,11430337,2,4,16,8,12,12,16,8,56
11440409,11440417,2,3,16,6,6,32,16,8,96
11455589,11455597,2,4,16,4,16,8,8,4,18
11471729,11471737,3,4,16,8,6,96,8,8,64
11472809,11472817,2,2,16,6,48,16,16,8,20
11477009,11477017,4,4,16,16,6,4,8,8,24
11483309,11483317,2,4,16,8,20,8,8,8,48
11508989,11508997,2,3,16,4,72,32,16,8,12
11513009,11513017,2,4,16,4,72,8,8,8,80
11517689,11517697,2,3,16,4,6,16,12,24,54
11528969,11528977,2,3,16,4,48,20,8,12,40
11530289,11530297,2,3,16,4,12,8,16,16,32
11555969,11555977,5,3,16,24,12,64,4,6,32
11557829,11557837,2,2,16,4,32,32,16,8,48
11561909,11561917,2,2,16,4,8,24,16,16,48
11565929,11565937,2,5,16,4,12,8,8,4,80
11567729,11567737,2,2,16,8,48,8,16,32,24
11589989,11589997,4,2,16,16,16,8,8,16,24
11597609,11597617,2,3,16,4,24,16,12,8,60
11609789,11609797,6,2,16,8,28,36,16,4,48
11610509,11610517,2,3,16,4,20,8,4,16,24
11617589,11617597,2,3,16,4,16,32,4,8,72
11629769,11629777,2,3,16,4,48,12,32,12,40
11632289,11632297,6,3,16,8,24,6,16,4,64
11638589,11638597,2,3,16,8,56,16,8,8,24
11642009,11642017,2,4,16,4,12,12,4,24,24
11648309,11648317,2,1,16,8,32,32,16,16,24
11670689,11670697,2,3,16,4,18,8,16,4,64
11670809,11670817,2,3,16,4,12,36,8,16,24
11679089,11679097,2,4,16,8,12,8,8,16,128
11681429,11681437,6,4,16,8,32,12,8,4,48
11685929,11685937,6,4,16,6,24,12,8,4,40
11691389,11691397,2,2,16,4,32,16,16,8,54
11691689,11691697,2,4,16,4,12,12,24,8,20
11705789,11705797,2,3,16,4,112,16,8,4,36
11711009,11711017,4,4,16,16,12,4,8,4,48
11715089,11715097,2,5,16,8,12,12,8,8,64
11721209,11721217,3,1,16,16,6,16,16,16,80
11723729,11723737,2,2,16,4,12,24,16,16,32
11729009,11729017,4,3,16,16,12,4,24,4,64
11741369,11741377,2,3,16,4,12,48,8,32,28
11759009,11759017,2,4,16,4,6,48,4,4,16
11761769,11761777,2,3,16,4,24,16,4,6,120
11766269,11766277,6,4,16,8,80,8,8,6,24
11775089,11775097,2,4,16,4,18,8,8,4,24
11782769,11782777,4,3,16,32,12,8,16,12,16
11784209,11784217,6,3,16,8,24,24,8,4,64
11796269,11796277,2,2,16,4,20,10,16,18,24
11802389,11802397,4,5,16,8,32,6,8,8,12
11811629,11811637,4,2,16,16,40,8,8,32,24
11821169,11821177,6,3,16,8,24,64,8,6,24
11822969,11822977,2,5,16,4,12,8,4,12,128
11825609,11825617,3,4,16,16,6,6,8,8,40
11836469,11836477,2,3,16,4,8,8,16,24,24
11841629,11841637,2,4,16,8,24,12,12,8,48
11844389,11844397,6,1,16,16,16,32,16,8,36
11846369,11846377,3,4,16,8,6,16,8,8,48
11849069,11849077,5,4,16,12,20,8,4,12,54
11874089,11874097,2,2,16,4,24,24,4,16,60
11883089,11883097,2,3,16,4,12,16,16,8,48
11885429,11885437,4,2,16,16,48,8,32,8,36
11897309,11897317,2,3,16,4,24,8,32,8,36
11906429,11906437,2,3,16,4,32,80,8,4,48
11911709,11911717,2,3,16,8,12,24,16,8,36
11971769,11971777,2,4,16,4,12,32,8,6,56
11978129,11978137,2,4,16,8,48,8,8,8,24
12004529,12004537,6,4,16,12,6,24,8,4,32
12009629,12009637,2,3,16,4,24,8,64,8,36
12018569,12018577,2,3,16,4,6,18,16,12,80
12050669,12050677,2,3,16,8,20,8,8,24,36
12056609,12056617,2,5,16,4,6,8,8,8,96
12058169,12058177,2,4,16,4,12,16,4,12,56
12077609,12077617,2,5,16,8,12,8,8,12,120
12080729,12080737,5,3,16,12,24,32,4,4,36
12106109,12106117,2,4,16,4,32,8,8,8,72
12118529,12118537,2,3,16,4,6,16,8,32,48
12119369,12119377,2,3,16,4,6,24,16,10,40
12124829,12124837,5,4,16,8,12,16,4,4,48
12126629,12126637,4,4,16,8,32,4,8,8,36
12131429,12131437,4,3,16,8,16,6,16,8,24
12148769,12148777,3,4,16,8,6,16,8,12,48
12151409,12151417,2,2,16,8,72,24,16,8,64
12156329,12156337,2,4,16,8,12,16,8,8,120
12170009,12170017,5,2,16,16,12,16,8,16,36
12176789,12176797,4,3,16,8,16,6,24,8,24
12177029,12177037,2,3,16,4,32,16,4,8,18
12188009,12188017,2,5,16,4,12,4,8,12,80
12189809,12189817,2,1,16,8,24,16,16,16,96
12209429,12209437,2,4,16,8,8,8,8,32,18
12231389,12231397,2,4,16,8,12,16,8,8,18
12239069,12239077,2,3,16,4,24,72,8,12,24
12246329,12246337,2,2,16,4,24,16,16,8,112
12258209,12258217,5,3,16,32,12,16,4,4,40
12264269,12264277,2,3,16,4,20,12,32,6,48
12272069,12272077,2,3,16,8,16,16,8,12,36
12278129,12278137,2,4,16,4,6,12,16,8,128
12278729,12278737,3,2,16,8,6,16,16,16,80
12284969,12284977,2,2,16,4,24,16,16,12,80
12292589,12292597,5,4,16,8,40,8,4,8,18
12293069,12293077,5,2,16,24,20,16,8,12,24
12311609,12311617,3,5,16,8,6,12,8,8,28
12319529,12319537,6,5,16,12,12,10,8,4,40
12323669,12323677,4,2,16,8,16,6,32,24,24
12327089,12327097,4,4,16,16,12,8,8,8,32
12329489,12329497,2,4,16,4,12,8,8,16,80
12330029,12330037,5,3,16,8,80,16,4,8,24
12360209,12360217,2,5,16,4,12,6,8,8,32
12393869,12393877,5,3,16,8,20,12,4,32,24
12416009,12416017,2,4,16,4,18,12,8,8,40
12421589,12421597,6,3,16,8,32,10,16,4,48
12430829,12430837,6,2,16,8,40,16,16,4,36
12435089,12435097,2,2,16,4,36,32,16,8,16
12437129,12437137,4,3,16,6,12,4,16,16,30
12441089,12441097,6,4,16,8,6,16,12,4,48
12465209,12465217,3,4,16,8,6,8,8,16,168
12470729,12470737,5,3,16,16,6,32,4,8,40
12493769,12493777,2,4,16,8,12,12,8,48,80
12495089,12495097,5,3,16,16,6,8,4,16,24
12497369,12497377,2,3,16,4,12,24,8,32,72
12498869,12498877,3,5,16,12,8,8,8,8,72
12508409,12508417,2,3,16,4,24,16,4,8,108
12510209,12510217,2,4,16,4,24,4,8,8,48
12534329,12534337,2,3,16,4,6,16,8,16,84
12543269,12543277,4,5,16,8,32,6,8,6,12
12566669,12566677,5,2,16,24,40,24,4,12,24
12579509,12579517,4,4,16,8,16,4,4,12,48
12584009,12584017,2,3,16,4,24,16,4,8,60
12602189,12602197,2,4,16,4,20,4,8,4,24
12607589,12607597,2,2,16,8,16,8,16,48,48
12609689,12609697,2,4,16,4,24,12,4,8,48
12610589,12610597,6,3,16,12,48,16,8,4,24
12623969,12623977,2,4,16,4,6,4,8,48,24
12627569,12627577,5,4,16,16,12,8,4,12,80
12638369,12638377,2,3,16,4,12,16,24,8,32
12650969,12650977,2,3,16,4,6,16,8,24,144
12657209,12657217,6,4,16,16,6,6,8,4,112
12659609,12659617,4,3,16,12,24,4,32,4,72
12663389,12663397,2,4,16,4,24,8,8,8,36
12664109,12664117,2,3,16,4,20,32,8,4,36
12681209,12681217,6,4,16,8,12,8,16,4,96
12686969,12686977,2,5,16,6,6,8,8,12,64
12695369,12695377,5,4,16,8,12,10,4,32,20
12695729,12695737,2,3,16,4,24,12,16,8,96
12716489,12716497,2,4,16,4,12,32,8,12,60
12718469,12718477,4,3,16,8,32,4,4,24,36
12722729,12722737,2,4,16,4,48,12,4,8,40
12723509,12723517,2,4,16,8,16,12,12,8,72
12726689,12726697,2,4,16,4,12,48,12,8,16
12726929,12726937,3,4,16,8,6,8,8,16,32
12740789,12740797,4,2,16,16,32,8,16,8,18
12743309,12743317,5,4,16,8,20,8,4,8,36
12761789,12761797,5,5,16,8,14,20,4,4,12
12775709,12775717,4,4,16,8,12,4,16,8,18
12788609,12788617,2,4,16,6,12,12,8,16,32
12803969,12803977,2,2,16,4,24,16,4,24,48
12805229,12805237,2,2,16,4,40,16,16,8,48
12811289,12811297,5,4,16,8,12,24,4,12,24
12831809,12831817,2,4,16,4,24,6,8,8,16
12852869,12852877,5,2,16,8,16,24,4,32,24
12855929,12855937,2,3,16,4,36,12,24,8,32
12862769,12862777,2,3,16,4,48,64,4,12,32
12864209,12864217,2,3,16,4,6,24,8,32,32
12864989,12864997,2,3,16,4,48,8,8,32,36
12865289,12865297,2,3,16,4,12,18,24,4,40
12891029,12891037,2,4,16,4,64,12,16,4,12
12909989,12909997,2,4,16,4,16,8,4,8,48
12914609,12914617,5,3,16,8,12,16,4,32,128
12917129,12917137,4,2,16,16,24,6,8,24,40
12918089,12918097,2,3,16,4,24,4,16,8,80
12922229,12922237,3,4,16,12,8,12,16,8,18
12922529,12922537,2,2,16,4,24,48,16,8,64
12926729,12926737,2,4,16,4,48,8,8,4,80
12950789,12950797,3,3,16,16,8,16,8,32,12
12959489,12959497,4,3,16,16,24,4,4,4,48
12966809,12966817,6,4,16,8,12,12,16,4,48
12970289,12970297,2,3,16,4,6,16,4,16,48
12978929,12978937,6,5,16,8,12,8,8,4,24
12994229,12994237,6,4,16,8,8,32,8,4,48
13004129,13004137,6,1,16,24,24,24,32,8,48
13005029,13005037,2,4,16,8,8,8,32,8,120
13028789,13028797,2,4,16,4,32,8,8,8,72
13037789,13037797,2,2,16,8,24,16,32,8,18
13043489,13043497,2,2,16,4,24,24,16,4,32
13044209,13044217,2,4,16,4,12,32,8,8,16
13047809,13047817,2,5,16,8,12,12,12,8,16
13051109,13051117,2,3,16,8,16,8,8,32,72
13051229,13051237,2,3,16,8,48,48,8,8,24
13054169,13054177,2,5,16,4,12,8,8,6,96
13067129,13067137,5,4,16,16,12,8,4,12,128
13072529,13072537,5,3,16,8,36,32,4,8,32
13077209,13077217,2,5,16,4,6,8,4,8,72
13090709,13090717,4,2,16,16,8,4,32,16,36
13114469,13114477,2,3,16,4,16,4,8,24,18
13126709,13126717,2,4,16,4,32,8,8,8,36
13135469,13135477,2,2,16,4,20,16,16,24,12
13136009,13136017,6,3,16,16,6,40,8,4,40
13147769,13147777,4,4,16,8,24,4,4,12,96
13164989,13164997,5,5,16,8,14,12,4,4,24
13174709,13174717,6,4,16,16,8,6,16,4,12
13190909,13190917,2,3,16,4,72,12,32,8,24
13193129,13193137,4,3,16,16,12,8,8,16,60
13194689,13194697,2,3,16,4,24,12,4,16,32
13195829,13195837,2,4,16,4,32,8,8,8,36
13211969,13211977,2,4,16,4,6,12,4,24,32
13213289,13213297,5,4,16,12,24,8,4,8,60
13214909,13214917,2,4,16,4,14,4,8,16,144
13217429,13217437,2,2,16,4,16,16,8,24,36
13227329,13227337,2,4,16,8,12,8,8,16,24
13228169,13228177,2,4,16,4,24,12,12,6,160
13231289,13231297,2,3,16,4,12,4,16,16,224
13242629,13242637,2,3,16,8,32,16,8,8,96
13257389,13257397,4,5,16,12,10,4,8,8,54
13257689,13257697,2,4,16,4,48,6,4,8,24
13260209,13260217,6,3,16,8,12,32,16,4,32
13277129,13277137,4,4,16,8,12,6,16,8,80
13281629,13281637,5,4,16,8,48,6,4,8,24
13288829,13288837,2,3,16,4,64,16,8,8,24
13294409,13294417,6,3,16,8,24,12,64,4,40
13294829,13294837,2,3,16,8,40,16,8,8,18
13296089,13296097,2,3,16,4,12,8,16,16,96
13296929,13296937,2,2,16,4,36,32,24,8,32
13303109,13303117,2,2,16,4,32,4,16,16,60
13307009,13307017,6,4,16,8,6,24,8,4,48
13311929,13311937,2,2,16,4,24,4,16,32,126
13318589,13318597,4,3,16,12,84,4,8,16,18
13343789,13343797,2,3,16,8,40,8,8,32,18
13348109,13348117,4,3,16,16,10,4,16,12,36
13382609,13382617,2,5,16,4,12,6,8,4,64
13386809,13386817,2,3,16,4,12,16,16,8,112
13424009,13424017,2,3,16,4,12,24,4,16,40
13440389,13440397,4,2,16,12,16,6,16,16,24
13443329,13443337,5,4,16,8,24,8,4,4,96
13449269,13449277,5,3,16,12,24,8,4,18,36
13458989,13458997,5,1,16,24,20,16,4,16,18
13460009,13460017,2,3,16,4,6,48,16,4,40
13472309,13472317,5,3,16,8,32,24,4,8,72
13476269,13476277,2,3,16,4,10,8,24,18,36
13483229,13483237,2,3,16,4,36,32,4,4,48
13490669,13490677,2,3,16,4,40,64,8,12,18
13508969,13508977,5,5,16,8,6,6,4,12,40
13514429,13514437,2,3,16,4,28,8,8,32,72
13523009,13523017,2,4,16,8,12,12,8,16,64
13546409,13546417,6,3,16,16,12,8,16,4,80
13574909,13574917,5,3,16,16,36,8,4,4,72
13588709,13588717,2,4,16,4,32,6,4,16,12
13611209,13611217,2,3,16,4,6,32,4,16,40
13617209,13617217,2,4,16,8,12,8,16,8,84
13627589,13627597,5,4,16,8,32,24,4,4,12
13631369,13631377,5,4,16,12,12,12,8,16,60
13638269,13638277,2,3,16,8,32,12,16,12,72
13641689,13641697,2,4,16,8,12,8,16,8,120
13667369,13667377,2,2,16,4,12,20,24,16,20
13675889,13675897,2,3,16,4,24,32,8,8,96
13679789,13679797,2,3,16,4,40,16,4,4,24
13683269,13683277,2,3,16,4,8,8,16,24,96
13689869,13689877,2,3,16,4,20,12,16,8,48
13698389,13698397,4,4,16,8,16,4,8,8,72
13698689,13698697,5,5,16,8,12,8,4,8,64
13766729,13766737,2,4,16,8,12,8,8,24,40
13784369,13784377,2,4,16,4,12,12,4,24,32
13790729,13790737,2,4,16,4,12,12,4,16,60
13792469,13792477,3,5,16,12,8,12,16,12,12
13795409,13795417,2,5,16,6,6,12,8,12,48
13805669,13805677,2,3,16,8,16,8,8,24,36
13811789,13811797,2,4,16,4,20,8,8,8,60
13830269,13830277,6,3,16,24,32,12,16,6,12
13834409,13834417,2,3,16,4,6,24,16,12,40
13847069,13847077,2,4,16,4,12,8,4,24,18
13857629,13857637,4,4,16,8,12,6,8,16,48
13872569,13872577,2,4,16,4,12,32,8,12,28
13877069,13877077,2,4,16,4,40,48,8,6,12
13884809,13884817,2,4,16,4,24,12,8,8,40
13886429,13886437,2,3,16,8,48,48,16,8,12
13902989,13902997,2,3,16,4,10,24,16,4,48
13918889,13918897,4,5,16,6,12,4,8,4,60
13934009,13934017,4,2,16,16,12,4,16,16,84
13936829,13936837,2,4,16,4,56,8,4,16,12
13942469,13942477,2,3,16,4,8,16,16,12,24
13944569,13944577,2,3,16,4,6,12,16,24,72
13946909,13946917,4,4,16,8,96,6,12,16,12
13965869,13965877,2,2,16,8,40,8,32,32,72
13966229,13966237,4,3,16,8,16,4,8,16,48
13969289,13969297,6,4,16,8,6,16,8,4,60
13980269,13980277,6,4,16,8,10,8,32,6,72
13982369,13982377,4,3,16,8,12,6,16,16,32
13993229,13993237,2,4,16,4,40,8,8,4,30
13999529,13999537,2,5,16,8,12,8,8,8,60
14013029,14013037,2,4,16,4,96,4,8,8,36
14013569,14013577,5,3,16,24,6,16,4,6,72
14066069,14066077,2,2,16,4,32,24,16,12,24
14075069,14075077,2,4,16,4,28,8,8,12,24
14077229,14077237,2,3,16,4,20,24,4,4,24
14080529,14080537,2,3,16,8,12,8,16,32,48
14081069,14081077,4,4,16,8,10,4,16,12,36
14091689,14091697,2,3,16,4,24,32,8,8,30
14092709,14092717,2,3,16,8,16,12,8,32,48
14107529,14107537,2,3,16,4,12,16,8,24,45
14112509,14112517,6,3,16,8,18,12,24,4,96
14114189,14114197,4,3,16,16,20,8,8,8,24
14123489,14123497,2,2,16,4,12,24,16,16,32
14126729,14126737,2,5,16,4,6,6,4,8,40
14136509,14136517,2,2,16,4,42,32,16,8,36
14143529,14143537,5,3,16,8,48,8,4,16,60
14148569,14148577,2,4,16,4,12,12,16,12,72
14169569,14169577,2,3,16,4,12,64,8,36,16
14176829,14176837,6,3,16,12,28,16,8,4,24
14197709,14197717,2,3,16,8,20,8,8,16,72
14199329,14199337,2,5,16,4,12,8,8,8,72
14204909,14204917,5,1,16,16,20,16,4,16,72
14219969,14219977,2,3,16,4,24,12,8,48,32
14221289,14221297,5,4,16,16,12,8,4,8,60
14243069,14243077,2,2,16,4,72,16,8,48,81
14247509,14247517,2,4,16,8,8,48,8,8,24
14262869,14262877,5,3,16,12,16,8,4,48,36
14265689,14265697,2,3,16,8,24,32,8,8,48
14274209,14274217,2,4,16,4,12,4,16,4,96
14281769,14281777,2,4,16,4,12,8,16,12,90
14286989,14286997,2,2,16,8,40,32,8,16,24
14292029,14292037,2,4,16,8,14,16,8,8,108
14331809,14331817,2,4,16,4,12,8,48,4,80
14346209,14346217,3,3,16,8,6,16,8,16,48
14366909,14366917,2,3,16,8,28,32,8,8,48
14367029,14367037,6,2,16,16,16,12,16,8,24
14370809,14370817,6,3,16,16,12,12,36,8,48
14385269,14385277,2,4,16,8,16,12,8,12,60
14385989,14385997,2,2,16,4,16,4,32,32,36
14412569,14412577,2,3,16,8,12,48,16,12,24
14435129,14435137,2,4,16,4,6,8,8,24,84
14441369,14441377,4,3,16,16,12,6,8,16,24
14453609,14453617,2,3,16,4,12,8,16,16,40
14455289,14455297,2,4,16,4,12,8,12,16,60
14465369,14465377,2,1,16,4,24,16,64,16,36
14477909,14477917,2,3,16,4,16,8,16,8,24
14502269,14502277,2,3,16,4,32,16,8,12,36
14542529,14542537,4,3,16,8,12,6,16,16,32
14553689,14553697,2,3,16,8,12,24,32,8,96
14560409,14560417,2,4,16,4,24,8,12,8,72
14561489,14561497,2,3,16,4,12,16,4,16,24
14589209,14589217,4,3,16,24,36,8,8,8,72
14603909,14603917,6,3,16,8,8,24,16,4,24
14609729,14609737,2,4,16,4,12,4,8,16,48
14621609,14621617,2,3,16,4,12,8,16,24,60
14622869,14622877,2,2,16,4,16,16,12,32,48
14631809,14631817,2,3,16,4,12,16,8,16,32
14638289,14638297,2,1,16,4,24,16,16,16,16
14639189,14639197,5,3,16,6,16,24,4,8,96
14647169,14647177,4,4,16,12,12,8,8,24,128
14649269,14649277,2,3,16,8,32,18,8,24,12
14650169,14650177,2,3,16,4,24,8,16,12,28
14665829,14665837,2,3,16,8,16,64,8,8,24
14668769,14668777,5,3,16,8,12,24,4,24,40
14673809,14673817,2,4,16,4,12,32,8,8,48
14682929,14682937,2,3,16,4,48,12,48,4,32
14690189,14690197,2,2,16,4,80,16,4,16,36
14690309,14690317,2,5,16,8,64,12,8,8,12
14699669,14699677,6,3,16,8,32,48,16,6,12
14705489,14705497,2,3,16,4,6,24,8,16,64
14711009,14711017,5,4,16,8,6,6,4,16,32
14712629,14712637,2,4,16,8,24,36,8,8,12
14716769,14716777,2,3,16,4,12,24,8,24,16
14738909,14738917,2,3,16,4,24,24,4,16,12
14746169,14746177,2,3,16,4,12,16,32,6,42
14747729,14747737,2,4,16,4,12,48,8,8,32
14748329,14748337,2,4,16,4,12,16,4,8,120
14749589,14749597,2,4,16,4,32,8,4,8,18
14781929,14781937,2,3,16,4,12,20,4,16,40
14787329,14787337,5,3,16,12,24,16,4,8,16
14790389,14790397,5,3,16,16,16,12,4,4,24
14791289,14791297,6,4,16,8,12,24,8,4,64
14797469,14797477,2,3,16,6,12,8,16,24,18
14807489,14807497,6,2,16,8,24,18,16,4,48
14814329,14814337,2,4,16,8,24,10,8,8,64
14828609,14828617,2,5,16,8,12,8,8,8,96
14855429,14855437,2,2,16,4,16,16,8,32,18
14858309,14858317,4,4,16,8,64,4,4,4,90
14868569,14868577,2,4,16,4,12,8,16,12,48
14872469,14872477,6,3,16,8,16,36,8,6,24
14893589,14893597,2,2,16,4,16,32,16,8,18
14902409,14902417,2,3,16,4,24,16,8,8,60
14907569,14907577,2,3,16,8,24,12,16,12,32
14908889,14908897,2,4,16,4,12,4,48,4,36
14922329,14922337,3,3,16,8,6,16,16,8,96
14930309,14930317,6,3,16,12,32,8,48,4,18
14932109,14932117,2,2,16,4,20,24,8,16,36
14949929,14949937,5,4,16,8,12,8,4,64,120
14952029,14952037,2,2,16,4,24,24,4,16,48
14966429,14966437,2,3,16,4,24,12,8,16,36
14973869,14973877,4,3,16,12,20,4,12,32,24
14985569,14985577,2,4,16,4,36,8,8,12,48
14990369,14990377,2,3,16,4,12,16,24,8,16
15002489,15002497,3,2,16,8,6,16,16,16,80
15018869,15018877,4,1,16,16,16,8,32,16,18
15021689,15021697,2,2,16,4,24,20,4,16,32
15027629,15027637,2,4,16,8,20,8,8,8,24
15038129,15038137,2,4,16,4,48,8,4,8,80
15043529,15043537,2,3,16,4,12,8,16,24,80
15049109,15049117,2,2,16,8,24,16,16,8,18
15054089,15054097,2,3,16,4,6,24,12,16,80
15060029,15060037,2,4,16,4,56,8,8,4,48
15066509,15066517,2,3,16,4,40,32,8,12,48
15087629,15087637,6,4,16,8,40,8,12,4,72
15096209,15096217,6,2,16,16,24,20,12,4,16
15103589,15103597,2,3,16,8,32,12,32,8,24
15104489,15104497,5,5,16,8,12,6,4,12,40
15112589,15112597,2,4,16,4,40,12,8,8,24
15114809,15114817,2,4,16,4,12,8,32,4,56
15116369,15116377,2,3,16,4,12,12,24,32,32
15124289,15124297,4,5,16,12,12,8,8,8,64
15130469,15130477,2,3,16,4,32,4,8,24,120
15139829,15139837,4,4,16,8,16,4,8,8,18
15140129,15140137,2,4,16,4,36,6,4,4,32
15146129,15146137,3,3,16,16,6,8,8,32,32
15148589,15148597,2,3,16,4,20,8,8,48,24
15153869,15153877,2,3,16,4,20,8,8,32,18
15159569,15159577,3,3,16,16,6,24,8,6,64
15173429,15173437,2,2,16,8,32,32,8,16,24
15178469,15178477,2,4,16,8,16,24,8,12,12
15181409,15181417,6,3,16,16,12,32,8,4,24
15197969,15197977,2,2,16,4,24,16,8,24,64
15212129,15212137,2,4,16,8,12,12,16,8,32
15214889,15214897,2,4,16,4,36,8,4,8,120
15222929,15222937,2,3,16,4,6,24,8,16,32
15242729,15242737,6,2,16,16,12,18,32,8,20
15247109,15247117,2,2,16,8,32,16,16,8,30
15257009,15257017,3,5,16,12,6,8,8,8,48
15257369,15257377,2,2,16,4,24,8,24,48,48
15259289,15259297,2,3,16,4,12,16,16,8,48
15281789,15281797,2,4,16,8,16,12,16,8,12
15285629,15285637,2,1,16,8,16,16,16,16,18
15292229,15292237,5,5,16,8,8,28,4,12,12
15298889,15298897,2,3,16,4,48,6,12,16,40
15301469,15301477,2,3,16,8,12,32,8,18,36
15309929,15309937,4,2,16,16,24,8,16,8,30
15313709,15313717,4,3,16,8,10,4,16,16,36
15317669,15317677,2,5,16,4,8,8,8,12,72
15318509,15318517,2,4,16,4,20,24,4,4,12
15335129,15335137,5,4,16,8,12,32,4,8,48
15343409,15343417,2,3,16,4,48,4,8,16,48
15345689,15345697,2,2,16,8,24,24,16,8,48
15353609,15353617,5,4,16,12,12,12,4,16,40
15354029,15354037,6,4,16,8,10,16,8,4,30
15356189,15356197,2,5,16,4,12,8,8,4,48
15366209,15366217,5,3,16,16,12,16,4,8,16
15368069,15368077,5,2,16,16,16,16,8,12,24
15371669,15371677,4,4,16,8,16,4,8,12,36
15387509,15387517,2,3,16,4,16,4,4,16,96
15387629,15387637,2,4,16,8,40,12,8,8,48
15390929,15390937,2,3,16,4,12,16,8,16,48
15392009,15392017,2,3,16,8,12,24,32,8,60
15404189,15404197,6,3,16,16,48,48,8,4,12
15415229,15415237,2,4,16,4,56,8,8,8,72
15435389,15435397,2,2,16,8,96,16,16,8,36
15435869,15435877,2,5,16,4,12,8,4,64,12
15438629,15438637,2,3,16,4,48,8,8,32,18
15439469,15439477,2,5,16,4,10,12,8,6,48
15472829,15472837,2,2,16,8,28,8,16,16,48
15489689,15489697,3,4,16,8,6,12,12,24,48
15494789,15494797,6,3,16,8,32,16,8,4,18
15508469,15508477,5,3,16,16,32,8,4,12,48
15509309,15509317,6,3,16,8,56,10,16,4,48
15517289,15517297,2,2,16,6,12,16,16,16,60
15518669,15518677,2,3,16,8,20,12,8,24,24
15524129,15524137,2,3,16,6,24,8,8,16,40
15526409,15526417,2,3,16,4,24,24,8,4,20
15544769,15544777,2,4,16,4,6,12,16,12,32
15548969,15548977,2,4,16,4,12,16,12,12,40
15557609,15557617,2,3,16,4,24,8,32,12,40
15557909,15557917,2,3,16,4,16,40,4,8,48
15558629,15558637,6,4,16,8,8,6,16,4,24
15567989,15567997,2,3,16,4,32,24,16,8,12
15574829,15574837,2,3,16,4,80,12,32,4,24
15580769,15580777,2,2,16,4,24,12,16,48,32
15603089,15603097,6,3,16,8,12,48,32,4,32
15603869,15603877,2,2,16,4,24,4,16,32,36
15620369,15620377,2,3,16,4,12,12,24,16,32
15625109,15625117,2,3,16,4,16,16,4,8,96
15628289,15628297,2,4,16,4,12,24,8,4,16
15654269,15654277,4,3,16,8,16,4,8,36,48
15654929,15654937,2,3,16,4,24,24,8,4,64
15657869,15657877,5,3,16,6,10,16,4,16,36
15659429,15659437,2,1,16,4,16,32,16,16,48
15681569,15681577,2,2,16,4,12,16,16,48,32
15682889,15682897,4,4,16,24,12,4,8,8,50
15699209,15699217,3,3,16,16,6,6,8,16,80
15724469,15724477,5,3,16,16,16,8,4,12,96
15726569,15726577,2,3,16,8,24,12,8,24,40
15746189,15746197,2,5,16,4,40,12,8,8,12
15747989,15747997,6,3,16,8,16,16,8,4,48
15765509,15765517,4,2,16,16,16,8,8,16,120
15770129,15770137,2,3,16,4,12,20,16,8,16
15781889,15781897,2,3,16,4,24,8,16,8,72
15791189,15791197,5,2,16,24,16,40,4,8,24
15795029,15795037,5,4,16,8,32,8,4,8,36
15802169,15802177,5,4,16,8,12,24,4,6,84
15807269,15807277,2,1,16,4,32,16,16,24,36
15842909,15842917,2,4,16,4,24,8,4,8,36
15848969,15848977,2,4,16,4,6,16,4,12,80
15861569,15861577,3,4,16,8,6,48,8,12,16
15873089,15873097,4,2,16,8,24,6,16,16,32
15899189,15899197,2,3,16,8,16,16,8,8,24
15906809,15906817,2,3,16,4,6,32,16,8,72
15917969,15917977,2,4,16,4,24,8,4,6,24
15932369,15932377,4,4,16,8,6,4,12,16,80
15955229,15955237,5,1,16,16,24,24,4,16,72
15978569,15978577,2,4,16,4,12,16,8,6,20
15979169,15979177,6,4,16,8,24,8,8,6,48
15989429,15989437,2,4,16,4,8,4,8,48,18
15990089,15990097,5,4,16,8,12,12,4,16,80
15990269,15990277,2,3,16,6,20,18,8,12,24
15997469,15997477,2,3,16,6,24,16,8,12,48
15999509,15999517,5,3,16,8,16,8,4,16,72
16019669,16019677,2,4,16,4,8,4,24,12,36
16020869,16020877,2,2,16,4,32,24,4,16,48
16021289,16021297,6,1,16,16,24,16,24,4,120
16022189,16022197,2,3,16,4,10,16,8,16,36
16035329,16035337,2,4,16,8,12,8,8,16,24
16040909,16040917,5,2,16,8,40,16,4,32,42
16045529,16045537,2,3,16,4,12,24,8,24,144
16046669,16046677,2,4,16,4,10,8,32,6,18
16064969,16064977,5,3,16,12,48,14,8,24,40
16075769,16075777,2,2,16,4,24,48,16,6,44
16076369,16076377,2,3,16,4,24,8,8,32,24
16080689,16080697,4,3,16,16,24,4,8,4,48
16090709,16090717,6,3,16,16,32,12,8,4,24
16095389,16095397,2,3,16,6,24,6,16,8,48
16106009,16106017,5,4,16,8,12,64,4,12,24
16119209,16119217,2,3,16,4,6,32,8,16,40
16129109,16129117,2,3,16,4,8,64,32,4,18
16130189,16130197,4,3,16,16,20,8,8,8,36
16130369,16130377,2,1,16,4,24,16,16,16,24
16137389,16137397,4,3,16,8,10,4,16,16,36
16139729,16139737,2,3,16,4,48,16,8,4,40
16141529,16141537,4,5,16,6,12,4,8,8,72
16143629,16143637,2,4,16,8,20,24,8,8,12
16143689,16143697,2,2,16,4,24,16,16,4,60
16149989,16149997,3,4,16,12,8,8,16,8,48
16154129,16154137,3,2,16,32,6,16,8,16,24
16155869,16155877,3,2,16,16,12,12,32,16,24
16156589,16156597,2,4,16,4,10,12,4,16,48
16163969,16163977,2,2,16,4,24,18,16,12,16
16179329,16179337,2,3,16,4,24,4,16,8,48
16204469,16204477,2,2,16,4,32,24,16,48,12
16211189,16211197,2,3,16,4,16,8,8,64,18
16221089,16221097,2,3,16,4,12,16,8,16,48
16238129,16238137,6,4,16,8,12,12,16,4,16
16239269,16239277,2,3,16,4,16,4,4,24,36
16245869,16245877,2,4,16,4,10,32,8,8,24
16246289,16246297,2,2,16,8,24,48,16,8,96
16267109,16267117,2,4,16,4,8,12,8,16,24
16290569,16290577,5,4,16,12,12,16,8,12,120
16296809,16296817,5,2,16,16,72,24,4,8,20
16299329,16299337,2,4,16,4,12,8,8,16,32
16305269,16305277,2,4,16,4,8,8,4,24,48
16308209,16308217,2,2,16,4,12,16,16,16,48
16313909,16313917,2,4,16,4,16,96,8,8,12
16357709,16357717,2,3,16,4,20,4,4,32,36
16358729,16358737,2,4,16,4,12,8,32,8,80
16363289,16363297,2,2,16,4,24,4,16,16,120
16369889,16369897,5,3,16,16,24,12,4,8,16
16375889,16375897,4,3,16,8,24,4,16,4,72
16376189,16376197,5,3,16,8,64,6,4,16,24
16380509,16380517,5,6,16,8,12,12,4,4,12
16390469,16390477,2,3,16,4,32,8,16,12,18
16400309,16400317,2,4,16,8,32,16,8,8,12
16405229,16405237,5,3,16,12,10,16,8,16,18
16407569,16407577,2,4,16,4,12,16,4,6,64
16413629,16413637,2,3,16,4,28,6,4,16,48
16417229,16417237,2,2,16,4,20,24,8,16,48
16423229,16423237,4,4,16,8,42,4,8,4,60
16444289,16444297,4,4,16,8,12,4,4,16,96
16451129,16451137,4,4,16,12,12,4,16,8,105
16453589,16453597,5,3,16,32,16,12,8,8,24
16468709,16468717,2,4,16,4,32,12,4,8,96
16507229,16507237,5,4,16,8,24,12,4,8,24
16508669,16508677,2,4,16,4,36,12,32,6,12
16516589,16516597,6,6,16,8,10,6,8,4,12
16520369,16520377,2,2,16,8,48,12,16,16,64
16543829,16543837,2,3,16,4,32,8,8,32,36
16549769,16549777,2,2,16,8,24,16,8,18,60
16567769,16567777,2,3,16,8,48,8,8,24,36
16568129,16568137,2,2,16,4,24,8,16,16,96
16584629,16584637,2,3,16,4,16,24,8,4,24
16603889,16603897,5,3,16,8,12,32,4,48,16
16637069,16637077,5,4,16,8,10,8,4,48,30
16640069,16640077,6,4,16,8,8,10,16,6,24
16652729,16652737,2,4,16,8,12,8,8,16,112
16660829,16660837,6,3,16,8,24,48,8,4,24
16665629,16665637,5,4,16,8,24,12,4,12,48
16670309,16670317,2,2,16,4,16,48,4,16,24
16694609,16694617,2,3,16,4,36,16,8,8,64
16695389,16695397,2,2,16,4,48,16,8,32,45
16696769,16696777,5,4,16,32,6,12,4,12,32
16697489,16697497,2,3,16,4,24,12,16,8,64
16703429,16703437,2,2,16,8,16,12,16,32,24
16704689,16704697,5,4,16,8,12,48,4,8,32
16708169,16708177,4,4,16,8,12,4,16,12,60
16719089,16719097,2,4,16,4,24,6,12,8,16
16731929,16731937,2,4,16,4,36,4,8,8,144
16734089,16734097,2,4,16,4,12,4,8,16,60
16781909,16781917,4,4,16,8,48,6,8,16,12
16790369,16790377,2,4,16,4,12,12,8,32,32
16801409,16801417,4,3,16,16,12,8,24,8,24
16806809,16806817,6,3,16,16,24,8,8,4,108
16810589,16810597,2,4,16,4,48,8,4,4,36
16813109,16813117,2,3,16,8,32,8,8,16,48
16819169,16819177,6,5,16,8,12,12,8,6,32
16819589,16819597,2,3,16,8,16,12,32,8,48
16828169,16828177,2,3,16,4,6,12,16,36,20
16838309,16838317,2,2,16,6,32,16,16,12,72
16841189,16841197,2,5,16,4,8,4,4,8,60
16843829,16843837,2,4,16,4,16,12,16,8,12
16851389,16851397,2,4,16,4,14,24,24,8,12
16859489,16859497,2,3,16,4,24,12,16,8,32
16882589,16882597,6,3,16,8,12,48,16,4,36
16890329,16890337,2,4,16,8,12,8,8,32,96
16892969,16892977,2,3,16,4,6,12,32,24,40
16896569,16896577,2,3,16,4,72,16,4,6,28
16902329,16902337,2,4,16,8,24,12,8,8,112
16940369,16940377,4,2,16,16,12,4,16,16,48
16967009,16967017,2,4,16,4,12,32,4,8,128
16967669,16967677,5,3,16,12,16,12,4,18,48
16977269,16977277,4,3,16,8,16,4,8,18,60
16996709,16996717,4,4,16,8,8,4,16,4,120
16999769,16999777,3,2,16,8,6,16,24,24,72
17021309,17021317,2,2,16,8,96,16,16,8,24
17023169,17023177,2,3,16,8,12,16,32,12,64
17023529,17023537,4,4,16,12,12,4,16,8,30
17032109,17032117,2,3,16,4,10,96,16,8,24
17034869,17034877,2,2,16,4,32,8,16,32,18
17038289,17038297,2,4,16,4,12,4,32,4,128
17043269,17043277,6,2,16,16,16,48,8,6,24
17053229,17053237,4,3,16,8,40,4,8,16,36
17082509,17082517,2,3,16,4,20,24,8,4,48
17085209,17085217,5,4,16,16,12,12,8,8,48
17087429,17087437,2,3,16,4,8,16,16,4,60
17091929,17091937,2,4,16,4,24,8,4,12,72
17094269,17094277,2,3,16,4,32,8,12,18,36
17104169,17104177,4,3,16,16,6,4,8,36,120
17106989,17106997,5,4,16,16,40,6,4,4,12
17111729,17111737,4,5,16,12,12,8,8,8,40
17115869,17115877,2,3,16,4,48,8,4,32,18
17119769,17119777,2,3,16,4,12,48,32,6,48
17124629,17124637,2,3,16,4,64,6,8,16,24
17136869,17136877,2,2,16,4,32,16,8,20,24
17153309,17153317,4,2,16,16,24,4,16,4,48
17162069,17162077,2,3,16,4,16,12,8,24,24
17167529,17167537,2,4,16,4,12,4,8,64,60
17221829,17221837,2,2,16,8,8,24,24,16,24
17226569,17226577,6,2,16,8,24,32,16,6,120
17232689,17232697,4,5,16,8,6,4,8,8,192
17250809,17250817,2,5,16,4,6,12,8,8,80
17253689,17253697,5,3,16,32,12,6,4,16,56
17265089,17265097,4,3,16,8,36,4,16,4,64
17270789,17270797,6,4,16,8,96,32,8,4,12
17276789,17276797,2,2,16,4,32,8,16,16,72
17286509,17286517,6,3,16,8,20,8,32,4,72
17295869,17295877,5,3,16,6,80,12,4,16,96
17298509,17298517,2,4,16,8,80,12,8,16,12
17303609,17303617,2,5,16,8,12,8,8,12,84
17312909,17312917,5,3,16,16,20,16,8,8,12
17336369,17336377,2,3,16,4,12,8,24,16,64
17338169,17338177,2,3,16,4,24,8,16,6,84
17342789,17342797,2,4,16,4,8,12,8,16,24
17346389,17346397,2,3,16,4,96,20,16,8,12
17347529,17347537,2,3,16,8,12,16,16,8,60
17351129,17351137,3,2,16,16,6,16,8,16,72
17357909,17357917,2,3,16,4,32,12,16,8,48
17369129,17369137,4,3,16,8,48,4,8,16,30
17371589,17371597,2,4,16,4,32,6,8,8,48
17373989,17373997,2,3,16,4,8,32,16,8,72
17391389,17391397,2,4,16,8,24,12,8,8,48
17409089,17409097,5,3,16,8,48,8,4,16,24
17409929,17409937,5,5,16,8,6,6,4,8,20
17415869,17415877,2,2,16,8,28,12,24,16,48
17420609,17420617,2,2,16,4,18,16,16,4,32
17449169,17449177,2,2,16,4,24,48,16,6,16
17455289,17455297,2,3,16,8,12,12,16,16,56
17458229,17458237,2,3,16,4,32,16,4,8,18
17476229,17476237,2,4,16,4,32,8,8,8,30
17480669,17480677,2,3,16,4,48,24,4,12,24
17490929,17490937,2,4,16,4,6,6,8,32,32
17501909,17501917,2,3,16,4,16,40,4,4,24
17515229,17515237,2,3,16,4,24,12,24,8,48
17522969,17522977,2,4,16,4,12,42,8,6,48
17537789,17537797,2,2,16,4,18,32,8,16,36
17569289,17569297,5,4,16,8,12,24,4,4,60
17573729,17573737,2,3,16,4,12,16,16,4,16
17579909,17579917,2,3,16,4,32,8,32,8,60
17581709,17581717,2,3,16,8,20,8,16,8,18
17593769,17593777,4,2,16,16,24,8,32,12,60
17604569,17604577,2,4,16,4,6,12,16,6,72
17609429,17609437,2,3,16,4,16,16,8,8,72
17623769,17623777,2,1,16,8,24,24,16,24,24
17626529,17626537,5,3,16,16,48,8,4,8,24
17628509,17628517,2,4,16,4,48,8,4,8,30
17633129,17633137,6,2,16,16,12,40,16,8,20
17635889,17635897,3,2,16,16,6,16,16,8,24
17642189,17642197,2,4,16,4,40,8,8,8,144
17642489,17642497,2,2,16,4,24,12,16,16,44
17651489,17651497,6,2,16,32,12,16,16,4,16
17663189,17663197,4,3,16,8,16,6,8,16,24
17666309,17666317,1,0,16,16,16,24,16,16,48
17716109,17716117,2,2,16,4,20,24,16,8,24
17731829,17731837,2,4,16,8,8,16,8,8,18
17762609,17762617,2,3,16,4,24,16,8,8,96
17767829,17767837,2,5,16,4,8,8,8,8,120
17778029,17778037,2,2,16,4,30,48,16,16,12
17779829,17779837,2,4,16,4,32,12,8,4,24
17787929,17787937,5,3,16,6,12,48,4,16,24
17794289,17794297,3,3,16,8,6,16,16,8,64
17798909,17798917,2,2,16,6,36,16,8,32,24
17824889,17824897,5,4,16,16,6,8,4,8,48
17829389,17829397,6,2,16,16,20,16,8,4,144
17837129,17837137,4,2,16,16,24,8,16,8,60
17839589,17839597,6,2,16,16,32,12,32,4,48
17847329,17847337,2,4,16,4,12,48,8,8,32
17852789,17852797,2,5,16,4,8,8,8,8,72
17865569,17865577,2,3,16,4,24,8,4,24,64
17882069,17882077,2,2,16,8,32,16,16,12,24
17892569,17892577,4,4,16,8,6,4,32,12,168
17898329,17898337,5,4,16,8,12,8,4,32,72
17944229,17944237,2,3,16,4,16,4,32,4,36
17954609,17954617,5,4,16,8,24,12,4,8,32
17959709,17959717,4,3,16,16,48,4,4,8,18
17963669,17963677,5,3,16,16,8,32,4,6,36
17986109,17986117,5,5,16,8,14,6,4,16,12
17997809,17997817,2,4,16,8,12,12,8,16,16
17998229,17998237,2,3,16,4,16,16,8,4,36
17998769,17998777,5,5,16,8,12,8,4,6,96
18011009,18011017,2,2,16,8,18,16,16,8,24
18013529,18013537,2,4,16,4,12,8,32,4,48
18020909,18020917,2,3,16,4,40,8,12,16,36
18030629,18030637,2,2,16,4,16,4,16,16,72
18036929,18036937,2,4,16,8,12,8,8,16,48
18050069,18050077,2,3,16,4,8,24,16,12,72
18066809,18066817,2,4,16,4,12,4,8,16,48
18080669,18080677,2,3,16,4,24,16,8,6,36
18086009,18086017,5,4,16,8,24,12,4,8,64
18116789,18116797,5,4,16,16,8,24,4,4,12
18117389,18117397,2,3,16,4,20,32,8,8,36
18134429,18134437,2,4,16,4,12,24,8,8,24
18140909,18140917,2,2,16,4,20,24,16,32,12
18141989,18141997,6,2,16,16,64,6,16,4,24
18145109,18145117,2,3,16,8,8,8,32,16,36
18147929,18147937,2,3,16,4,24,12,12,24,24
18150269,18150277,4,2,16,8,64,6,16,24,24
18155729,18155737,2,2,16,4,24,16,8,32,24
18167189,18167197,2,1,16,6,32,16,16,16,24
18182369,18182377,2,2,16,4,24,32,16,8,24
18196769,18196777,2,2,16,4,24,8,16,24,48
18216389,18216397,5,2,16,16,16,16,8,8,72
18219269,18219277,6,4,16,8,16,8,8,6,24
18226469,18226477,2,3,16,4,48,8,16,6,18
18239729,18239737,2,3,16,4,48,12,16,4,64
18240869,18240877,4,3,16,12,16,8,8,16,30
18243509,18243517,4,2,16,16,16,6,16,8,48
18252329,18252337,2,4,16,4,12,24,4,8,40
18261029,18261037,2,2,16,8,16,16,32,8,36
18269609,18269617,2,3,16,4,12,12,16,16,40
18273029,18273037,5,2,16,12,16,20,8,16,48
18273389,18273397,2,2,16,4,20,24,8,16,24
18303689,18303697,5,5,16,8,12,8,4,4,60
18304709,18304717,2,2,16,8,8,48,32,16,48
18318569,18318577,2,3,16,4,12,24,4,24,20
18319529,18319537,2,4,16,4,72,4,8,8,30
18343469,18343477,2,3,16,4,20,8,16,12,96
18364109,18364117,2,4,16,4,20,6,8,16,12
18370229,18370237,2,3,16,8,16,40,8,16,12
18371489,18371497,2,3,16,4,48,24,8,4,128
18380129,18380137,3,4,16,8,6,6,8,16,32
18384689,18384697,2,3,16,4,6,16,4,32,96
18389309,18389317,2,4,16,4,14,6,16,8,24
18405689,18405697,2,3,16,4,24,6,4,16,56
18416669,18416677,5,3,16,8,24,32,4,12,24
18434489,18434497,2,3,16,8,12,32,32,8,28
18438689,18438697,2,4,16,4,6,64,4,8,24
18443189,18443197,2,3,16,8,16,8,64,8,18
18453209,18453217,3,4,16,8,6,6,8,32,48
18472529,18472537,4,3,16,16,24,4,8,8,80
18480809,18480817,6,5,16,8,12,8,12,4,30
18483869,18483877,2,2,16,8,24,8,24,16,60
18484229,18484237,2,3,16,4,32,8,4,32,36
18489629,18489637,2,3,16,4,48,16,8,4,36
18493169,18493177,2,3,16,4,12,24,16,12,32
18501689,18501697,5,2,16,16,24,16,4,8,140
18511769,18511777,2,3,16,4,6,32,16,12,144
18516929,18516937,2,4,16,4,24,12,4,8,32
18516989,18516997,2,1,16,4,66,24,16,16,18
18547709,18547717,4,4,16,8,44,6,8,8,48
18550109,18550117,4,2,16,16,24,4,16,8,54
18553889,18553897,2,5,16,4,12,8,8,8,48
18570989,18570997,2,2,16,8,20,24,16,8,18
18573329,18573337,2,4,16,4,6,8,32,8,48
18578369,18578377,5,3,16,16,6,16,4,8,32
18581729,18581737,5,3,16,12,24,24,8,8,16
18586289,18586297,2,3,16,4,6,16,8,16,24
18600089,18600097,2,4,16,4,12,24,4,8,24
18604829,18604837,2,3,16,8,24,8,16,8,48
18607829,18607837,2,3,16,4,16,16,8,8,48
18619409,18619417,2,3,16,4,48,8,16,8,32
18619889,18619897,4,5,16,8,12,6,8,8,64
18623309,18623317,2,5,16,4,20,12,4,4,12
18624929,18624937,5,4,16,16,12,12,8,8,32
18630509,18630517,2,4,16,4,20,32,8,4,12
18656129,18656137,2,4,16,8,12,8,16,8,32
18667409,18667417,5,4,16,16,12,12,8,8,32
18674309,18674317,2,2,16,4,32,32,8,16,36
18674429,18674437,2,2,16,4,72,12,16,16,48
18677129,18677137,3,4,16,8,6,24,12,8,40
18695129,18695137,5,5,16,8,6,12,4,8,48
18702029,18702037,2,3,16,4,10,32,16,8,48
18705629,18705637,2,2,16,4,36,16,4,16,36
18712289,18712297,4,4,16,16,6,4,8,8,80
18737969,18737977,5,2,16,16,24,24,4,12,32
18751709,18751717,2,3,16,8,36,8,16,8,48
18755969,18755977,5,3,16,16,6,12,4,36,32
18768809,18768817,2,5,16,4,12,12,8,8,180
18801389,18801397,2,3,16,4,20,16,4,4,108
18840389,18840397,2,3,16,4,16,24,8,8,24
18840629,18840637,2,3,16,8,8,16,8,16,18
18864029,18864037,2,2,16,4,24,16,16,8,96
18872429,18872437,2,3,16,8,10,20,16,8,24
18877889,18877897,2,3,16,4,12,16,24,4,24
18878429,18878437,5,2,16,16,24,16,8,8,36
18895829,18895837,2,3,16,4,16,48,32,8,12
18925229,18925237,2,3,16,8,20,8,8,32,36
18925889,18925897,2,2,16,8,12,40,16,16,64
18934529,18934537,4,3,16,12,24,8,8,16,32
18940709,18940717,2,3,16,8,64,16,8,8,60
18946769,18946777,2,2,16,4,24,24,16,12,32
18965669,18965677,2,3,16,4,32,12,16,12,48
18968189,18968197,2,3,16,8,64,12,48,8,24
18969869,18969877,2,3,16,4,10,8,32,32,30
18997889,18997897,4,4,16,16,12,6,8,8,32
19006769,19006777,4,3,16,16,12,4,16,12,24
19019009,19019017,2,2,16,4,24,16,16,8,64
19025969,19025977,2,3,16,4,24,12,8,24,64
19029209,19029217,5,3,16,16,12,24,4,8,24
19031009,19031017,2,4,16,4,96,12,8,8,16
19033229,19033237,2,4,16,8,10,8,16,8,72
19045769,19045777,5,2,16,16,12,20,8,24,40
19052609,19052617,2,4,16,4,12,6,32,4,32
19068089,19068097,2,3,16,4,24,24,8,4,56
19070669,19070677,2,2,16,8,40,16,32,12,18
19088309,19088317,2,3,16,4,32,4,32,8,36
19090769,19090777,2,4,16,4,12,12,8,18,16
19101629,19101637,2,2,16,4,56,24,8,16,48
19104629,19104637,5,1,16,16,16,32,12,16,24
19110089,19110097,5,3,16,32,6,16,4,8,30
19120169,19120177,4,4,16,8,24,4,8,12,90
19123409,19123417,2,4,16,4,48,8,8,4,48
19136189,19136197,2,3,16,4,28,4,32,8,48
19136489,19136497,3,1,16,16,12,24,16,16,40
19178969,19178977,2,5,16,4,6,12,4,12,72
19203809,19203817,2,4,16,8,12,12,32,8,16
19214969,19214977,2,4,16,4,24,12,4,12,64
19235009,19235017,2,3,16,4,24,16,4,8,32
19241609,19241617,4,3,16,8,24,6,20,8,80
19256729,19256737,2,3,16,8,12,24,8,16,24
19259069,19259077,5,3,16,12,28,16,8,24,12
19291529,19291537,4,4,16,8,48,4,4,4,120
19323929,19323937,6,3,16,8,12,16,32,4,72
19331489,19331497,2,3,16,4,12,16,16,8,24
19335389,19335397,2,2,16,4,24,24,8,16,24
19344029,19344037,5,2,16,16,24,12,4,16,24
19350689,19350697,2,2,16,8,24,12,16,32,48
19352909,19352917,2,3,16,4,10,16,16,8,36
19371809,19371817,4,4,16,8,6,4,16,8,48
19390169,19390177,5,3,16,8,6,32,4,24,72
19393589,19393597,2,4,16,4,8,4,8,24,18
19407389,19407397,2,3,16,4,24,6,16,24,12
19419989,19419997,2,5,16,4,8,10,8,48,12
19420889,19420897,3,4,16,8,6,12,8,16,96
19422869,19422877,2,4,16,4,32,6,8,8,48
19423589,19423597,2,3,16,8,16,12,16,8,24
19428509,19428517,2,3,16,4,24,8,16,8,36
19434269,19434277,2,4,16,4,96,8,8,12,24
19451309,19451317,2,2,16,8,20,32,8,32,24
19456889,19456897,2,3,16,4,24,12,16,4,64
19461569,19461577,2,2,16,4,24,16,8,18,32
19468109,19468117,5,2,16,16,40,16,8,8,18
19474229,19474237,4,2,16,16,8,4,16,16,24
19478369,19478377,4,3,16,16,12,8,8,32,48
19487309,19487317,2,4,16,4,40,12,16,4,12
19488389,19488397,5,4,16,8,64,12,4,8,24
19499729,19499737,2,3,16,4,24,24,4,4,64
19525829,19525837,5,2,16,8,16,16,4,16,48
19529129,19529137,5,3,16,8,48,16,4,8,60
19530509,19530517,6,3,16,32,10,12,32,4,24
19547609,19547617,6,4,16,8,24,12,8,4,96
19555709,19555717,2,4,16,4,128,24,8,8,12
19575209,19575217,2,5,16,4,12,8,8,8,80
19577009,19577017,2,3,16,4,24,16,8,4,24
19586129,19586137,3,4,16,8,6,36,8,8,64
19602929,19602937,2,3,16,4,12,16,8,16,24
19625729,19625737,2,4,16,4,12,20,4,8,32
19637789,19637797,6,4,16,8,24,12,8,4,24
19668029,19668037,2,3,16,8,28,48,8,8,24
19670789,19670797,4,2,16,16,32,8,32,8,48
19677809,19677817,6,4,16,8,36,8,8,4,40
19679609,19679617,4,4,16,16,6,4,8,8,96
19692689,19692697,2,3,16,8,12,8,16,16,32
19711829,19711837,2,3,16,8,32,8,8,32,60
19713809,19713817,2,2,16,8,24,16,8,16,24
19713929,19713937,2,4,16,8,12,24,8,8,40
19725869,19725877,2,3,16,8,20,8,8,32,48
19736789,19736797,2,2,16,8,16,24,48,8,24
19739189,19739197,2,2,16,4,16,16,8,16,36
19758209,19758217,6,4,16,12,12,12,16,8,64
19759169,19759177,5,5,16,8,12,8,4,12,48
19764509,19764517,2,1,16,4,24,16,16,16,24
19775309,19775317,2,1,16,4,20,16,16,16,48
19784189,19784197,5,3,16,12,40,32,8,8,48
19805909,19805917,2,3,16,4,16,6,8,16,24
19821569,19821577,3,4,16,16,6,12,8,12,32
19848629,19848637,2,3,16,4,16,16,8,8,36
19852229,19852237,2,4,16,4,16,4,8,8,48
19874489,19874497,4,4,16,8,24,6,12,8,56
19908929,19908937,2,4,16,4,6,16,4,8,64
19919369,19919377,2,3,16,4,24,8,4,40,120
19922729,19922737,2,3,16,4,6,16,12,16,40
19932629,19932637,2,3,16,4,16,12,16,8,48
19940369,19940377,5,2,16,16,12,24,8,32,16
19943789,19943797,6,3,16,8,40,16,32,4,12
19956389,19956397,6,3,16,8,16,12,16,4,48
19960769,19960777,2,3,16,4,48,24,8,12,128
19964369,19964377,2,2,16,4,24,32,8,20,48
19968869,19968877,4,3,16,12,72,4,4,16,48
19968989,19968997,5,4,16,16,12,24,8,8,12
19973189,19973197,4,4,16,8,16,4,8,8,48
20000909,20000917,5,4,16,8,10,8,4,32,36
20005709,20005717,2,5,16,8,10,36,8,8,12
20014229,20014237,4,3,16,8,64,4,16,4,96
20017229,20017237,5,3,16,8,20,16,4,12,24
20034869,20034877,2,2,16,4,64,12,16,24,24
20035109,20035117,2,2,16,4,32,32,32,4,36
20040989,20040997,2,3,16,8,24,32,12,8,24
20085809,20085817,2,2,16,4,24,20,16,8,32
20089109,20089117,2,2,16,4,32,16,16,4,72
20109629,20109637,5,4,16,6,14,8,4,32,72
20112269,20112277,2,3,16,4,10,16,32,24,12
20126009,20126017,2,4,16,8,12,8,8,48,112
20127929,20127937,2,3,16,4,48,24,4,8,56
20136989,20136997,5,3,16,24,12,16,4,8,72
20157509,20157517,4,2,16,12,32,8,16,16,36
20182709,20182717,2,4,16,4,32,8,4,8,24
20183609,20183617,4,4,16,8,6,4,16,4,84
20184089,20184097,2,4,16,4,12,16,8,8,48
20191169,20191177,4,4,16,32,12,4,8,6,48
20208269,20208277,2,2,16,4,40,16,16,12,36
20231129,20231137,2,4,16,4,12,8,16,8,72
20275769,20275777,2,3,16,8,12,16,8,18,42
20277869,20277877,2,2,16,4,20,48,4,16,24
20283869,20283877,2,2,16,4,48,8,16,16,36
20294069,20294077,5,2,16,16,16,48,4,6,24
20312429,20312437,2,3,16,4,20,12,4,16,24
20314409,20314417,2,4,16,4,12,24,8,8,40
20317169,20317177,2,5,16,4,12,4,8,12,128
20345069,20345077,2,3,16,4,20,16,4,12,36
20362709,20362717,2,3,16,4,16,16,4,8,36
20380889,20380897,2,2,16,4,48,24,8,16,72
20382689,20382697,4,4,16,8,36,4,8,8,24
20388989,20388997,2,2,16,8,32,8,16,32,30
20398709,20398717,2,3,16,4,24,16,8,8,120
20405309,20405317,2,4,16,4,14,6,8,24,48
20407469,20407477,4,4,16,8,10,6,16,12,24
20408909,20408917,2,4,16,4,40,12,8,8,24
20432669,20432677,4,3,16,16,24,6,8,12,48
20437709,20437717,6,3,16,16,10,12,16,8,24
20441129,20441137,3,2,16,8,6,16,24,48,20
20445629,20445637,2,2,16,4,28,12,32,16,24
20448689,20448697,2,2,16,4,24,48,16,8,32
20464229,20464237,2,4,16,4,8,8,8,16,72
20468729,20468737,2,2,16,8,12,16,16,32,66
20504129,20504137,2,2,16,8,24,24,16,8,32
20507009,20507017,3,4,16,8,6,12,24,8,16
20520509,20520517,6,3,16,6,28,64,12,4,24
20523809,20523817,4,4,16,16,12,8,8,8,48
20528069,20528077,2,3,16,8,16,10,8,24,48
20534069,20534077,2,2,16,4,32,8,16,24,18
20539109,20539117,2,3,16,8,32,8,16,8,48
20565569,20565577,3,4,16,8,6,8,16,12,96
20570909,20570917,2,2,16,4,24,24,16,4,24
20571689,20571697,2,4,16,4,12,8,36,8,60
20586029,20586037,2,3,16,8,20,12,8,24,24
20599169,20599177,5,3,16,8,24,24,4,6,64
20601929,20601937,2,3,16,4,24,32,8,8,60
20618669,20618677,4,2,16,16,40,4,8,24,54
20623289,20623297,5,3,16,16,12,6,4,64,56
20627429,20627437,5,2,16,16,48,16,4,8,24
20663969,20663977,2,4,16,4,12,24,4,6,32
20673209,20673217,2,4,16,4,24,12,8,8,84
20687969,20687977,2,3,16,4,6,4,16,36,24
20693909,20693917,2,3,16,8,24,8,8,16,36
20696069,20696077,2,2,16,4,32,16,32,6,36
20696729,20696737,2,4,16,4,24,6,8,12,48
20697629,20697637,5,3,16,8,24,32,4,12,48
20721629,20721637,4,4,16,8,12,4,16,8,48
20723609,20723617,2,4,16,4,72,8,8,8,72
20726609,20726617,3,4,16,8,6,12,8,16,16
20740469,20740477,5,3,16,8,16,12,4,18,48
20743889,20743897,5,5,16,8,12,12,4,8,32
20747729,20747737,2,4,16,4,6,4,16,8,48
20756129,20756137,2,5,16,8,12,12,8,8,32
20762969,20762977,2,2,16,4,24,40,32,12,96
20765729,20765737,2,3,16,4,48,8,16,8,24
20781329,20781337,2,2,16,4,48,16,32,8,16
20802269,20802277,4,4,16,16,12,4,4,12,72
20807069,20807077,5,4,16,8,48,12,4,12,24
20831009,20831017,6,3,16,8,24,20,8,4,16
20834609,20834617,5,4,16,16,12,6,4,8,32
20838569,20838577,5,2,16,16,24,48,8,12,80
20846009,20846017,2,2,16,4,72,16,16,4,42
20850629,20850637,4,2,16,8,32,6,16,16,48
20852609,20852617,5,2,16,16,12,16,8,16,32
20858069,20858077,4,2,16,16,16,4,4,18,36
20873729,20873737,2,3,16,4,24,8,16,8,96
20881829,20881837,2,2,16,8,16,32,8,16,36
20898209,20898217,2,1,16,4,24,32,16,16,64
20899589,20899597,2,2,16,4,16,32,16,4,48
20910269,20910277,2,2,16,4,28,16,16,12,36
20910569,20910577,3,5,16,8,6,6,8,12,20
20911469,20911477,2,2,16,8,20,32,8,36,48
20922269,20922277,2,3,16,4,96,16,16,12,12
20925329,20925337,6,3,16,8,12,48,24,4,32
20957009,20957017,2,4,16,4,12,24,12,4,16
20969489,20969497,4,3,16,16,12,8,48,8,32
20978669,20978677,2,3,16,8,80,8,8,24,72
20983289,20983297,5,3,16,24,24,12,4,4,80
20987429,20987437,2,3,16,4,8,6,24,24,24
20989469,20989477,4,2,16,16,24,4,8,48,48
20993009,20993017,6,3,16,12,12,32,16,8,48
21016829,21016837,2,2,16,8,36,16,8,24,18
21017189,21017197,2,3,16,8,32,8,16,8,36
21030329,21030337,4,4,16,8,6,4,16,8,84
21075689,21075697,5,2,16,24,48,16,8,8,30
21086609,21086617,5,3,16,16,6,24,4,8,16
21093509,21093517,2,3,16,4,16,8,8,32,72
21093689,21093697,2,5,16,4,12,8,8,8,140
21109889,21109897,3,4,16,8,6,32,8,8,48
21136469,21136477,4,3,16,8,48,6,16,6,24
21145169,21145177,2,4,16,4,6,16,4,12,192
21153809,21153817,6,3,16,16,6,8,32,4,24
21155909,21155917,4,3,16,16,8,6,32,16,12
21164789,21164797,2,3,16,4,16,8,16,8,36
21217829,21217837,2,2,16,4,16,36,24,8,24
21228989,21228997,5,3,16,8,28,16,4,4,24
21229589,21229597,2,3,16,4,8,48,8,16,18
21234809,21234817,2,4,16,4,6,4,8,16,48
21238709,21238717,2,4,16,4,32,24,8,4,12
21239489,21239497,6,3,16,12,24,12,16,8,80
21246629,21246637,6,3,16,8,48,12,16,4,24
21250829,21250837,2,1,16,4,20,16,16,16,36
21251129,21251137,2,4,16,4,12,8,4,16,56
21253109,21253117,3,3,16,16,8,18,8,16,12
21254789,21254797,2,3,16,4,48,8,24,4,36
21274529,21274537,5,4,16,16,12,12,8,8,32
21282509,21282517,2,4,16,4,10,12,16,8,18
21283589,21283597,5,4,16,12,64,8,4,8,36
21286409,21286417,2,4,16,4,12,12,16,4,20
21295829,21295837,4,2,16,16,48,8,16,8,36
21299009,21299017,2,3,16,6,24,24,8,8,16
21306209,21306217,2,4,16,4,12,16,8,8,16
21331469,21331477,4,4,16,8,40,4,4,12,36
21338609,21338617,3,2,16,16,6,16,24,8,48
21342809,21342817,2,2,16,8,12,16,16,16,72
21345509,21345517,4,3,16,16,32,8,8,8,18
21363989,21363997,5,3,16,24,16,40,4,4,12
21389429,21389437,6,2,16,12,16,16,16,4,18
21397829,21397837,6,3,16,16,32,12,8,4,24
21402209,21402217,2,2,16,8,24,32,16,8,96
21416729,21416737,2,3,16,8,12,24,16,8,96
21428489,21428497,5,5,16,8,6,8,4,12,40
21430229,21430237,2,3,16,4,16,24,32,4,12
21431309,21431317,2,3,16,4,40,24,4,8,24
21434429,21434437,2,2,16,8,28,24,8,16,48
21441569,21441577,2,3,16,4,6,24,64,6,64
21467309,21467317,2,3,16,4,10,24,16,4,48
21472589,21472597,2,3,16,4,20,8,16,8,18
21479729,21479737,5,4,16,24,12,12,8,8,64
21487709,21487717,5,2,16,8,24,16,4,16,36
21491669,21491677,2,4,16,4,32,8,4,6,24
21499889,21499897,3,3,16,8,6,6,32,16,32
21513269,21513277,2,2,16,8,32,8,16,24,36
21518669,21518677,2,4,16,4,40,8,8,6,24
21528929,21528937,2,4,16,4,6,16,12,8,256
21530489,21530497,2,3,16,4,24,12,8,16,128
21537569,21537577,2,2,16,8,24,8,16,24,64
21540209,21540217,6,4,16,16,6,12,8,4,64
21565409,21565417,2,3,16,8,24,16,12,8,32
21571229,21571237,2,4,16,4,48,8,4,8,36
21577169,21577177,6,5,16,8,12,8,8,6,24
21585989,21585997,2,3,16,4,16,32,8,12,18
21608429,21608437,2,3,16,8,20,24,8,8,24
21628829,21628837,4,3,16,16,24,4,8,4,48
21631289,21631297,3,1,16,18,6,40,16,16,28
21638489,21638497,2,3,16,4,24,12,8,16,96
21640529,21640537,5,5,16,8,12,8,4,8,72
21680069,21680077,6,4,16,8,8,12,16,6,96
21681689,21681697,2,4,16,4,12,24,8,8,48
21684209,21684217,2,3,16,8,48,8,8,24,64
21687089,21687097,2,3,16,4,24,12,48,8,32
21702269,21702277,4,2,16,8,32,4,16,48,48
21704009,21704017,5,4,16,8,18,12,4,8,40
21704369,21704377,3,4,16,8,6,6,8,60,32
21735509,21735517,6,4,16,8,16,8,8,4,24
21752309,21752317,2,3,16,4,32,16,8,8,36
21767609,21767617,2,3,16,6,6,12,16,16,280
21783029,21783037,2,2,16,4,8,16,16,16,48
21784109,21784117,2,4,16,4,40,32,12,4,12
21786629,21786637,2,2,16,8,16,24,8,48,24
21795629,21795637,4,3,16,8,40,6,16,8,24
21813689,21813697,2,3,16,4,6,16,16,4,42
21824129,21824137,4,4,16,8,24,4,8,8,48
21831869,21831877,2,2,16,4,14,16,32,20,192
21832409,21832417,4,4,16,8,24,4,8,8,60
21840809,21840817,2,4,16,4,12,8,16,4,40
21866729,21866737,2,3,16,4,6,32,8,16,20
21868589,21868597,4,3,16,8,20,4,8,16,96
21869129,21869137,2,3,16,4,12,32,8,16,160
21871769,21871777,2,2,16,8,24,48,8,24,48
21889289,21889297,2,3,16,4,24,8,16,8,120
21890369,21890377,2,3,16,4,12,8,16,32,24
21902729,21902737,2,3,16,4,18,12,16,4,40
21914609,21914617,2,2,16,4,24,48,8,16,32
21916109,21916117,4,2,16,16,40,4,8,16,48
21917669,21917677,2,2,16,8,16,12,16,24,24
21945089,21945097,2,3,16,6,24,16,8,8,48
21957329,21957337,3,3,16,16,6,8,16,8,48
21957989,21957997,5,3,16,12,32,16,8,8,48
21962189,21962197,2,2,16,4,60,32,8,16,72
21967709,21967717,2,1,16,8,24,16,16,16,24
21986309,21986317,2,4,16,4,16,4,8,8,120
21993989,21993997,2,4,16,4,16,36,8,8,12
22010909,22010917,2,4,16,8,48,16,8,8,12
22025669,22025677,2,2,16,4,16,12,64,24,48
22043129,22043137,3,1,16,16,12,48,16,16,80
22050569,22050577,2,4,16,8,12,8,16,12,40
22054709,22054717,2,4,16,8,32,8,8,8,36
22072529,22072537,2,3,16,4,6,16,16,8,24
22080209,22080217,2,3,16,4,48,12,16,8,32
22119809,22119817,2,4,16,4,24,12,4,8,32
22147409,22147417,5,3,16,8,18,32,4,4,48
22181909,22181917,2,2,16,4,16,24,4,16,24
22190969,22190977,2,4,16,8,12,12,32,12,64
22200329,22200337,2,3,16,4,48,8,16,4,60
22216829,22216837,2,4,16,8,64,24,8,8,12
22242929,22242937,2,3,16,4,12,6,32,24,32
22245269,22245277,2,3,16,4,16,20,8,12,48
22251269,22251277,2,3,16,4,16,16,8,12,36
22261709,22261717,2,3,16,4,20,8,8,16,72
22269809,22269817,2,3,16,4,12,16,24,4,40
22272269,22272277,2,3,16,4,20,8,16,12,24
22274969,22274977,6,3,16,8,24,32,8,6,48
22279889,22279897,2,2,16,4,24,24,64,8,48
22284029,22284037,1,0,16,16,36,16,16,16,36
22287269,22287277,2,4,16,4,64,4,8,6,72
22308269,22308277,2,4,16,8,20,12,8,24,12
22313729,22313737,5,3,16,12,36,16,4,8,48
22327589,22327597,4,2,16,16,32,8,8,16,48
22335329,22335337,2,4,16,4,6,8,8,16,96
22344989,22344997,2,3,16,4,24,48,8,8,24
22375109,22375117,2,1,16,8,16,16,16,24,60
22394909,22394917,5,4,16,12,24,8,4,4,144
22401689,22401697,6,5,16,8,12,6,8,4,48
22403729,22403737,4,4,16,24,12,8,8,8,128
22425869,22425877,2,3,16,8,20,8,16,8,96
22436069,22436077,6,3,16,12,8,24,16,6,24
22451609,22451617,4,4,16,32,12,4,8,8,144
22454609,22454617,2,3,16,8,12,24,16,8,64
22469429,22469437,2,2,16,8,16,8,16,16,72
22472069,22472077,5,3,16,8,16,20,4,12,24
22479689,22479697,2,4,16,4,6,8,8,16,30
22489769,22489777,3,4,16,8,6,8,8,36,60
22497689,22497697,4,3,16,8,24,4,4,16,96
22514189,22514197,2,4,16,8,20,24,8,8,12
22525589,22525597,2,3,16,4,32,8,24,8,36
22527509,22527517,2,3,16,4,16,12,16,4,48
22533689,22533697,2,4,16,4,12,32,4,4,168
22535789,22535797,5,3,16,8,20,16,4,16,12
22548389,22548397,2,2,16,4,32,24,16,8,24
22584929,22584937,2,4,16,4,12,48,8,4,32
22592369,22592377,4,3,16,8,24,4,8,16,24
22601489,22601497,5,5,16,8,6,12,4,12,64
22607069,22607077,2,2,16,4,24,16,32,6,24
22632809,22632817,2,3,16,4,12,24,16,8,40
22644329,22644337,5,4,16,8,6,32,4,8,80
22649009,22649017,5,3,16,16,6,12,4,32,64
22650989,22650997,2,3,16,4,80,24,4,4,24
22660529,22660537,2,4,16,4,12,32,12,8,32
22663229,22663237,2,2,16,4,28,20,16,12,48
22664189,22664197,2,3,16,8,22,8,24,8,72
22685969,22685977,5,2,16,12,24,16,4,36,24
22693889,22693897,4,2,16,16,48,8,8,32,24
22696889,22696897,3,5,16,8,6,12,8,8,28
22713329,22713337,2,4,16,4,12,8,16,8,48
22725509,22725517,4,5,16,8,8,6,12,12,48
22742969,22742977,2,3,16,8,12,12,16,24,28
22746029,22746037,6,3,16,16,10,12,48,8,24
22746929,22746937,2,2,16,8,48,64,16,8,32
22782989,22782997,4,1,16,24,20,8,16,16,36
22789589,22789597,2,3,16,4,32,10,8,16,24
22796429,22796437,5,3,16,8,20,24,4,4,48
22815329,22815337,5,3,16,16,12,24,8,8,16
22818569,22818577,2,3,16,4,12,36,4,24,80
22820789,22820797,2,5,16,4,8,8,8,8,36
22823069,22823077,2,3,16,8,24,48,8,24,12
22838729,22838737,5,4,16,8,12,8,4,16,20
22851329,22851337,2,4,16,4,48,12,12,12,32
22861829,22861837,2,2,16,8,24,16,16,8,18
22874729,22874737,2,3,16,8,24,24,8,8,40
22888769,22888777,5,3,16,6,36,12,4,24,16
22892189,22892197,2,2,16,4,24,16,32,4,48
22894229,22894237,4,2,16,8,16,4,16,32,36
22908569,22908577,5,4,16,16,12,12,8,12,48
22914329,22914337,2,2,16,4,24,40,8,16,24
22915289,22915297,5,3,16,12,24,16,8,8,72
22945469,22945477,2,3,16,8,42,12,8,18,24
22953089,22953097,2,3,16,8,12,8,16,16,24
22953269,22953277,5,4,16,8,8,16,4,6,36
22954289,22954297,2,3,16,4,6,16,8,24,16
22959389,22959397,4,3,16,32,24,8,8,8,24
22959569,22959577,2,4,16,4,12,32,8,12,24
22986869,22986877,2,3,16,4,32,72,8,10,24
22987109,22987117,4,3,16,16,32,4,4,4,36
22990829,22990837,2,2,16,4,40,12,16,16,96
23014829,23014837,2,1,16,4,20,24,16,32,36
23018609,23018617,6,3,16,8,24,8,16,4,48
23032829,23032837,2,2,16,4,44,16,12,16,30
23033489,23033497,6,5,16,8,12,12,8,4,64
23052569,23052577,2,4,16,4,6,8,4,24,24
23056889,23056897,2,3,16,8,12,20,8,16,80
23059229,23059237,6,3,16,8,48,12,32,4,36
23070209,23070217,2,3,16,4,24,6,4,16,32
23072729,23072737,3,5,16,8,6,12,8,8,24
23086589,23086597,2,3,16,4,40,8,8,48,48
23115809,23115817,5,4,16,8,6,16,4,8,24
23116529,23116537,2,1,16,4,18,16,24,16,32
23127809,23127817,2,4,16,8,12,24,8,8,16
23129429,23129437,4,3,16,8,16,6,8,16,48
23130389,23130397,2,3,16,8,32,16,8,8,36
23131469,23131477,2,1,16,8,40,16,16,24,36
23148869,23148877,2,2,16,4,16,36,24,16,12
23157509,23157517,4,4,16,16,16,6,8,8,12
23187389,23187397,2,4,16,6,14,24,8,32,12
23207369,23207377,2,3,16,4,6,24,8,32,40
23258189,23258197,2,3,16,4,20,48,8,4,36
23264309,23264317,2,4,16,4,8,16,4,8,36
23271329,23271337,2,3,16,4,24,16,8,8,48
23271869,23271877,5,3,16,8,56,8,4,24,36
23287709,23287717,5,3,16,8,24,16,4,8,48
23288009,23288017,2,3,16,4,12,16,4,32,20
23297069,23297077,2,4,16,4,40,8,8,6,36
23306069,23306077,2,4,16,4,8,8,16,12,24
23323529,23323537,6,3,16,8,24,16,8,4,30
23329289,23329297,2,3,16,4,18,8,16,8,100
23363069,23363077,2,4,16,4,20,10,8,6,48
23364569,23364577,2,2,16,4,36,16,4,48,72
23370089,23370097,2,2,16,4,12,16,16,32,40
23377469,23377477,2,4,16,8,28,12,8,12,24
23394809,23394817,2,2,16,4,24,16,16,4,60
23404889,23404897,2,4,16,4,24,4,8,8,96
23405729,23405737,2,3,16,4,18,16,8,4,32
23417489,23417497,2,3,16,4,36,24,4,4,96
23421569,23421577,2,3,16,4,6,24,16,12,16
23439029,23439037,3,6,16,12,8,12,8,8,12
23452229,23452237,5,3,16,16,16,12,8,8,36
23458829,23458837,6,5,16,8,10,12,8,4,24
23462129,23462137,6,3,16,48,6,16,8,4,80
23474669,23474677,5,2,16,16,20,12,8,18,48
23483489,23483497,2,1,16,4,24,32,16,16,16
23495909,23495917,6,1,16,16,16,48,16,4,48
23497769,23497777,2,3,16,8,12,16,8,48,50
23505809,23505817,5,4,16,8,48,12,4,12,64
23548709,23548717,2,3,16,4,32,8,24,8,36
23550089,23550097,5,4,16,8,12,24,4,8,20
23556089,23556097,2,3,16,8,12,16,16,8,130
23556809,23556817,2,3,16,4,12,16,8,16,60
23560409,23560417,5,4,16,8,24,8,4,4,192
23591129,23591137,2,3,16,4,12,24,16,8,24
23592929,23592937,2,4,16,4,12,24,4,8,32
23601029,23601037,2,4,16,4,64,6,4,8,48
23601209,23601217,2,3,16,4,6,10,32,16,56
23614589,23614597,5,3,16,32,16,8,4,4,18
23619989,23619997,2,3,16,4,32,16,8,8,36
23645189,23645197,2,2,16,4,16,16,8,24,120
23650709,23650717,5,3,16,16,16,6,4,8,24
23670869,23670877,5,3,16,12,8,24,4,16,24
23686709,23686717,5,4,16,16,64,12,4,8,12
23690669,23690677,2,4,16,4,20,12,8,6,24
23708309,23708317,2,4,16,8,16,12,24,8,12
23708669,23708677,2,2,16,8,66,8,16,36,96
23715569,23715577,2,4,16,4,12,8,4,24,48
23717489,23717497,5,5,16,8,12,12,4,8,32
23737829,23737837,6,2,16,16,24,16,16,8,12
23739629,23739637,6,3,16,8,40,12,16,4,24
23747189,23747197,5,4,16,8,64,12,4,8,24
23759789,23759797,2,3,16,8,20,12,8,32,24
23761109,23761117,2,3,16,4,16,4,8,16,36
23764529,23764537,2,3,16,8,24,16,8,8,64
23776769,23776777,2,4,16,4,6,8,16,12,24
23817809,23817817,2,5,16,8,12,8,8,8,192
23819429,23819437,5,2,16,8,32,16,4,16,36
23844929,23844937,5,3,16,16,6,24,4,4,32
23853629,23853637,2,2,16,4,56,4,16,16,48
23866529,23866537,5,4,16,8,12,6,4,16,64
23870369,23870377,2,3,16,4,24,4,8,16,56
23880029,23880037,2,3,16,4,48,6,4,16,96
23884529,23884537,6,4,16,8,24,12,8,4,64
23885429,23885437,2,3,16,4,16,48,8,16,12
23890829,23890837,2,3,16,4,60,12,16,4,24
23908529,23908537,2,3,16,4,12,16,8,16,48
23909069,23909077,2,3,16,4,80,8,8,24,18
23926709,23926717,2,4,16,4,8,8,16,4,144
23935529,23935537,2,2,16,4,12,16,32,16,30
23947529,23947537,2,4,16,8,12,12,16,8,20
23955809,23955817,5,5,16,8,12,12,4,8,64
23960009,23960017,2,3,16,4,12,16,16,8,80
23967869,23967877,2,1,16,4,32,24,16,16,48
23999369,23999377,2,3,16,8,12,24,8,40,40
24003929,24003937,2,2,16,8,24,16,8,16,72
24006629,24006637,2,2,16,4,16,16,8,16,72
24017789,24017797,5,4,16,6,16,8,4,8,120
24040109,24040117,4,4,16,8,20,4,8,8,18
24044609,24044617,2,3,16,4,12,16,64,8,48
24065309,24065317,2,3,16,4,24,4,32,4,96
24077189,24077197,2,4,16,4,32,8,8,8,96
24079469,24079477,2,6,16,8,10,12,8,12,12
24083789,24083797,2,4,16,4,40,12,12,8,24
24084329,24084337,2,2,16,4,6,36,16,32,80
24086189,24086197,2,2,16,4,40,4,16,24,36
24096209,24096217,2,3,16,8,12,18,8,32,64
24099329,24099337,3,3,16,16,6,8,16,8,64
24111929,24111937,2,2,16,4,24,16,32,8,84
24112229,24112237,2,2,16,8,16,12,32,32,48
24115709,24115717,2,3,16,4,80,4,8,16,36
24116789,24116797,4,3,16,8,32,4,8,32,36
24117629,24117637,4,3,16,8,64,6,8,16,24
24130229,24130237,2,3,16,4,16,24,8,8,24
24136589,24136597,2,2,16,8,20,16,8,16,72
24141269,24141277,5,3,16,12,16,8,4,24,36
24144689,24144697,2,3,16,8,72,8,16,8,32
24161069,24161077,2,3,16,8,20,8,16,12,18
24162629,24162637,2,3,16,8,16,24,8,32,12
24163889,24163897,2,4,16,4,12,32,4,8,48
24165209,24165217,3,4,16,16,6,8,8,8,60
24175769,24175777,2,3,16,4,6,16,8,24,24
24181529,24181537,2,3,16,8,12,12,24,32,48
24193409,24193417,2,4,16,4,12,12,16,4,32
24206789,24206797,6,4,16,8,8,32,8,4,48
24231209,24231217,2,3,16,4,12,48,16,8,20
24231989,24231997,2,4,16,4,16,8,8,8,18
24253769,24253777,2,3,16,4,12,16,4,36,80
24256769,24256777,5,2,16,16,24,32,4,12,32
24276389,24276397,2,2,16,8,16,24,8,32,24
24281969,24281977,4,4,16,8,24,6,8,6,16
24291209,24291217,4,3,16,12,24,4,4,48,60
24292409,24292417,4,3,16,16,18,8,8,8,56
24301469,24301477,2,3,16,4,24,8,8,24,36
24305789,24305797,5,4,16,8,32,8,4,8,18
24310829,24310837,2,3,16,4,80,8,8,16,54
24324269,24324277,2,2,16,4,40,16,32,24,12
24348809,24348817,6,4,16,8,36,8,8,4,80
24349529,24349537,3,4,16,8,6,8,16,8,72
24357569,24357577,2,4,16,4,12,12,8,24,32
24369269,24369277,2,4,16,4,8,12,8,24,24
24385469,24385477,2,3,16,4,28,12,16,12,24
24396269,24396277,5,2,16,16,10,24,8,24,24
24402809,24402817,5,4,16,8,24,8,4,8,128
24413009,24413017,5,3,16,8,24,24,4,8,16
24414869,24414877,2,2,16,8,16,16,16,8,18
24444869,24444877,2,4,16,8,16,12,8,48,12
24445769,24445777,6,3,16,8,24,32,8,6,20
24448469,24448477,2,3,16,4,16,32,8,12,48
24462509,24462517,2,2,16,4,20,32,4,48,48
24469589,24469597,2,4,16,4,16,8,8,8,36
24483629,24483637,2,4,16,4,10,16,12,8,36
24495629,24495637,5,3,16,8,20,24,4,8,48
24497789,24497797,2,5,16,4,64,12,4,12,12
24507869,24507877,2,3,16,4,48,48,4,32,12
24513809,24513817,2,2,16,8,12,16,16,16,32
24529529,24529537,2,4,16,4,12,16,8,8,96
24543689,24543697,4,2,16,16,12,6,16,16,20
24564569,24564577,2,3,16,4,12,48,8,48,72
24569309,24569317,4,2,16,16,24,8,16,8,72
24570929,24570937,6,3,16,32,12,16,8,4,48
24586889,24586897,2,4,16,4,12,24,4,8,80
24627209,24627217,6,4,16,8,12,16,8,4,20
24627809,24627817,5,2,16,8,24,16,4,32,48
24664169,24664177,4,4,16,8,12,4,16,6,50
24667589,24667597,4,1,16,16,32,8,16,24,36
24685589,24685597,2,4,16,4,16,8,4,8,36
24706229,24706237,6,3,16,16,64,12,8,4,48
24707729,24707737,5,3,16,8,24,8,4,16,24
24739409,24739417,2,5,16,4,6,4,12,8,48
24739529,24739537,2,4,16,4,12,32,8,8,40
24744029,24744037,2,5,16,4,12,12,16,4,12
24744989,24744997,2,2,16,8,24,16,8,16,36
24790169,24790177,2,4,16,4,12,16,8,6,36
24792329,24792337,6,3,16,16,12,16,12,4,30
24794309,24794317,2,3,16,4,16,8,4,16,96
24794969,24794977,2,4,16,4,12,12,4,24,48
24796469,24796477,2,1,16,4,32,16,16,24,48
24816929,24816937,4,2,16,8,36,6,32,32,32
24822509,24822517,5,4,16,8,80,12,4,4,48
24827969,24827977,2,4,16,8,12,16,8,12,48
24864869,24864877,2,3,16,4,8,16,8,32,36
24872069,24872077,4,2,16,16,16,4,8,24,72
24872789,24872797,6,3,16,8,48,8,16,4,36
24874529,24874537,2,4,16,8,12,10,8,16,64
24877109,24877117,2,4,16,8,32,8,8,8,54
24891869,24891877,2,3,16,4,12,16,16,10,72
24896009,24896017,4,3,16,16,12,4,16,8,60
24905189,24905197,4,4,16,8,40,4,8,8,36
24916469,24916477,2,3,16,4,16,6,8,24,24
24932189,24932197,6,3,16,8,12,32,16,4,36
24953069,24953077,4,3,16,16,20,4,8,12,48
24978809,24978817,4,3,16,16,12,8,16,8,48
24978929,24978937,2,3,16,4,24,48,4,8,64
24982409,24982417,2,4,16,4,24,4,8,8,120
24985109,24985117,2,2,16,4,16,16,32,8,72
24988889,24988897,2,3,16,4,12,8,32,16,36
25004729,25004737,5,3,16,8,6,24,4,16,42
25017689,25017697,6,4,16,8,12,8,16,4,144
25038869,25038877,4,4,16,12,8,6,16,16,12
25044269,25044277,5,4,16,8,20,12,4,12,48
25048469,25048477,2,4,16,4,16,8,8,12,18
25053689,25053697,2,4,16,8,12,16,8,8,60
25062629,25062637,2,3,16,4,32,12,16,8,24
25079609,25079617,2,3,16,4,12,16,32,8,42
25114469,25114477,4,3,16,8,32,6,64,12,24
25124909,25124917,2,4,16,8,40,12,8,8,48
25135589,25135597,6,2,16,8,16,16,16,4,60
25161329,25161337,2,4,16,8,48,8,8,8,48
25168469,25168477,2,3,16,4,16,24,16,6,12
25182869,25182877,2,2,16,4,32,16,16,16,12
25216409,25216417,4,3,16,8,24,4,8,16,36
25221389,25221397,2,3,16,6,40,6,16,8,24
25246769,25246777,2,3,16,12,24,12,16,12,16
25257989,25257997,4,2,16,8,32,4,16,16,18
25265189,25265197,5,5,16,8,8,8,4,4,144
25269689,25269697,4,2,16,8,36,4,16,16,84
25286609,25286617,6,3,16,16,12,8,32,4,96
25312109,25312117,5,4,16,12,20,12,8,8,48
25328909,25328917,4,4,16,8,80,4,8,4,24
25332869,25332877,5,1,16,16,16,24,8,16,18
25335329,25335337,5,3,16,8,24,12,4,16,32
25338629,25338637,2,3,16,4,16,8,16,12,96
25345409,25345417,6,3,16,32,12,16,12,4,32
25370489,25370497,2,4,16,4,12,32,8,8,80
25374269,25374277,2,3,16,4,112,4,8,24,24
25394969,25394977,4,4,16,8,12,4,16,12,36
25408289,25408297,2,2,16,4,72,4,16,16,64
25420169,25420177,4,3,16,6,12,4,16,24,120
25424969,25424977,5,4,16,8,6,18,4,12,20
25427309,25427317,6,4,16,8,10,12,16,4,48
25430429,25430437,6,3,16,8,24,32,8,4,120
25476089,25476097,2,3,16,4,6,32,32,4,44
25506329,25506337,2,2,16,4,12,20,16,16,48
25521809,25521817,5,5,16,8,12,12,4,8,16
25538789,25538797,2,3,16,4,64,16,8,4,36
25542689,25542697,6,4,16,8,12,24,8,4,32
25548689,25548697,6,4,16,8,36,8,8,4,80
25548989,25548997,2,1,16,8,42,16,16,16,96
25556429,25556437,2,4,16,4,20,8,8,4,18
25603169,25603177,2,3,16,8,24,12,16,12,32
25613969,25613977,2,4,16,4,6,48,8,6,32
25637789,25637797,2,3,16,4,24,8,16,8,60
25646429,25646437,2,3,16,4,24,16,12,8,24
25646969,25646977,5,5,16,8,12,8,4,12,128
25656629,25656637,5,4,16,48,8,6,4,8,24
25662929,25662937,3,5,16,8,6,8,8,8,64
25694069,25694077,5,2,16,16,16,12,8,24,24
25712969,25712977,2,4,16,6,12,24,8,12,40
25722569,25722577,2,4,16,4,24,8,4,6,80
25731389,25731397,2,3,16,8,14,8,32,16,36
25746989,25746997,2,3,16,8,20,12,32,8,24
25766309,25766317,2,3,16,4,64,4,16,8,48
25768289,25768297,2,3,16,4,12,4,32,16,48
25786769,25786777,4,2,16,16,48,12,32,12,32
25793489,25793497,2,3,16,4,6,16,8,32,24
25815389,25815397,2,3,16,8,24,12,32,16,12
25817369,25817377,2,1,16,4,48,20,16,16,96
25817969,25817977,2,3,16,6,12,8,32,24,48
25824569,25824577,2,3,16,4,24,12,4,24,28
25846229,25846237,2,2,16,4,32,16,16,4,96
25878989,25878997,2,4,16,8,10,16,8,12,108
25884329,25884337,2,4,16,4,12,8,16,8,40
25884569,25884577,6,1,16,16,24,16,24,6,48
25915529,25915537,3,4,16,8,6,32,8,8,30
25924529,25924537,2,4,16,8,12,8,8,32,80
25941989,25941997,2,3,16,4,32,16,8,8,18
25959389,25959397,2,4,16,4,12,8,4,16,48
25976669,25976677,6,5,16,8,12,8,8,6,48
25978709,25978717,2,4,16,4,8,12,8,16,18
25993829,25993837,2,3,16,8,32,16,8,8,72
26001389,26001397,2,3,16,4,20,16,8,8,36
26005289,26005297,2,5,16,8,12,10,8,8,20
26007269,26007277,2,2,16,4,16,12,16,24,24
26008889,26008897,4,3,16,8,24,6,8,16,28
26009069,26009077,2,3,16,8,20,8,16,12,24
26045969,26045977,2,5,16,4,12,12,8,12,48
26055929,26055937,4,3,16,8,12,4,32,16,108
26060729,26060737,2,4,16,4,6,6,16,8,112
26062229,26062237,2,2,16,4,32,16,16,4,36
26066189,26066197,2,3,16,4,10,8,32,32,36
26066489,26066497,3,4,16,8,6,6,8,32,56
26090489,26090497,5,3,16,12,24,32,4,8,132
26097809,26097817,5,2,16,8,24,24,4,16,16
26099669,26099677,5,3,16,8,16,8,4,48,18
26106329,26106337,2,3,16,4,24,16,8,8,36
26129309,26129317,5,3,16,16,24,48,4,8,12
26131829,26131837,6,3,16,16,8,24,16,4,12
26147669,26147677,6,3,16,8,16,12,24,6,48
26149169,26149177,2,3,16,4,24,8,8,24,32
26166929,26166937,6,3,16,6,24,48,8,4,32
26178689,26178697,4,3,16,24,12,8,32,8,48
26210669,26210677,2,5,16,4,10,12,16,12,12
26228009,26228017,2,4,16,4,6,8,8,16,80
26234309,26234317,2,3,16,4,16,16,8,8,18
26259809,26259817,2,4,16,4,12,12,16,8,32
26272229,26272237,5,3,16,8,24,36,4,8,24
26274629,26274637,2,2,16,4,16,24,16,4,18
26294369,26294377,2,4,16,4,36,12,8,10,64
26304689,26304697,4,3,16,16,12,4,8,16,64
26336369,26336377,3,3,16,8,6,24,8,32,72
26344589,26344597,6,2,16,32,20,24,16,8,12
26345489,26345497,2,3,16,4,6,20,8,32,16
26352569,26352577,5,2,16,16,24,32,8,12,42
26360969,26360977,4,2,16,24,24,6,16,6,40
26374289,26374297,2,2,16,4,24,24,16,4,32
26381129,26381137,2,3,16,8,12,10,16,16,20
26387489,26387497,6,4,16,6,24,8,8,4,48
26390009,26390017,2,2,16,4,24,16,16,8,160
26401709,26401717,2,4,16,4,10,8,8,16,144
26427209,26427217,2,2,16,4,24,24,32,8,40
26436209,26436217,2,4,16,8,12,12,8,16,16
26436569,26436577,2,3,16,4,12,6,32,24,48
26438189,26438197,5,3,16,12,20,12,8,36,72
26448329,26448337,6,2,16,24,24,8,16,4,40
26465969,26465977,4,4,16,8,12,4,32,6,48
26482529,26482537,2,3,16,8,24,16,8,8,48
26495789,26495797,6,4,16,8,40,24,8,4,12
26496929,26496937,2,4,16,4,24,4,4,8,64
26508809,26508817,6,2,16,16,24,16,12,8,40
26525489,26525497,5,4,16,8,24,12,4,8,32
26544929,26544937,2,4,16,8,24,12,8,8,32
26577689,26577697,2,4,16,4,12,8,64,8,48
26580929,26580937,5,2,16,16,18,16,4,4,64
26589209,26589217,2,3,16,4,24,18,4,8,96
26596469,26596477,5,4,16,8,16,8,4,12,18
26599889,26599897,5,4,16,8,24,8,4,12,48
26614589,26614597,2,4,16,4,56,6,8,12,24
26618729,26618737,2,1,16,4,48,16,16,32,40
26627429,26627437,2,3,16,4,16,32,4,8,72
26630129,26630137,2,3,16,4,6,8,16,32,96
26660489,26660497,3,4,16,8,6,6,16,8,160
26675309,26675317,2,2,16,4,40,16,16,8,72
26692409,26692417,2,3,16,4,12,16,16,4,140
26699909,26699917,5,3,16,16,8,6,4,16,24
26717909,26717917,2,4,16,4,16,12,32,8,12
26727989,26727997,4,4,16,8,16,6,8,32,12
26743169,26743177,5,4,16,12,12,16,4,6,64
26744429,26744437,4,3,16,8,40,4,16,4,72
26754809,26754817,2,2,16,4,24,16,8,16,72
26783429,26783437,2,4,16,4,32,8,8,8,24
26785229,26785237,2,2,16,8,20,24,16,8,24
26790689,26790697,6,4,16,8,12,8,16,4,64
26792789,26792797,2,3,16,4,48,12,16,8,24
26794829,26794837,2,3,16,4,40,16,8,4,18
26797709,26797717,2,3,16,4,40,8,16,8,120
26810129,26810137,2,3,16,4,6,16,32,8,32
26810429,26810437,2,3,16,4,28,64,8,4,24
26816189,26816197,2,4,16,8,56,12,8,8,48
26819669,26819677,2,4,16,4,32,4,8,12,72
26826269,26826277,2,3,16,6,48,6,8,36,48
26832089,26832097,6,5,16,8,12,8,8,4,72
26832929,26832937,2,5,16,4,12,6,4,4,64
26835329,26835337,2,4,16,4,12,16,8,4,96
26838389,26838397,2,1,16,8,32,16,16,16,36
26842889,26842897,2,4,16,4,6,32,8,4,60
26853809,26853817,2,3,16,8,24,24,8,8,32
26857409,26857417,5,2,16,8,24,40,4,16,32
26868389,26868397,2,3,16,8,8,24,16,8,24
26870189,26870197,2,2,16,4,20,24,8,16,24
26895269,26895277,4,2,16,8,16,4,32,36,36
26896109,26896117,2,4,16,4,10,12,32,8,24
26897609,26897617,2,3,16,4,24,8,8,16,160
26901569,26901577,4,4,16,8,12,4,16,6,96
26916689,26916697,2,3,16,4,36,8,8,16,48
26923829,26923837,2,2,16,6,64,10,24,16,48
26927129,26927137,3,4,16,16,6,8,8,8,36
26931089,26931097,3,2,16,12,6,16,32,16,64
26936309,26936317,2,3,16,8,32,8,8,16,72
26944409,26944417,2,4,16,4,12,8,12,16,36
26947589,26947597,6,3,16,12,16,16,8,4,24
26962589,26962597,5,2,16,16,12,24,8,16,36
26975309,26975317,6,4,16,8,80,12,8,4,24
26977889,26977897,4,4,16,6,6,4,8,16,96
26996789,26996797,2,3,16,4,8,8,24,24,72
27000209,27000217,3,4,16,8,6,8,16,8,192
27006509,27006517,4,3,16,16,40,4,8,8,36
27008609,27008617,2,2,16,8,12,32,16,16,16
27008789,27008797,2,3,16,4,8,24,8,16,24
27016889,27016897,6,3,16,8,12,24,16,4,56
27023189,27023197,2,4,16,4,32,8,8,8,24
27030389,27030397,5,4,16,8,8,24,4,8,24
27043529,27043537,2,3,16,4,24,24,8,8,80
27047729,27047737,4,2,16,16,12,4,16,48,32
27051509,27051517,2,3,16,4,16,8,16,8,48
27057929,27057937,5,2,16,16,24,24,8,8,40
27069989,27069997,4,5,16,8,16,6,8,8,12
27077069,27077077,6,2,16,16,40,16,8,6,72
27104789,27104797,4,3,16,12,128,8,16,8,18
27105809,27105817,2,3,16,8,12,32,8,16,16
27124709,27124717,2,5,16,4,8,40,8,8,12
27135389,27135397,2,2,16,4,24,8,32,16,36
27138029,27138037,2,3,16,8,10,24,16,16,12
27139109,27139117,2,4,16,4,64,12,8,8,24
27147209,27147217,5,4,16,16,12,12,8,12,20
27151769,27151777,2,5,16,8,12,8,8,12,72
27156809,27156817,2,3,16,4,6,8,16,16,80
27157469,27157477,2,4,16,4,12,24,4,6,24
27168509,27168517,2,4,16,4,36,4,8,8,72
27169529,27169537,2,3,16,4,24,8,16,4,72
27180869,27180877,2,3,16,4,8,16,8,16,24
27186329,27186337,2,3,16,4,24,4,8,16,36
27203789,27203797,2,4,16,4,80,8,4,4,24
27217769,27217777,2,3,16,4,6,24,8,24,40
27222989,27222997,5,4,16,8,10,16,4,4,48
27223709,27223717,2,2,16,4,24,48,12,16,72
27224129,27224137,4,4,16,8,12,4,32,4,48
27229889,27229897,3,4,16,8,6,8,8,32,24
27231089,27231097,2,2,16,8,24,32,16,8,32
27234929,27234937,2,4,16,4,6,8,8,48,48
27237269,27237277,2,3,16,4,16,8,8,24,96
27253469,27253477,2,4,16,4,12,16,8,12,48
27264569,27264577,2,4,16,4,12,32,4,12,56
27270569,27270577,2,4,16,4,24,8,4,12,120
27279929,27279937,4,3,16,8,24,4,48,8,56
27294269,27294277,2,4,16,4,28,8,24,12,12
27303629,27303637,2,4,16,4,40,36,8,4,12
27333029,27333037,5,3,16,8,16,24,4,4,36
27360929,27360937,4,5,16,12,12,4,8,8,64
27367169,27367177,5,2,16,8,48,16,4,36,32
27373529,27373537,2,4,16,4,12,8,4,32,72
27383969,27383977,2,1,16,6,48,16,16,24,24
27385769,27385777,2,4,16,8,48,8,12,12,200
27401189,27401197,2,3,16,8,96,32,8,16,12
27404609,27404617,2,3,16,4,24,12,4,32,32
27407189,27407197,2,2,16,8,16,32,16,8,72
27431069,27431077,2,5,16,4,12,12,8,12,24
27446009,27446017,2,2,16,4,24,32,8,16,72
27475169,27475177,2,3,16,4,12,32,8,36,32
27475529,27475537,2,2,16,4,24,18,8,16,80
27485309,27485317,5,3,16,8,16,8,4,24,18
27493889,27493897,2,3,16,4,6,48,4,16,64
27518429,27518437,2,4,16,4,24,4,8,8,36
27531389,27531397,2,4,16,4,32,8,8,8,36
27542369,27542377,2,2,16,4,48,16,8,16,64
27581789,27581797,2,4,16,4,48,4,8,8,120
27593429,27593437,6,3,16,6,8,32,32,4,48
27601169,27601177,2,4,16,4,6,24,8,12,32
27601589,27601597,2,2,16,8,32,16,8,16,72
27611789,27611797,2,3,16,4,20,32,24,8,12
27612209,27612217,6,3,16,8,12,24,16,4,72
27612569,27612577,2,3,16,8,18,16,8,12,144
27628889,27628897,2,4,16,4,6,24,8,12,24
27633629,27633637,2,4,16,4,48,8,8,8,120
27644009,27644017,2,4,16,4,48,12,4,8,40
27654629,27654637,2,3,16,8,32,24,16,8,12
27656129,27656137,2,2,16,4,24,8,32,16,24
27656669,27656677,6,3,16,8,48,16,8,6,18
27670529,27670537,5,3,16,16,6,16,4,4,96
27674609,27674617,2,3,16,4,48,12,16,4,16
27678029,27678037,2,4,16,4,10,12,8,64,24
27681869,27681877,2,3,16,8,40,8,8,20,18
27691529,27691537,2,4,16,8,24,12,8,8,40
27703589,27703597,2,3,16,4,64,16,4,8,24
27705269,27705277,2,3,16,8,16,16,12,12,18
27725909,27725917,2,3,16,8,32,24,16,12,12
27741929,27741937,3,3,16,8,6,20,32,8,20
27761189,27761197,2,4,16,4,16,12,4,24,12
27778109,27778117,2,2,16,8,56,16,64,16,12
27802409,27802417,5,2,16,8,72,16,4,24,40
27810389,27810397,3,3,16,12,8,16,8,16,36
27822929,27822937,3,2,16,8,6,20,16,48,32
27828929,27828937,2,2,16,8,24,8,16,16,48
27830129,27830137,6,4,16,8,12,6,16,4,32
27835889,27835897,2,3,16,8,24,24,8,8,64
27843329,27843337,2,2,16,8,48,8,16,16,24
27858629,27858637,2,3,16,4,16,8,4,16,108
27877529,27877537,2,4,16,8,12,8,8,16,36
27878429,27878437,2,2,16,8,24,16,16,8,36
27898229,27898237,2,2,16,8,32,16,16,8,24
27905369,27905377,4,4,16,8,24,6,8,8,48
27917489,27917497,2,3,16,4,24,8,16,4,24
27949169,27949177,3,3,16,16,6,32,8,6,24
27966209,27966217,6,4,16,24,6,12,8,4,32
27979409,27979417,2,4,16,4,12,16,8,4,48
27996509,27996517,2,4,16,4,12,8,32,8,42
28032089,28032097,2,3,16,4,24,12,4,16,48
28032869,28032877,2,3,16,4,16,8,8,24,36
28034969,28034977,2,3,16,4,24,6,48,12,48
28036109,28036117,2,3,16,8,20,8,8,16,36
28036289,28036297,4,4,16,8,12,4,32,8,48
28053209,28053217,2,4,16,4,12,8,8,32,120
28069589,28069597,2,2,16,8,8,16,16,16,36
28079969,28079977,3,4,16,8,6,8,8,48,32
28087589,28087597,4,4,16,8,16,4,4,8,18
28095329,28095337,4,3,16,16,24,8,8,8,80
28097969,28097977,6,3,16,8,18,24,8,6,32
28129109,28129117,2,1,16,4,24,20,32,32,24
28150769,28150777,6,4,16,12,12,16,8,6,96
28164809,28164817,4,5,16,8,12,4,4,8,60
28206029,28206037,2,3,16,4,80,4,8,32,24
28209029,28209037,2,4,16,4,16,8,32,8,12
28215029,28215037,2,3,16,4,16,24,8,8,36
28222169,28222177,2,4,16,4,12,24,4,12,48
28235369,28235377,2,4,16,4,12,8,8,48,60
28239689,28239697,2,3,16,4,24,8,8,16,60
28244129,28244137,2,4,16,4,12,24,4,8,32
28265609,28265617,4,2,16,8,24,4,16,16,60
28281809,28281817,2,4,16,4,72,8,12,8,24
28286669,28286677,2,4,16,6,10,8,16,6,72
28292909,28292917,2,3,16,6,20,24,16,8,12
28313969,28313977,3,3,16,16,6,6,16,12,64
28315109,28315117,5,2,16,8,32,16,4,16,48
28315229,28315237,4,4,16,16,48,6,8,8,12
28331609,28331617,5,2,16,16,12,24,8,16,48
28332929,28332937,4,3,16,16,12,8,16,8,32
28351769,28351777,2,4,16,4,12,6,16,6,48
28356329,28356337,2,2,16,4,24,16,4,16,30
28368029,28368037,2,4,16,8,96,8,8,8,48
28370189,28370197,2,1,16,4,20,16,16,16,96
28376489,28376497,2,5,16,8,12,8,8,8,30
28379489,28379497,2,3,16,8,12,24,48,8,16
28402229,28402237,4,3,16,32,8,4,16,8,36
28403069,28403077,6,3,16,8,32,12,16,6,48
28426829,28426837,2,4,16,4,20,6,4,8,24
28432289,28432297,2,3,16,4,24,8,16,8,160
28438889,28438897,2,4,16,8,12,12,16,8,40
28452209,28452217,2,4,16,4,6,12,8,24,32
28477829,28477837,2,4,16,4,8,4,24,8,36
28482689,28482697,2,4,16,8,24,8,8,8,48
28490009,28490017,6,4,16,16,12,6,8,4,24
28491989,28491997,3,4,16,12,8,12,8,16,24
28515209,28515217,2,3,16,8,12,16,16,8,60
28522289,28522297,2,4,16,4,6,4,16,8,48
28531829,28531837,5,1,16,16,32,16,4,16,18
28533929,28533937,4,4,16,8,12,6,64,8,20
28546709,28546717,2,4,16,6,16,12,12,8,24
28589909,28589917,5,2,16,8,32,24,4,16,24
28591169,28591177,5,4,16,8,12,24,4,6,64
28605209,28605217,2,3,16,4,12,48,8,16,24
28615529,28615537,4,3,16,16,18,4,4,8,30
28620209,28620217,2,2,16,4,24,16,48,8,80
28623989,28623997,4,3,16,8,16,4,16,4,24
28627589,28627597,2,3,16,4,32,8,32,4,18
28691609,28691617,2,3,16,8,12,12,32,16,72
28691969,28691977,3,3,16,32,6,12,8,18,32
28707089,28707097,6,5,16,12,6,12,8,4,32
28729229,28729237,2,2,16,8,40,48,8,16,24
28754969,28754977,5,4,16,8,6,64,4,6,48
28756589,28756597,2,3,16,8,20,8,8,32,48
28762169,28762177,4,2,16,16,24,12,16,12,28
28766489,28766497,6,2,16,24,24,12,16,4,48
28766909,28766917,2,3,16,4,56,8,32,8,36
28774769,28774777,2,4,16,8,48,12,8,12,16
28817069,28817077,2,2,16,4,20,16,32,24,12
28818029,28818037,2,3,16,4,20,4,32,8,72
28828829,28828837,2,1,16,4,24,16,16,16,18
28835489,28835497,2,4,16,4,12,8,4,16,48
28844609,28844617,2,3,16,4,12,16,16,8,32
28848389,28848397,5,3,16,16,16,40,8,8,12
28854509,28854517,2,5,16,4,40,12,8,4,12
28880069,28880077,2,2,16,8,48,12,16,24,48
28895609,28895617,2,2,16,4,12,16,16,16,96
28896689,28896697,2,4,16,4,24,8,8,4,32
28898489,28898497,2,4,16,8,24,12,8,8,84
28904969,28904977,2,3,16,4,12,4,16,24,60
28910669,28910677,2,4,16,4,20,12,8,6,24
28915889,28915897,2,2,16,12,24,16,32,12,64
28917029,28917037,4,2,16,32,16,4,16,8,18
28924529,28924537,2,3,16,8,48,28,8,8,64
28926389,28926397,2,3,16,4,16,8,16,8,60
28939829,28939837,2,3,16,8,8,48,16,8,24
28940789,28940797,2,3,16,8,8,16,8,16,18
28964009,28964017,2,3,16,4,72,16,8,8,30
28964489,28964497,2,3,16,8,12,32,8,16,60
28986809,28986817,2,3,16,4,12,24,8,32,56
29004509,29004517,2,4,16,4,12,4,32,8,72
29013869,29013877,2,4,16,4,10,8,8,16,60
29032169,29032177,5,4,16,8,36,12,4,12,20
29043389,29043397,2,4,16,4,56,4,4,8,18
29049869,29049877,2,2,16,4,20,8,16,16,18
29059229,29059237,2,3,16,4,12,16,8,16,30
29066369,29066377,2,3,16,8,12,24,8,32,64
29072909,29072917,2,4,16,4,30,8,8,4,72
29073269,29073277,2,2,16,4,16,4,16,36,48
29077709,29077717,2,3,16,4,20,24,8,4,24
29113229,29113237,5,4,16,16,10,8,4,8,48
29114069,29114077,2,4,16,4,32,14,8,12,24
29123609,29123617,6,3,16,8,48,12,16,4,24
29131169,29131177,2,3,16,8,24,12,16,12,32
29138429,29138437,4,3,16,8,20,4,32,4,18
29143229,29143237,5,1,16,16,28,28,8,16,48
29162369,29162377,4,3,16,16,12,4,8,32,64
29168129,29168137,2,4,16,4,18,8,8,8,48
29183969,29183977,6,3,16,8,24,32,8,6,80
29201009,29201017,5,4,16,6,12,16,4,8,64
29217029,29217037,2,1,16,4,16,36,24,16,48
29225369,29225377,2,2,16,4,18,4,16,32,36
29227829,29227837,2,1,16,8,16,24,16,16,48
29245889,29245897,4,3,16,16,12,8,8,16,48
29258609,29258617,2,3,16,4,6,12,32,16,16
29262809,29262817,2,3,16,4,24,8,16,8,96
29265689,29265697,5,5,16,12,12,8,4,8,72
29267969,29267977,2,3,16,4,12,40,8,24,32
29272289,29272297,2,3,16,8,24,32,8,8,16
29285609,29285617,5,3,16,8,24,24,4,8,40
29293409,29293417,2,5,16,4,6,4,8,8,48
29298629,29298637,2,3,16,4,32,64,4,8,36
29304689,29304697,5,4,16,8,6,16,4,12,16
29305589,29305597,5,5,16,8,8,12,4,24,12
29308709,29308717,2,3,16,4,16,12,16,8,126
29323409,29323417,5,3,16,8,12,60,4,16,32
29325389,29325397,6,3,16,16,20,12,16,8,12
29327009,29327017,6,3,16,8,72,48,8,4,16
29328869,29328877,2,3,16,8,16,8,8,32,54
29335469,29335477,2,3,16,4,40,16,8,12,24
29342309,29342317,2,3,16,4,16,48,4,8,24
29381369,29381377,2,2,16,4,24,48,16,8,72
29402069,29402077,2,3,16,4,32,12,16,6,48
29409629,29409637,2,3,16,4,24,12,4,16,24
29420609,29420617,5,2,16,16,24,24,8,8,64
29430509,29430517,2,4,16,8,20,16,8,8,12
29431469,29431477,4,4,16,6,20,4,4,12,36
29434109,29434117,5,4,16,8,36,6,4,8,24
29439329,29439337,5,3,16,8,24,48,4,4,32
29471789,29471797,2,2,16,4,40,32,8,16,24
29484869,29484877,2,3,16,4,16,36,4,32,12
29485289,29485297,2,3,16,4,12,16,8,16,50
29488169,29488177,6,2,16,8,24,16,16,6,60
29520209,29520217,4,2,16,16,24,4,8,16,48
29529029,29529037,4,2,16,16,24,8,16,8,30
29532389,29532397,3,4,16,16,8,12,8,8,48
29553869,29553877,3,1,16,16,10,16,16,24,48
29554529,29554537,6,4,16,8,48,6,8,4,32
29558369,29558377,2,3,16,4,12,16,4,64,192
29562089,29562097,2,4,16,4,18,12,8,8,40
29567129,29567137,5,3,16,8,12,16,4,32,48
29573429,29573437,2,3,16,4,16,12,32,8,24
29579369,29579377,2,3,16,8,12,12,32,20,40
29588609,29588617,2,3,16,8,12,16,12,16,24
29594129,29594137,2,5,16,8,12,8,8,8,64
29610689,29610697,5,3,16,8,24,24,4,8,16
29636069,29636077,2,4,16,8,16,12,8,48,12
29660429,29660437,2,3,16,8,20,16,8,12,36
29662769,29662777,5,3,16,8,12,16,4,24,192
29670869,29670877,2,3,16,8,64,8,8,48,18
29685209,29685217,2,4,16,8,12,36,8,8,48
29691569,29691577,3,2,16,24,6,16,16,12,64
29698169,29698177,4,3,16,8,24,6,8,48,32
29698769,29698777,2,4,16,4,6,32,8,12,48
29700389,29700397,2,5,16,4,8,8,8,8,72
29709389,29709397,2,4,16,4,10,8,32,8,24
29709929,29709937,2,4,16,4,12,16,4,8,80
29715089,29715097,2,4,16,4,24,10,8,8,16
29716769,29716777,4,5,16,8,12,4,4,12,48
29723909,29723917,2,3,16,4,16,12,8,16,24
29725229,29725237,4,3,16,8,20,4,32,8,18
29756009,29756017,2,3,16,4,24,8,16,4,30
29797589,29797597,2,3,16,4,16,16,4,4,36
29817569,29817577,2,3,16,4,12,8,16,18,48
29828129,29828137,2,4,16,4,24,6,8,8,32
29829269,29829277,4,3,16,8,32,4,8,24,48
29841509,29841517,3,2,16,16,8,24,8,16,36
29844329,29844337,2,2,16,8,18,24,16,8,20
29846129,29846137,3,1,16,16,12,24,16,32,32
29851529,29851537,2,5,16,4,12,12,4,12,80
29879669,29879677,2,4,16,4,16,8,8,12,36
29883089,29883097,5,3,16,6,6,16,4,16,96
29888129,29888137,6,3,16,16,12,8,16,4,32
29909189,29909197,2,4,16,4,16,4,8,8,48
29921729,29921737,2,2,16,8,24,24,16,8,64
29932229,29932237,4,2,16,16,32,4,16,4,36
29940509,29940517,2,3,16,4,48,16,4,8,36
29945009,29945017,2,5,16,4,6,8,8,8,48
29947109,29947117,5,3,16,8,32,12,4,16,72
29950589,29950597,6,3,16,8,32,16,8,4,36
29960669,29960677,6,3,16,8,48,8,16,6,72
29970209,29970217,2,3,16,4,6,24,8,16,64
29978609,29978617,2,2,16,8,24,16,32,8,32
29982929,29982937,6,2,16,16,24,8,16,4,32
29990489,29990497,2,2,16,4,24,40,8,16,24
30003509,30003517,2,4,16,4,64,8,8,4,54
30019169,30019177,4,4,16,16,12,8,8,12,96
30019529,30019537,4,4,16,8,12,4,8,32,30
30038369,30038377,4,1,16,18,36,12,16,16,32
30073709,30073717,2,3,16,8,10,16,32,8,36
30085889,30085897,2,3,16,4,24,6,8,16,32
30091169,30091177,3,3,16,8,6,32,32,12,96
30101429,30101437,2,2,16,4,32,8,64,36,24
30102329,30102337,5,2,16,16,24,16,8,8,84
30114509,30114517,2,3,16,4,20,24,8,8,24
30116909,30116917,5,4,16,8,40,8,4,4,36
30118889,30118897,2,3,16,8,12,16,8,16,30
30124109,30124117,2,4,16,4,40,4,4,8,48
30126269,30126277,2,2,16,4,28,16,16,12,24
30149429,30149437,2,4,16,8,32,12,8,16,12
30151469,30151477,6,1,16,16,40,16,16,6,36
30158069,30158077,6,3,16,8,32,24,8,6,48
30159929,30159937,2,4,16,4,12,8,8,16,42
30162809,30162817,2,3,16,8,24,8,32,8,48
30166589,30166597,6,4,16,8,14,32,8,4,36
30180629,30180637,2,3,16,4,8,16,16,4,18
30190169,30190177,4,3,16,16,12,8,20,12,36
30191789,30191797,4,4,16,12,20,4,4,4,36
30195929,30195937,2,3,16,4,12,16,8,32,48
30198989,30198997,2,4,16,4,10,16,12,8,36
30246269,30246277,4,4,16,8,32,6,8,12,24
30255509,30255517,6,3,16,16,64,8,8,4,36
30259769,30259777,2,4,16,4,12,12,8,48,56
30276209,30276217,4,2,16,16,24,8,8,16,24
30279629,30279637,4,3,16,8,10,4,32,16,48
30291809,30291817,2,3,16,8,12,20,32,8,32
30297269,30297277,2,3,16,4,16,8,16,12,36
30298109,30298117,2,3,16,4,52,12,64,4,24
30303929,30303937,2,5,16,8,12,8,8,8,224
30317009,30317017,2,2,16,4,24,24,32,8,16
30318689,30318697,2,3,16,8,12,8,16,16,24
30322469,30322477,2,3,16,4,8,16,24,12,18
30331109,30331117,2,3,16,8,32,8,16,8,18
30339929,30339937,2,3,16,4,24,16,8,8,144
30342929,30342937,2,5,16,4,12,12,8,8,48
30343289,30343297,2,3,16,12,12,12,16,16,64
30350909,30350917,2,2,16,4,28,4,24,32,96
30360269,30360277,4,3,16,8,10,4,16,24,72
30376469,30376477,2,4,16,4,24,8,4,12,72
30381089,30381097,5,2,16,32,24,12,4,16,32
30412229,30412237,2,2,16,4,16,16,4,32,24
30425909,30425917,2,2,16,4,16,18,16,12,24
30436709,30436717,2,5,16,4,8,12,16,8,12
30465209,30465217,4,2,16,6,24,4,16,16,84
30475589,30475597,2,5,16,4,32,12,8,4,12
30482069,30482077,4,3,16,8,16,6,16,24,12
30484109,30484117,2,3,16,8,10,16,8,16,72
30487109,30487117,2,2,16,4,32,6,24,16,48
30497189,30497197,2,4,16,4,16,12,64,8,12
30521489,30521497,5,4,16,16,12,12,8,8,32
30539909,30539917,2,3,16,4,32,8,8,16,180
30548729,30548737,4,3,16,16,12,8,8,16,54
30571769,30571777,2,2,16,4,24,16,4,24,72
30577709,30577717,2,1,16,4,40,16,16,24,96
30577829,30577837,2,3,16,4,32,48,8,8,48
30585089,30585097,2,3,16,4,6,16,16,8,96
30586109,30586117,2,1,16,8,36,16,16,16,48
30589709,30589717,2,4,16,4,10,48,4,64,12
30601289,30601297,2,3,16,4,12,32,32,4,60
30614729,30614737,2,3,16,4,24,16,4,4,40
30615869,30615877,4,1,16,24,56,4,16,24,36
30623909,30623917,2,2,16,4,32,20,8,16,24
30624689,30624697,2,3,16,4,12,16,8,16,64
30626789,30626797,2,4,16,8,64,12,24,8,12
30637769,30637777,2,4,16,4,12,6,8,24,80
30644609,30644617,6,4,16,8,12,12,32,4,32
30653309,30653317,4,3,16,8,32,4,4,32,60
30657569,30657577,2,4,16,8,12,12,16,12,32
30671429,30671437,6,1,16,16,32,16,32,8,24
30675269,30675277,2,3,16,4,32,4,24,12,36
30675569,30675577,2,4,16,4,6,12,8,24,32
30686969,30686977,2,4,16,4,12,4,8,24,108
30691229,30691237,2,3,16,4,96,6,16,16,12
30707129,30707137,3,4,16,24,6,8,8,8,84
30710909,30710917,6,1,16,16,16,16,16,8,72
30719309,30719317,2,3,16,4,20,6,16,8,24
30737669,30737677,2,4,16,4,48,12,8,12,48
30740789,30740797,2,3,16,4,8,8,32,16,60
30776189,30776197,2,3,16,4,32,56,8,4,48
30800009,30800017,2,3,16,4,12,16,16,4,60
30806609,30806617,2,3,16,4,12,12,16,16,64
30819629,30819637,2,1,16,4,40,16,16,16,48
30821729,30821737,3,5,16,8,6,12,8,12,64
30823769,30823777,4,2,16,16,36,4,4,24,144
30829289,30829297,2,3,16,4,48,12,8,16,40
30880469,30880477,2,3,16,4,32,16,4,12,72
30881489,30881497,3,2,16,16,6,10,16,16,32
30885629,30885637,2,3,16,6,18,12,16,16,12
30907229,30907237,2,4,16,4,12,12,16,8,24
30910829,30910837,2,5,16,8,10,12,8,8,48
30916289,30916297,4,4,16,8,24,4,4,8,64
30919169,30919177,2,2,16,4,12,16,16,48,48
30938429,30938437,2,4,16,4,56,4,12,8,120
30959969,30959977,2,4,16,4,12,12,4,24,32
30964529,30964537,2,3,16,8,12,8,16,16,48
30966329,30966337,2,3,16,8,12,16,24,8,84
30970229,30970237,2,3,16,4,16,12,16,8,72
30976229,30976237,4,4,16,8,48,4,8,8,48
30994169,30994177,2,3,16,8,36,24,8,12,36
31002809,31002817,5,5,16,8,12,12,4,8,56
31013669,31013677,3,3,16,16,8,8,8,24,18
31016009,31016017,2,5,16,4,6,8,8,4,30
31022129,31022137,2,3,16,4,24,8,32,8,64
31037729,31037737,2,2,16,4,12,18,16,16,16
31039769,31039777,3,4,16,8,6,32,8,12,36
31043729,31043737,2,3,16,4,6,8,16,16,56
31046009,31046017,2,4,16,4,12,6,8,32,32
31055909,31055917,2,5,16,4,8,32,8,8,12
31061489,31061497,2,3,16,4,36,12,24,4,32
31072289,31072297,2,4,16,4,12,12,32,8,32
31076789,31076797,2,2,16,4,16,18,8,16,24
31102769,31102777,2,3,16,4,24,8,8,24,24
31109789,31109797,2,3,16,4,24,32,4,8,36
31124369,31124377,2,3,16,4,12,16,8,20,48
31133009,31133017,4,5,16,12,12,4,8,4,48
31134569,31134577,5,3,16,16,12,12,8,24,40
31140509,31140517,2,3,16,4,24,12,8,32,48
31168589,31168597,6,2,16,8,40,18,16,4,24
31171289,31171297,2,3,16,4,12,24,24,4,48
31172069,31172077,2,3,16,8,16,8,8,24,72
31176869,31176877,2,2,16,4,16,32,4,20,24
31188089,31188097,2,3,16,8,48,8,32,8,48
31191989,31191997,2,3,16,8,24,16,8,8,48
31201529,31201537,3,2,16,16,6,24,48,8,36
31215929,31215937,2,5,16,4,12,12,4,4,112
31224989,31224997,2,4,16,4,24,4,8,8,72
31232489,31232497,2,4,16,4,12,16,8,8,40
31248509,31248517,2,3,16,4,16,12,24,8,48
31250129,31250137,5,5,16,8,12,12,4,8,32
31263989,31263997,2,4,16,4,16,6,4,8,48
31266329,31266337,2,3,16,4,48,12,16,4,24
31285469,31285477,4,4,16,12,12,8,32,12,72
31305389,31305397,5,3,16,12,40,32,8,8,24
31321229,31321237,2,2,16,4,20,12,32,16,24
31338569,31338577,2,4,16,8,12,8,16,12,50
31345529,31345537,2,4,16,8,12,12,12,32,32
31350629,31350637,2,4,16,4,8,8,8,16,36
31354529,31354537,5,3,16,8,12,24,4,16,16
31362809,31362817,2,5,16,4,12,12,8,8,72
31367129,31367137,2,3,16,4,24,24,4,4,24
31400429,31400437,2,2,16,4,40,16,16,16,12
31406909,31406917,2,4,16,4,14,16,32,4,12
31411829,31411837,5,4,16,8,8,8,4,64,72
31424369,31424377,5,1,16,16,24,24,8,20,16
31485269,31485277,2,3,16,8,64,8,8,24,36
31489169,31489177,2,4,16,4,24,6,8,12,64
31490489,31490497,4,3,16,8,18,4,16,4,84
31494809,31494817,2,3,16,4,24,16,8,8,36
31495109,31495117,2,4,16,4,32,12,16,8,12
31524509,31524517,2,2,16,4,24,8,16,32,18
31532429,31532437,5,3,16,12,20,16,8,8,96
31534589,31534597,2,3,16,4,40,8,16,8,36
31543769,31543777,4,3,16,16,36,8,8,12,96
31564229,31564237,2,3,16,4,32,12,16,4,96
31577009,31577017,6,3,16,8,24,16,8,4,32
31582409,31582417,5,4,16,8,6,32,4,4,40
31585529,31585537,2,4,16,4,48,8,8,8,54
31592369,31592377,2,3,16,4,12,16,12,16,128
31606529,31606537,6,4,16,24,12,12,8,4,128
31619009,31619017,2,3,16,4,6,4,24,16,192
31629929,31629937,6,5,16,8,12,10,8,4,80
31633169,31633177,2,3,16,4,6,40,8,60,32
31651709,31651717,6,2,16,8,16,24,16,4,24
31654229,31654237,2,4,16,4,8,40,4,8,24
31675169,31675177,3,5,16,8,6,8,8,12,96
31678169,31678177,3,4,16,8,6,6,16,6,48
31683269,31683277,2,2,16,8,16,8,32,18,18
31691369,31691377,2,3,16,4,12,16,32,8,60
31712609,31712617,4,4,16,8,6,4,4,16,96
31717109,31717117,2,1,16,4,24,16,16,16,24
31719209,31719217,2,2,16,8,48,12,16,16,20
31721009,31721017,2,3,16,4,12,24,32,8,32
31722329,31722337,2,5,16,4,12,8,8,4,72
31725929,31725937,2,4,16,4,36,4,8,4,60
31738529,31738537,4,4,16,16,12,4,8,4,96
31739789,31739797,5,3,16,8,40,16,4,4,48
31745369,31745377,5,2,16,16,24,8,4,16,144
31746809,31746817,2,3,16,4,12,16,32,8,90
31749869,31749877,2,2,16,4,40,16,16,8,36
31751669,31751677,5,2,16,16,16,16,4,6,120
31752569,31752577,2,2,16,4,24,16,16,6,96
31761929,31761937,2,3,16,4,6,16,4,16,40
31778129,31778137,3,3,16,16,6,8,16,8,64
31779689,31779697,2,5,16,4,12,12,8,8,40
31803689,31803697,4,2,16,16,12,8,16,24,30
31843589,31843597,2,4,16,8,32,12,8,32,12
31845809,31845817,2,3,16,4,24,8,32,4,48
31855469,31855477,2,4,16,4,40,12,8,12,48
31881929,31881937,2,3,16,4,12,48,16,4,80
31895789,31895797,2,3,16,4,20,12,24,8,24
31904129,31904137,2,4,16,8,24,8,8,8,48
31940429,31940437,2,3,16,4,10,32,4,16,24
31942109,31942117,2,3,16,4,24,16,4,8,144
31943489,31943497,2,2,16,4,36,24,16,8,64
31966709,31966717,5,2,16,16,16,12,8,32,48
31980029,31980037,2,3,16,4,40,12,16,8,24
31992269,31992277,2,3,16,4,40,16,8,12,24
32003669,32003677,2,2,16,4,16,16,8,24,72
32005409,32005417,2,2,16,8,12,24,16,16,32
32036369,32036377,3,4,16,8,6,6,8,64,64
32042489,32042497,2,3,16,8,12,32,16,8,80
32050289,32050297,6,4,16,8,6,16,8,4,32
32054969,32054977,4,5,16,8,6,4,8,12,168
32058329,32058337,2,4,16,4,6,12,32,8,24
32058869,32058877,5,4,16,8,64,24,4,8,12
32061389,32061397,2,3,16,4,20,32,4,8,24
32062829,32062837,5,3,16,8,10,24,4,32,48
32075129,32075137,3,4,16,8,6,8,16,8,64
32075969,32075977,4,3,16,12,12,8,32,24,16
32080889,32080897,2,3,16,4,24,8,8,32,99
32106929,32106937,2,3,16,8,24,12,8,16,64
32117069,32117077,2,3,16,4,20,8,32,12,18
32128409,32128417,3,5,16,8,6,8,8,8,72
32153189,32153197,2,5,16,4,16,10,4,8,12
32163869,32163877,5,3,16,8,24,16,4,8,18
32176289,32176297,3,4,16,36,6,8,12,8,24
32192969,32192977,2,3,16,4,12,24,16,12,40
32195489,32195497,2,2,16,4,24,24,4,16,32
32214569,32214577,2,4,16,4,12,12,8,24,40
32222009,32222017,4,3,16,8,6,4,16,16,112
32265209,32265217,5,3,16,16,24,8,4,4,110
32268629,32268637,2,2,16,4,64,4,16,32,36
32269469,32269477,4,4,16,8,12,6,8,24,24
32270729,32270737,2,3,16,4,24,24,8,8,80
32275769,32275777,3,1,16,16,12,16,16,48,112
32315729,32315737,2,3,16,8,12,16,8,16,32
32316629,32316637,2,2,16,4,32,12,16,16,48
32321909,32321917,5,3,16,8,16,16,4,8,72
32324069,32324077,2,2,16,4,96,16,4,18,48
32324969,32324977,6,3,16,16,12,8,16,6,60
32340569,32340577,2,3,16,8,24,8,16,12,96
32340929,32340937,5,4,16,12,12,12,8,16,64
32361509,32361517,5,3,16,24,16,8,4,8,72
32366189,32366197,4,3,16,8,20,4,16,4,48
32368529,32368537,5,3,16,16,12,16,8,8,24
32372609,32372617,2,2,16,4,24,72,4,32,64
32380169,32380177,2,3,16,4,48,24,8,6,40
32392589,32392597,6,3,16,8,20,24,16,4,12
32396009,32396017,2,2,16,4,12,24,16,16,120
32400869,32400877,2,3,16,4,16,6,8,32,24
32404289,32404297,5,3,16,16,12,12,8,32,32
32423609,32423617,2,3,16,4,12,16,16,8,84
32431829,32431837,2,3,16,4,16,40,4,16,12
32441069,32441077,5,3,16,12,10,16,4,24,18
32449709,32449717,4,4,16,12,10,4,16,8,36
32461409,32461417,2,3,16,4,12,16,4,32,96
32463869,32463877,2,2,16,8,66,24,8,16,24
32464829,32464837,2,2,16,4,56,16,16,8,36
32480969,32480977,2,3,16,4,6,24,4,36,80
32501309,32501317,2,3,16,4,28,12,16,64,12
32504909,32504917,2,3,16,8,20,12,8,16,24
32528009,32528017,5,4,16,8,12,24,4,8,30
32529989,32529997,2,3,16,8,16,16,8,8,36
32533769,32533777,2,4,16,4,12,4,16,12,240
32542409,32542417,4,5,16,8,12,4,4,4,30
32549609,32549617,2,3,16,8,12,8,16,24,60
32553329,32553337,2,3,16,4,12,20,16,8,16
32555909,32555917,2,3,16,4,8,16,8,16,36
32562209,32562217,4,3,16,8,6,4,16,24,64
32569709,32569717,2,3,16,4,30,24,4,8,24
32590829,32590837,5,2,16,16,20,32,8,8,120
32591189,32591197,2,4,16,8,8,8,8,32,36
32607569,32607577,4,3,16,8,24,4,4,48,32
32607689,32607697,2,3,16,6,12,24,16,8,40
32613869,32613877,2,3,16,4,40,4,4,16,36
32618129,32618137,2,3,16,8,12,24,8,16,64
32624489,32624497,2,3,16,4,12,16,12,16,60
32633429,32633437,5,3,16,16,16,12,8,8,24
32651669,32651677,3,3,16,16,8,8,32,12,36
32652569,32652577,3,4,16,16,6,8,8,6,108
32657369,32657377,2,2,16,8,12,48,16,16,48
32661689,32661697,2,1,16,4,48,24,16,16,56
32682809,32682817,2,1,16,4,24,16,16,16,84
32717309,32717317,4,2,16,16,20,6,16,8,96
32721509,32721517,2,1,16,4,16,16,16,16,24
32742389,32742397,5,1,16,16,16,16,4,16,36
32750429,32750437,2,3,16,8,96,16,8,8,24
32756069,32756077,2,1,16,4,16,16,16,24,120
32761229,32761237,2,2,16,4,40,8,32,16,24
32763209,32763217,2,3,16,4,12,18,32,8,40
32772569,32772577,5,3,16,8,36,16,4,12,48
32778869,32778877,2,2,16,4,16,24,16,8,48
32811509,32811517,2,3,16,4,16,16,8,8,36
32817209,32817217,5,3,16,16,12,48,4,4,56
32821709,32821717,2,3,16,4,40,32,4,16,12
32824409,32824417,2,3,16,4,24,8,32,8,48
32838989,32838997,6,3,16,16,20,16,12,8,12
32856269,32856277,2,4,16,4,10,12,32,12,24
32868929,32868937,2,4,16,4,12,8,8,32,64
32879669,32879677,6,3,16,16,16,24,8,6,12
32913329,32913337,5,4,16,6,6,6,4,16,16
32922389,32922397,5,3,16,8,8,16,4,16,96
32928809,32928817,2,4,16,8,12,24,8,8,40
32930069,32930077,2,3,16,4,16,24,8,12,24
32936369,32936377,5,3,16,8,24,24,4,8,32
32940689,32940697,6,3,16,16,12,24,8,4,32
32951189,32951197,5,2,16,16,16,16,4,4,18
32978669,32978677,6,2,16,12,20,48,16,6,24
32991869,32991877,2,2,16,4,32,4,16,20,18
33023909,33023917,6,3,16,8,8,16,32,4,48
33025709,33025717,2,3,16,8,20,32,8,8,18
33026789,33026797,4,3,16,8,16,4,8,16,36
33027629,33027637,6,4,16,8,80,12,8,4,24
33062069,33062077,5,3,16,8,16,32,4,6,72
33072329,33072337,2,4,16,4,24,8,4,4,60
33077129,33077137,2,4,16,4,12,8,8,32,20
33085589,33085597,5,4,16,8,16,24,4,8,12
33088529,33088537,2,3,16,8,24,8,8,16,192
33095729,33095737,3,4,16,8,6,32,8,8,64
33100589,33100597,2,3,16,4,20,8,4,16,48
33101129,33101137,2,4,16,4,6,8,16,8,50
33104009,33104017,4,4,16,8,12,4,8,64,60
33126629,33126637,2,4,16,6,32,12,8,8,24
33134729,33134737,6,4,16,6,6,24,8,4,40
33137669,33137677,4,3,16,6,32,4,8,24,144
33153269,33153277,2,3,16,8,8,16,24,12,36
33156509,33156517,2,1,16,4,24,16,16,16,24
33167129,33167137,2,2,16,4,12,24,32,16,48
33172709,33172717,5,2,16,16,16,32,4,12,48
33185909,33185917,2,5,16,4,8,8,4,8,24
33195809,33195817,2,4,16,4,24,8,8,8,24
33203369,33203377,2,4,16,8,12,8,8,16,60
33208709,33208717,2,4,16,4,16,12,32,8,12
33210929,33210937,5,5,16,8,6,8,4,4,96
33212489,33212497,2,4,16,4,12,12,24,8,40
33253889,33253897,2,4,16,4,12,6,8,16,64
33261089,33261097,2,4,16,4,6,6,4,16,96
33276569,33276577,2,3,16,4,48,18,4,6,48
33320369,33320377,2,2,16,8,12,16,16,24,128
33334529,33334537,2,3,16,8,36,12,8,32,32
33335429,33335437,2,2,16,4,16,12,16,24,24
33338489,33338497,2,4,16,4,12,8,24,8,64
33341969,33341977,5,4,16,8,12,16,4,6,64
33342689,33342697,2,3,16,4,12,16,32,8,24
33362429,33362437,2,3,16,4,40,24,24,8,12
33379889,33379897,4,4,16,8,24,6,8,8,64
33383369,33383377,2,3,16,4,12,16,4,16,120
33384809,33384817,2,3,16,4,18,32,8,8,30
33395909,33395917,2,3,16,4,16,6,16,32,12
33413189,33413197,5,1,16,16,16,48,8,16,48
33415769,33415777,2,1,16,8,24,16,16,24,36
33419129,33419137,6,3,16,8,12,24,16,4,64
33426389,33426397,2,2,16,4,16,32,16,8,36
33438029,33438037,2,4,16,8,20,12,16,8,12
33441269,33441277,2,2,16,4,16,24,4,18,24
33445109,33445117,2,3,16,8,16,8,8,16,24
33452129,33452137,2,3,16,4,24,16,8,4,32
33452669,33452677,2,3,16,4,64,16,4,6,60
33465569,33465577,2,3,16,4,24,6,8,72,32
33474929,33474937,2,4,16,4,12,12,4,16,128
33537389,33537397,2,2,16,4,40,12,16,16,48
33578429,33578437,2,1,16,8,28,24,32,16,24
33578969,33578977,2,2,16,4,24,6,32,24,48
33580769,33580777,3,4,16,16,6,12,8,12,16
33587669,33587677,2,3,16,4,16,8,4,24,24
33611069,33611077,2,3,16,4,28,12,16,12,36
33612869,33612877,2,2,16,4,16,24,8,16,72
33614429,33614437,2,4,16,4,12,24,8,8,24
33623129,33623137,2,4,16,4,12,4,8,16,36
33639989,33639997,3,4,16,32,8,12,8,8,48
33651689,33651697,2,3,16,4,6,20,8,16,80
33654989,33654997,2,2,16,4,20,8,16,16,18
33655169,33655177,2,4,16,4,48,8,8,12,80
33657989,33657997,2,3,16,4,16,24,16,8,12
33663989,33663997,2,1,16,8,16,32,16,16,72
33665369,33665377,2,3,16,4,24,12,4,32,96
33673469,33673477,5,5,16,8,144,6,4,12,12
33682829,33682837,5,1,16,16,30,48,4,16,24
33696569,33696577,2,4,16,4,36,8,4,12,84
33710969,33710977,4,3,16,12,12,8,16,24,96
33719969,33719977,2,3,16,4,48,16,8,12,80
33735269,33735277,5,2,16,8,16,48,4,18,72
33786029,33786037,2,3,16,4,80,4,8,16,36
33787769,33787777,2,4,16,4,24,10,8,12,128
33802529,33802537,4,3,16,8,24,6,8,24,32
33804689,33804697,6,3,16,8,24,12,64,4,16
33814589,33814597,4,4,16,8,28,6,8,8,24
33827609,33827617,4,4,16,6,48,4,4,4,72
33832229,33832237,2,4,16,4,32,6,8,4,24
33835709,33835717,6,1,16,16,56,16,24,4,18
33855089,33855097,2,3,16,4,12,24,48,8,32
33883769,33883777,2,3,16,4,24,16,8,12,96
33884309,33884317,2,2,16,4,64,16,8,16,36
33894929,33894937,4,4,16,16,12,4,8,8,80
33895409,33895417,6,2,16,16,12,24,16,8,32
33902969,33902977,2,4,16,4,12,48,8,12,32
33908429,33908437,2,1,16,4,40,16,16,24,48
33928529,33928537,5,3,16,20,48,12,4,4,16
33932369,33932377,4,3,16,8,6,4,16,32,24
33939869,33939877,5,2,16,24,12,24,8,32,24
33939929,33939937,2,3,16,4,18,4,16,8,72
33954629,33954637,2,2,16,4,8,28,16,32,48
33972269,33972277,2,4,16,4,20,12,8,6,24
33987269,33987277,2,3,16,4,16,4,8,48,60
33997829,33997837,4,2,16,16,16,8,16,8,24
34006529,34006537,2,3,16,8,12,16,8,16,48
34031729,34031737,4,4,16,8,24,4,12,8,48
34037609,34037617,2,5,16,4,12,12,12,4,20
34041569,34041577,2,3,16,4,24,8,24,12,16
34043609,34043617,4,3,16,32,36,4,8,8,72
34045889,34045897,5,2,16,24,12,16,8,24,16
34048829,34048837,2,3,16,4,28,16,8,4,60
34050209,34050217,6,2,16,8,48,20,16,4,16
34082429,34082437,2,4,16,4,16,72,4,8,12
34083869,34083877,2,2,16,4,48,6,32,16,24
34085489,34085497,2,3,16,4,48,24,8,4,32
34089269,34089277,2,2,16,8,16,12,16,24,24
34091789,34091797,2,2,16,4,20,16,16,8,48
34098989,34098997,5,3,16,8,40,12,4,16,48
34101569,34101577,2,5,16,8,12,8,8,12,24
34114109,34114117,5,5,16,6,14,12,4,16,12
34130009,34130017,2,4,16,4,24,8,4,8,72
34151069,34151077,2,3,16,4,12,32,12,24,36
34163309,34163317,5,3,16,16,10,16,4,4,96
34172609,34172617,2,4,16,4,6,12,32,8,32
34174229,34174237,5,3,16,16,16,12,8,8,48
34184489,34184497,3,4,16,8,6,24,8,8,40
34190609,34190617,6,3,16,16,6,16,8,4,32
34194569,34194577,2,5,16,4,6,12,8,6,40
34203929,34203937,2,3,16,8,48,12,16,8,48
34207709,34207717,6,3,16,8,48,6,16,4,24
34215989,34215997,2,4,16,4,8,32,4,8,48
34220909,34220917,2,2,16,4,40,4,24,16,36
34230389,34230397,2,3,16,4,16,6,32,4,24
34241729,34241737,2,3,16,4,48,24,8,8,32
34288769,34288777,6,3,16,16,12,8,32,6,24
34292729,34292737,4,3,16,6,24,4,16,8,99
34316609,34316617,5,4,16,6,48,12,4,4,16
34319309,34319317,2,4,16,8,40,24,8,8,12
34324229,34324237,2,3,16,4,8,4,64,32,84
34327829,34327837,2,4,16,4,96,4,8,8,18
34336109,34336117,5,2,16,8,20,24,4,16,96
34347029,34347037,2,3,16,4,16,24,8,4,24
34351769,34351777,2,3,16,4,48,4,16,12,120
34359869,34359877,2,1,16,8,28,32,16,16,60
34364909,34364917,2,3,16,8,40,32,8,8,36
34366169,34366177,4,4,16,8,6,4,16,12,144
34372229,34372237,2,2,16,4,16,24,12,16,24
34401089,34401097,2,3,16,4,24,8,16,8,48
34403909,34403917,2,3,16,4,8,16,4,32,24
34406069,34406077,2,3,16,4,8,32,16,12,24
34413809,34413817,3,4,16,8,6,48,8,8,16
34431269,34431277,5,3,16,6,16,24,4,12,72
34431329,34431337,4,5,16,8,12,4,8,8,24
34435229,34435237,2,2,16,4,96,32,32,8,24
34442669,34442677,4,3,16,12,20,4,32,12,36
34461929,34461937,2,2,16,8,12,16,16,16,50
34475729,34475737,2,3,16,4,6,16,4,32,32
34481189,34481197,2,4,16,4,16,8,8,8,18
34487069,34487077,2,3,16,8,12,8,16,24,24
34501889,34501897,4,4,16,16,12,4,8,4,128
34509029,34509037,2,5,16,8,8,12,12,16,12
34512089,34512097,2,4,16,6,12,24,8,8,24
34523309,34523317,5,1,16,16,20,16,8,16,72
34524689,34524697,5,4,16,8,12,24,4,8,64
34532489,34532497,4,5,16,8,12,4,8,4,60
34558889,34558897,2,2,16,6,24,20,8,16,40
34594589,34594597,2,3,16,4,48,32,4,8,18
34613069,34613077,2,2,16,8,20,24,8,24,24
34623689,34623697,6,3,16,8,6,40,24,4,80
34625489,34625497,2,3,16,4,24,24,8,4,32
34636169,34636177,3,4,16,8,6,16,8,12,60
34639169,34639177,5,5,16,8,6,12,4,12,64
34644629,34644637,2,4,16,8,32,8,8,8,36
34649129,34649137,6,3,16,8,48,8,16,4,60
34675769,34675777,2,4,16,8,12,8,32,12,70
34696229,34696237,2,2,16,4,32,24,4,16,24
34698809,34698817,2,3,16,6,24,16,8,8,84
34708469,34708477,5,3,16,8,16,16,4,12,48
34715129,34715137,5,4,16,8,6,12,4,24,80
34717889,34717897,6,2,16,8,24,32,16,4,56
34720229,34720237,4,3,16,8,16,4,8,32,36
34734929,34734937,6,3,16,8,12,16,16,4,32
34766429,34766437,2,3,16,6,24,24,8,8,24
34811129,34811137,2,4,16,4,24,8,4,8,108
34829309,34829317,2,3,16,8,88,8,16,8,18
34837169,34837177,2,4,16,4,12,12,8,24,32
34843469,34843477,5,4,16,12,40,64,4,6,12
34849769,34849777,5,5,16,8,12,12,4,6,40
34867829,34867837,2,2,16,8,16,64,8,16,36
34868909,34868917,4,1,16,16,40,4,16,16,36
34869089,34869097,2,4,16,4,6,8,24,4,64
34874789,34874797,3,3,16,16,8,10,8,16,48
34891169,34891177,2,3,16,8,12,12,16,24,32
34900589,34900597,2,2,16,8,20,32,16,8,18
34920029,34920037,2,4,16,4,24,8,8,8,36
34923029,34923037,4,5,16,8,32,6,8,12,12
34925369,34925377,3,2,16,12,6,24,16,16,28
34934909,34934917,5,4,16,16,32,12,8,8,12
34943729,34943737,2,4,16,4,6,24,8,8,32
34951529,34951537,2,4,16,4,48,4,4,4,120
34956209,34956217,3,5,16,8,6,8,8,8,48
34956689,34956697,2,3,16,8,24,12,8,16,16
34960469,34960477,4,2,16,24,16,6,8,24,24
34965869,34965877,2,3,16,8,20,12,8,32,24
34971869,34971877,2,3,16,8,24,8,8,36,18
34976189,34976197,2,4,16,8,28,8,8,8,18
34977629,34977637,2,2,16,4,24,16,8,32,48
35019209,35019217,4,4,16,8,12,4,8,24,60
35020409,35020417,2,3,16,4,24,6,16,4,32
35027609,35027617,2,2,16,4,24,16,4,16,144
35045609,35045617,2,2,16,4,24,6,16,16,40
35049029,35049037,2,3,16,4,16,12,16,8,48
35049569,35049577,2,3,16,4,24,12,32,12,64
35075129,35075137,4,3,16,48,12,8,8,16,112
35075309,35075317,5,3,16,8,10,48,4,16,24
35102009,35102017,5,2,16,16,12,16,4,16,84
35103209,35103217,2,4,16,8,12,10,8,16,40
35110469,35110477,2,3,16,4,16,8,32,6,48
35120369,35120377,4,3,16,24,24,8,8,8,24
35136209,35136217,6,4,16,8,12,32,8,4,24
35145689,35145697,5,4,16,6,36,12,4,8,48
35147729,35147737,2,5,16,4,12,4,4,8,64
35159429,35159437,2,4,16,8,32,8,8,8,54
35170529,35170537,2,3,16,4,12,12,32,32,16
35183909,35183917,4,1,16,16,16,4,16,32,24
35186009,35186017,5,5,16,8,6,12,4,4,24
35187869,35187877,2,4,16,4,12,8,8,32,36
35205329,35205337,2,3,16,4,6,16,8,16,48
35220629,35220637,2,2,16,4,16,16,16,8,96
35230829,35230837,2,5,16,4,40,12,12,4,12
35235209,35235217,2,3,16,8,12,16,24,8,40
35244029,35244037,5,1,16,16,24,24,12,16,18
35256569,35256577,6,1,16,16,24,16,16,12,72
35271689,35271697,3,3,16,16,6,24,8,8,80
35278889,35278897,2,2,16,4,24,24,8,16,80
35283389,35283397,4,1,16,16,28,6,16,16,24
35288789,35288797,2,3,16,4,32,6,16,16,12
35298929,35298937,3,5,16,8,6,8,8,8,64
35309489,35309497,2,3,16,8,12,32,24,8,32
35312609,35312617,2,3,16,4,12,32,4,16,24
35314709,35314717,2,4,16,4,16,12,4,4,24
35352509,35352517,2,3,16,4,28,24,8,16,12
35358629,35358637,5,1,16,16,32,16,8,16,24
35368889,35368897,2,2,16,8,48,56,16,8,56
35373809,35373817,6,4,16,8,12,8,16,4,96
35375789,35375797,2,3,16,8,10,16,8,48,36
35379689,35379697,2,3,16,8,12,8,32,16,80
35382569,35382577,6,4,16,8,12,24,8,6,80
35389469,35389477,2,2,16,8,24,16,8,18,72
35405129,35405137,2,4,16,8,48,8,8,8,60
35411729,35411737,2,5,16,8,12,12,8,8,16
35431589,35431597,4,4,16,8,32,4,8,4,18
35451029,35451037,2,3,16,8,32,8,8,16,36
35460569,35460577,2,4,16,4,96,4,8,6,36
35472389,35472397,2,2,16,4,16,24,16,16,12
35476409,35476417,2,4,16,4,12,8,16,8,84
35490089,35490097,6,3,16,8,48,16,8,4,40
35495429,35495437,6,3,16,8,48,6,32,4,24
35514389,35514397,2,3,16,4,16,4,16,8,24
35528729,35528737,2,3,16,8,12,16,8,16,24
35532689,35532697,5,1,16,16,24,36,4,16,64
35549609,35549617,2,3,16,4,24,24,8,4,40
35558609,35558617,6,3,16,32,12,12,72,8,32
35575769,35575777,3,3,16,16,6,8,16,12,36
35590109,35590117,2,2,16,4,24,24,8,16,48
35620229,35620237,6,2,16,12,16,16,16,8,120
35620589,35620597,2,2,16,4,60,16,8,16,72
35621609,35621617,2,3,16,4,12,24,16,8,20
35634629,35634637,2,3,16,4,32,8,16,8,36
35639969,35639977,2,2,16,8,24,16,16,12,16
35668109,35668117,5,1,16,16,20,16,8,16,36
35687009,35687017,2,1,16,4,24,16,48,32,72
35694929,35694937,2,3,16,4,36,8,16,4,48
35730329,35730337,5,3,16,16,18,12,8,8,72
35736629,35736637,5,3,16,12,16,10,8,32,24
35738309,35738317,2,3,16,4,16,8,16,4,36
35748389,35748397,4,3,16,6,32,4,64,8,18
35766329,35766337,2,3,16,8,12,8,16,16,28
35786909,35786917,5,4,16,8,24,8,4,8,36
35795189,35795197,2,4,16,4,8,32,4,4,30
35798969,35798977,6,3,16,16,12,8,16,6,56
35802929,35802937,4,3,16,8,18,4,4,32,96
35811329,35811337,2,3,16,8,12,48,8,16,32
35829329,35829337,2,3,16,4,24,6,8,16,64
35841989,35841997,5,2,16,8,16,16,4,16,18
35843909,35843917,2,3,16,4,16,48,8,8,24
35870369,35870377,2,2,16,4,6,48,16,16,16
35872229,35872237,2,4,16,4,16,8,8,8,36
35883689,35883697,2,2,16,4,24,6,32,16,40
35905889,35905897,5,5,16,8,12,12,4,8,128
35928569,35928577,2,5,16,4,6,8,8,12,160
35941109,35941117,2,4,16,8,16,12,12,16,12
35943689,35943697,4,4,16,16,6,4,8,8,40
35951969,35951977,4,3,16,24,24,8,8,12,48
35952089,35952097,2,3,16,4,12,32,8,16,24
35964329,35964337,2,3,16,4,12,24,12,16,20
35967089,35967097,4,4,16,8,24,4,8,8,48
35979869,35979877,4,1,16,16,24,8,16,16,30
35989769,35989777,2,4,16,4,24,4,8,12,60
35991569,35991577,6,4,16,16,12,12,8,6,24
36002489,36002497,4,3,16,8,24,6,16,8,28
36005009,36005017,2,2,16,8,24,16,16,8,32
36011309,36011317,5,3,16,12,20,24,4,8,24
36019289,36019297,4,3,16,8,12,4,32,16,96
36022169,36022177,2,4,16,4,6,8,8,24,144
36036029,36036037,2,3,16,4,28,16,4,8,24
36045689,36045697,2,4,16,4,12,12,4,32,128
36066929,36066937,2,3,16,4,24,12,8,16,32
36074309,36074317,6,3,16,16,16,24,8,4,12
36076829,36076837,2,2,16,4,48,20,16,8,24
36085109,36085117,2,2,16,8,16,12,16,16,24
36088769,36088777,3,2,16,16,6,16,16,6,24
36117569,36117577,5,2,16,16,6,16,4,24,112
36117929,36117937,2,4,16,4,12,4,8,16,120
36124589,36124597,2,3,16,8,40,8,16,12,24
36126569,36126577,2,5,16,4,12,12,8,12,120
36134309,36134317,2,4,16,8,8,8,32,12,48
36194009,36194017,2,3,16,8,12,16,8,32,24
36196169,36196177,2,2,16,4,12,16,32,24,40
36199109,36199117,2,4,16,4,8,8,16,4,48
36201089,36201097,4,4,16,8,36,4,4,8,96
36201929,36201937,2,2,16,4,24,6,16,64,20
36205229,36205237,2,3,16,4,40,8,16,8,18
36218729,36218737,5,3,16,8,12,16,4,16,30
36222509,36222517,2,3,16,4,80,8,4,16,144
36225869,36225877,2,3,16,8,40,10,8,32,24
36237569,36237577,2,3,16,4,12,6,16,24,16
36244469,36244477,2,3,16,4,32,8,16,6,96
36276689,36276697,2,3,16,8,12,16,8,24,48
36319169,36319177,3,3,16,16,6,8,16,6,48
36329609,36329617,5,2,16,8,36,16,4,16,30
36331769,36331777,3,4,16,16,6,8,8,12,108
36332489,36332497,2,3,16,4,48,4,8,16,80
36335729,36335737,2,2,16,4,24,24,16,4,64
36339089,36339097,2,2,16,4,12,24,16,16,32
36364469,36364477,5,4,16,16,32,12,8,12,12
36369929,36369937,5,3,16,8,12,16,4,16,120
36374609,36374617,5,2,16,24,24,32,8,8,64
36385709,36385717,2,4,16,4,40,64,8,8,12
36387929,36387937,2,3,16,4,24,16,8,8,72
36403529,36403537,6,1,16,16,24,16,16,8,80
36406829,36406837,4,2,16,8,80,4,16,16,36
36408929,36408937,6,3,16,16,12,48,8,4,16
36417629,36417637,2,3,16,4,24,12,16,8,18
36417929,36417937,2,4,16,4,24,6,8,4,20
36424109,36424117,2,2,16,4,20,16,4,48,72
36425009,36425017,4,3,16,8,24,4,8,32,48
36433769,36433777,3,1,16,32,6,64,16,24,20
36440069,36440077,2,2,16,8,16,24,8,36,24
36482729,36482737,2,3,16,4,24,24,4,4,80
36507389,36507397,2,4,16,4,18,12,48,4,12
36512309,36512317,4,5,16,8,8,4,8,8,48
36512669,36512677,2,3,16,4,24,32,8,6,72
36525989,36525997,2,4,16,4,8,32,8,8,72
36553889,36553897,4,4,16,32,12,8,8,8,64
36554009,36554017,4,3,16,8,24,6,8,16,48
36567389,36567397,2,4,16,8,24,8,12,8,48
36588389,36588397,5,4,16,8,16,6,4,8,24
36596309,36596317,2,2,16,8,32,32,8,16,24
36596369,36596377,3,3,16,8,6,16,8,24,96
36598889,36598897,5,4,16,8,48,8,4,4,60
36609809,36609817,5,4,16,6,6,40,4,8,16
36621869,36621877,5,3,16,16,40,12,4,12,24
36637169,36637177,4,4,16,8,48,6,8,6,32
36646769,36646777,2,4,16,4,6,4,24,12,32
36672989,36672997,2,3,16,4,24,20,32,8,12
36676109,36676117,2,3,16,4,20,4,8,16,36
36680429,36680437,4,3,16,8,20,4,8,16,54
36687389,36687397,4,3,16,16,48,6,12,16,12
36689789,36689797,2,3,16,4,64,32,4,4,72
36692309,36692317,2,1,16,4,16,32,16,16,36
36698429,36698437,4,4,16,8,56,4,4,8,72
36720869,36720877,5,3,16,8,32,48,4,8,24
36727169,36727177,3,4,16,8,6,12,32,6,32
36728969,36728977,2,4,16,4,12,6,4,24,160
36742889,36742897,5,5,16,8,6,8,4,12,50
36745889,36745897,5,3,16,16,12,20,8,8,64
36752189,36752197,4,1,16,16,28,12,16,16,24
36753869,36753877,5,1,16,18,20,16,4,16,72
36758489,36758497,5,5,16,8,6,12,4,4,48
36759809,36759817,2,4,16,4,6,8,48,4,24
36773609,36773617,5,4,16,8,24,6,4,8,80
36809309,36809317,4,3,16,16,24,8,8,8,60
36826409,36826417,2,3,16,4,12,16,16,4,120
36838289,36838297,4,3,16,8,12,4,16,32,96
36849089,36849097,2,5,16,4,12,8,8,8,24
36853769,36853777,2,1,16,4,24,32,16,24,60
36882029,36882037,2,3,16,4,40,8,16,4,36
36883409,36883417,2,3,16,4,12,24,16,4,16
36889409,36889417,5,2,16,16,24,8,4,16,24
36914069,36914077,2,2,16,4,32,8,16,18,48
36971789,36971797,2,3,16,4,90,12,8,16,48
36992369,36992377,2,2,16,8,12,32,16,32,56
36996269,36996277,6,6,16,8,10,12,12,6,12
37017209,37017217,4,3,16,16,12,8,16,8,64
37031009,37031017,5,3,16,8,12,28,4,36,32
37041629,37041637,2,4,16,4,24,12,8,8,24
37052789,37052797,2,3,16,4,32,24,8,8,24
37059629,37059637,5,3,16,6,20,32,4,8,24
37061669,37061677,2,4,16,8,8,8,16,12,36
37103909,37103917,2,3,16,8,16,56,8,8,24
37104329,37104337,2,4,16,4,12,16,8,8,120
37141529,37141537,6,1,16,16,24,24,16,4,24
37149809,37149817,6,2,16,16,24,32,8,4,64
37159769,37159777,2,3,16,8,24,16,8,12,96
37173809,37173817,2,4,16,4,12,8,4,16,40
37192109,37192117,2,4,16,4,10,24,8,4,48
37197689,37197697,2,2,16,8,24,36,16,8,64
37206569,37206577,4,2,16,8,24,4,16,24,120
37210829,37210837,2,4,16,4,10,24,8,8,24
37221269,37221277,2,3,16,8,16,12,8,24,24
37223309,37223317,2,3,16,4,80,8,4,16,36
37231169,37231177,2,3,16,4,24,24,8,12,32
37245269,37245277,2,4,16,8,8,32,8,12,18
37260029,37260037,2,3,16,4,18,4,32,4,72
37262669,37262677,2,3,16,4,20,20,8,6,48
37266989,37266997,4,3,16,16,120,8,8,8,48
37269509,37269517,2,3,16,4,16,6,16,8,24
37272629,37272637,2,3,16,8,16,16,12,8,120
37303169,37303177,2,4,16,4,6,12,4,48,16
37337009,37337017,2,2,16,4,12,24,32,16,64
37353629,37353637,2,3,16,6,24,16,8,8,60
37391609,37391617,2,3,16,4,6,16,32,8,54
37394429,37394437,2,2,16,4,72,8,32,16,24
37408829,37408837,2,1,16,4,28,48,16,16,24
37440569,37440577,2,2,16,8,24,16,16,12,112
37462709,37462717,2,2,16,8,32,16,16,8,24
37467509,37467517,2,3,16,4,16,12,16,8,24
37484969,37484977,5,5,16,8,12,12,4,12,40
37503209,37503217,2,4,16,4,12,8,16,8,40
37504409,37504417,4,2,16,8,24,6,16,16,24
37504469,37504477,4,3,16,8,16,4,32,12,36
37507289,37507297,2,3,16,4,24,12,8,24,48
37508909,37508917,2,3,16,8,30,40,8,8,24
37516529,37516537,2,4,16,4,12,8,12,24,24
37547429,37547437,5,2,16,16,16,24,4,4,24
37555709,37555717,2,3,16,8,20,24,8,8,48
37566509,37566517,2,3,16,4,10,24,8,32,24
37569929,37569937,2,3,16,8,24,8,8,32,20
37572089,37572097,2,3,16,8,12,40,16,8,80
37580429,37580437,2,3,16,4,20,32,8,4,108
37605629,37605637,2,2,16,4,36,16,16,8,36
37617329,37617337,2,3,16,4,12,16,4,16,48
37632989,37632997,2,3,16,8,12,16,16,8,72
37635869,37635877,5,3,16,12,12,16,4,32,36
37639409,37639417,5,4,16,8,12,12,4,16,16
37642529,37642537,3,4,16,8,6,8,8,32,64
37647209,37647217,2,4,16,4,12,8,24,4,30
37651469,37651477,6,4,16,16,10,20,8,6,12
37654709,37654717,2,3,16,4,8,40,12,16,36
37661009,37661017,2,5,16,4,6,12,4,8,16
37688369,37688377,4,2,16,32,12,6,16,16,32
37695929,37695937,2,4,16,8,12,48,8,8,56
37740809,37740817,2,2,16,4,24,8,16,32,120
37753229,37753237,2,3,16,8,20,8,12,16,24
37768109,37768117,2,3,16,4,20,10,8,32,24
37781669,37781677,4,5,16,8,8,4,8,12,36
37787069,37787077,2,3,16,8,28,8,16,12,36
37791029,37791037,2,4,16,4,8,8,16,4,30
37806689,37806697,5,2,16,24,36,16,8,8,64
37814429,37814437,2,3,16,4,12,16,16,4,54
37839029,37839037,2,3,16,4,128,6,16,8,24
37861709,37861717,2,2,16,4,40,6,16,16,48
37863569,37863577,2,4,16,8,12,16,12,12,96
37868429,37868437,2,3,16,4,80,8,8,32,36
37881509,37881517,2,4,16,4,8,12,8,16,24
37888229,37888237,4,3,16,8,16,4,4,16,60
37905089,37905097,2,3,16,4,6,12,16,32,32
37913969,37913977,2,4,16,4,12,4,32,12,24
37918469,37918477,2,2,16,4,16,8,32,24,24
37926389,37926397,4,2,16,8,48,4,32,16,18
37931609,37931617,2,4,16,4,6,8,16,8,36
37937909,37937917,2,3,16,8,8,32,16,8,48
37944029,37944037,2,3,16,8,48,8,8,16,36
37946009,37946017,2,4,16,4,24,8,8,8,96
37958369,37958377,4,3,16,8,12,6,16,64,32
37961789,37961797,6,2,16,16,28,24,24,4,12
37974029,37974037,2,3,16,4,20,12,8,24,48
37982309,37982317,2,2,16,4,16,24,4,32,24
38015969,38015977,3,4,16,8,6,20,8,6,16
38023409,38023417,6,3,16,8,36,8,16,4,48
38028989,38028997,4,4,16,16,14,4,8,4,18
38036729,38036737,2,3,16,4,6,32,4,24,72
38063309,38063317,6,5,16,8,40,12,8,4,12
38071829,38071837,2,3,16,8,16,16,8,8,96
38099129,38099137,6,3,16,8,24,16,8,4,56
38107109,38107117,2,1,16,4,16,16,16,16,72
38110829,38110837,2,3,16,4,40,6,8,16,24
38117129,38117137,3,3,16,16,6,6,8,48,80
38124509,38124517,2,2,16,4,24,56,4,32,24
38136029,38136037,2,3,16,4,48,18,4,32,12
38144489,38144497,3,4,16,12,6,8,8,16,40
38150129,38150137,2,3,16,4,12,16,8,16,64
38168609,38168617,5,1,16,16,24,24,8,16,32
38220509,38220517,2,4,16,4,36,8,12,4,72
38221229,38221237,2,3,16,4,40,16,4,8,108
38242769,38242777,5,5,16,8,12,10,4,12,96
38248229,38248237,2,3,16,4,64,8,16,8,36
38259569,38259577,5,4,16,8,18,8,4,12,24
38302169,38302177,2,4,16,4,12,96,8,12,192
38305829,38305837,2,3,16,4,16,16,8,8,36
38309069,38309077,2,3,16,8,10,16,8,48,72
38309189,38309197,2,3,16,8,16,48,32,8,12
38309969,38309977,2,4,16,4,6,16,4,12,64
38312969,38312977,2,3,16,4,12,32,16,12,60
38340209,38340217,3,3,16,16,6,8,48,8,40
38355809,38355817,2,4,16,4,48,12,8,4,32
38365169,38365177,2,4,16,8,12,96,8,12,64
38395289,38395297,2,4,16,8,24,8,8,8,60
38397209,38397217,6,3,16,8,48,8,16,4,96
38450189,38450197,4,3,16,8,80,4,8,32,18
38491889,38491897,3,2,16,8,6,24,24,16,32
38504189,38504197,2,3,16,4,18,16,8,4,18
38538029,38538037,5,2,16,16,40,16,4,4,18
38539769,38539777,6,4,16,8,12,8,48,6,80
38542109,38542117,4,3,16,8,48,6,16,16,12
38556929,38556937,2,4,16,8,24,8,8,12,96
38571089,38571097,6,3,16,8,48,32,8,4,96
38589689,38589697,6,3,16,8,24,8,32,4,90
38591429,38591437,4,2,16,8,32,6,16,16,24
38613929,38613937,2,4,16,4,12,6,12,16,80
38615909,38615917,5,3,16,8,16,32,4,8,48
38616989,38616997,2,5,16,8,12,10,8,8,48
38630489,38630497,2,3,16,4,12,16,48,8,48
38631209,38631217,2,5,16,4,12,6,8,8,40
38639009,38639017,3,4,16,12,6,8,16,8,48
38656229,38656237,2,3,16,8,16,48,8,16,12
38661269,38661277,2,1,16,8,32,16,16,24,24
38664929,38664937,2,4,16,4,12,4,16,8,96
38665469,38665477,5,3,16,12,36,32,8,12,18
38681429,38681437,2,3,16,4,8,36,8,16,24
38688809,38688817,5,3,16,8,12,16,4,16,20
38695529,38695537,3,4,16,8,6,32,8,8,160
38719469,38719477,2,3,16,4,40,16,8,6,36
38721569,38721577,5,4,16,8,6,54,4,12,16
38733329,38733337,2,4,16,8,12,8,16,8,32
38734889,38734897,6,1,16,16,36,24,32,8,20
38744129,38744137,2,3,16,4,24,8,16,8,64
38753789,38753797,2,2,16,4,80,24,8,16,48
38756309,38756317,5,3,16,16,32,12,8,8,48
38771489,38771497,5,3,16,8,24,12,4,24,48
38775089,38775097,2,3,16,4,12,16,16,8,96
38798489,38798497,6,4,16,8,6,8,48,4,144
38808389,38808397,6,3,16,8,32,32,8,4,60
38811029,38811037,6,3,16,8,16,6,32,4,24
38825069,38825077,2,3,16,4,80,24,4,12,48
38915069,38915077,7,1,16,16,88,20,32,24,12
38916029,38916037,6,2,16,16,56,16,8,4,36
38918189,38918197,2,4,16,8,10,8,16,8,18
38924609,38924617,6,3,16,24,12,24,8,4,32
38928209,38928217,2,3,16,8,12,24,16,8,16
38929469,38929477,5,4,16,8,14,24,4,12,24
38933129,38933137,2,4,16,8,12,8,8,16,100
38936189,38936197,4,3,16,8,32,4,16,4,72
38995589,38995597,2,1,16,4,32,16,16,16,18
39005789,39005797,6,2,16,16,96,20,8,4,24
39011729,39011737,5,2,16,24,12,32,4,16,32
39030689,39030697,3,3,16,16,6,16,8,8,24
39034469,39034477,2,3,16,4,16,16,8,12,36
39037469,39037477,6,3,16,8,24,12,16,6,48
39057869,39057877,2,2,16,8,20,16,8,16,144
39077309,39077317,6,3,16,16,14,24,8,4,54
39091529,39091537,2,3,16,8,12,8,16,16,240
39110069,39110077,1,0,16,32,16,16,16,24,18
39117989,39117997,4,3,16,16,16,4,4,8,18
39120989,39120997,2,3,16,8,24,12,24,8,24
39162029,39162037,2,3,16,4,60,12,8,32,36
39163469,39163477,2,5,16,4,10,8,8,12,24
39169289,39169297,2,5,16,4,12,4,8,8,30
39174089,39174097,6,3,16,16,12,24,8,4,80
39177209,39177217,2,2,16,12,12,16,32,24,176
39187769,39187777,2,4,16,8,12,16,8,12,56
39239429,39239437,4,3,16,8,16,6,24,8,24
39273089,39273097,3,3,16,12,6,10,32,16,16
39280469,39280477,2,4,16,4,128,12,4,12,24
39289829,39289837,2,3,16,8,8,32,16,16,12
39291689,39291697,2,2,16,4,24,16,48,4,80
39318329,39318337,4,3,16,16,6,4,16,12,42
39320789,39320797,6,3,16,8,32,24,8,4,24
39324209,39324217,2,3,16,4,24,24,4,12,32
39324269,39324277,2,2,16,8,30,24,24,12,36
39340229,39340237,4,3,16,8,16,6,8,32,24
39360029,39360037,2,2,16,4,24,16,24,16,12
39360809,39360817,4,5,16,8,6,4,8,8,150
39368309,39368317,4,4,16,8,16,6,8,12,48
39376829,39376837,4,3,16,8,28,4,8,16,36
39382169,39382177,2,3,16,4,12,8,32,24,24
39388109,39388117,5,3,16,12,20,12,4,16,48
39398789,39398797,2,3,16,8,24,48,8,8,18
39408689,39408697,4,5,16,6,12,4,8,4,48
39409529,39409537,2,3,16,4,6,6,32,16,64
39432989,39432997,2,2,16,4,48,4,16,16,36
39438389,39438397,4,4,16,8,64,4,4,8,72
39457589,39457597,2,2,16,8,8,36,16,16,24
39468089,39468097,5,3,16,12,48,16,4,4,42
39469109,39469117,5,2,16,12,16,20,8,16,24
39480269,39480277,2,3,16,4,40,48,4,12,48
39487829,39487837,3,4,16,16,8,48,8,8,12
39497729,39497737,5,2,16,16,36,16,4,8,32
39506969,39506977,6,4,16,8,24,8,8,6,36
39512489,39512497,2,3,16,4,6,12,32,16,20
39513569,39513577,2,4,16,4,12,24,4,12,32
39523529,39523537,2,5,16,4,12,8,8,4,120
39530489,39530497,6,4,16,64,12,12,12,4,52
39536429,39536437,4,3,16,8,40,6,12,16,48
39545789,39545797,5,4,16,8,112,48,4,4,12
39552269,39552277,2,4,16,4,30,8,8,12,48
39559829,39559837,2,3,16,4,16,20,8,8,24
39565829,39565837,2,3,16,4,16,4,72,4,18
39584309,39584317,3,3,16,16,8,12,32,8,24
39591329,39591337,2,3,16,8,48,12,16,8,16
39626129,39626137,2,3,16,4,24,8,16,4,48
39626429,39626437,5,4,16,8,28,48,4,8,12
39635129,39635137,2,4,16,4,12,4,16,4,56
39648989,39648997,4,3,16,6,24,4,32,4,36
39657809,39657817,2,4,16,4,12,16,8,8,64
39664109,39664117,2,2,16,8,40,8,16,16,18
39666089,39666097,2,4,16,4,6,4,16,8,30
39669989,39669997,2,3,16,4,16,64,64,8,12
39680429,39680437,2,3,16,8,20,24,8,8,48
39701009,39701017,2,4,16,4,12,32,8,8,80
39703709,39703717,2,4,16,4,12,16,8,12,48
39713969,39713977,5,2,16,24,24,16,8,12,96
39737309,39737317,5,3,16,8,24,48,4,8,48
39740009,39740017,2,3,16,4,18,12,16,8,80
39747209,39747217,2,3,16,4,6,32,16,4,20
39750629,39750637,2,4,16,4,8,12,32,4,24
39766709,39766717,2,2,16,8,24,16,24,8,72
39778769,39778777,4,3,16,8,24,4,32,12,160
39790469,39790477,2,4,16,4,16,4,8,12,72
39798929,39798937,2,5,16,4,6,8,8,8,48
39799589,39799597,2,3,16,8,32,10,8,16,48
39806609,39806617,2,3,16,4,12,64,4,16,32
39842609,39842617,6,4,16,8,6,6,16,4,32
39850529,39850537,6,4,16,16,12,12,8,4,64
39854909,39854917,2,2,16,4,28,32,16,4,72
39858089,39858097,2,3,16,8,12,24,8,16,40
39867689,39867697,2,4,16,4,12,4,8,16,60
39873929,39873937,2,4,16,8,48,12,8,8,80
39888689,39888697,5,2,16,8,24,64,4,72,16
39907589,39907597,2,3,16,4,8,16,4,32,48
39922529,39922537,2,3,16,8,36,24,8,8,32
39949409,39949417,2,3,16,4,12,32,8,16,128
39986789,39986797,2,3,16,8,16,36,8,16,12
39997589,39997597,2,2,16,4,32,24,16,16,12
40002329,40002337,2,4,16,4,6,32,8,8,240
40004669,40004677,5,4,16,8,56,8,4,6,36
40007489,40007497,2,4,16,4,12,8,16,8,32
40008629,40008637,6,3,16,8,32,16,8,4,18
40039529,40039537,4,3,16,8,24,6,8,16,80
40069829,40069837,2,3,16,8,16,16,8,8,48
40099109,40099117,2,3,16,8,32,12,16,8,24
40106189,40106197,4,3,16,8,40,4,16,4,108
40106309,40106317,2,3,16,8,32,32,8,16,12
40120889,40120897,2,2,16,4,48,16,32,8,28
40125809,40125817,2,4,16,8,12,32,8,8,24
40128089,40128097,2,4,16,4,12,12,8,16,48
40129889,40129897,2,3,16,4,18,6,32,12,16
40141229,40141237,6,4,16,8,10,72,8,4,24
40143269,40143277,5,4,16,8,32,8,4,12,60
40169369,40169377,2,5,16,4,6,8,8,10,72
40172609,40172617,2,3,16,4,24,8,8,32,48
40180709,40180717,2,4,16,8,96,8,8,8,36
40211609,40211617,5,2,16,16,48,64,4,8,24
40214729,40214737,2,4,16,4,12,12,8,32,30
40216829,40216837,2,3,16,4,36,6,16,4,48
40224089,40224097,2,3,16,4,12,16,8,16,72
40226729,40226737,2,3,16,4,36,32,4,8,80
40250669,40250677,2,4,16,4,80,6,8,6,24
40269989,40269997,5,4,16,8,32,8,4,8,54
40277729,40277737,4,4,16,8,24,4,8,8,48
40317509,40317517,4,2,16,16,16,4,8,16,36
40332029,40332037,2,2,16,4,36,16,8,16,24
40343969,40343977,2,4,16,4,6,8,8,48,96
40365209,40365217,2,4,16,4,12,8,8,32,144
40370969,40370977,2,5,16,8,12,8,8,12,36
40377929,40377937,2,4,16,4,12,10,8,16,20
40384769,40384777,2,3,16,6,6,24,8,24,32
40389989,40389997,2,5,16,8,8,24,8,8,12
40421309,40421317,5,5,16,8,14,12,4,8,96
40436789,40436797,2,2,16,4,16,8,16,16,24
40446929,40446937,6,4,16,8,6,8,16,4,48
40456589,40456597,2,2,16,4,30,24,8,16,24
40459109,40459117,5,2,16,16,16,24,8,8,48
40465409,40465417,6,2,16,8,24,20,16,4,64
40470509,40470517,2,2,16,8,20,8,16,16,30
40476209,40476217,2,2,16,4,24,16,8,16,32
40480709,40480717,2,3,16,4,16,72,4,8,48
40481789,40481797,6,2,16,12,44,24,16,8,48
40516529,40516537,5,2,16,8,24,24,4,16,16
40521269,40521277,5,4,16,8,32,8,4,12,48
40522829,40522837,2,4,16,4,40,12,8,8,24
40546229,40546237,6,4,16,8,8,48,8,4,24
40555289,40555297,3,1,16,24,6,16,16,16,96
40565729,40565737,2,2,16,4,36,16,12,16,24
40572569,40572577,4,3,16,8,12,4,16,24,120
40585829,40585837,6,4,16,8,16,16,8,4,12
40594109,40594117,2,3,16,4,56,48,8,4,24
40624769,40624777,2,5,16,4,12,12,12,6,24
40629629,40629637,6,4,16,8,16,8,8,4,18
40635689,40635697,2,4,16,4,6,12,16,8,20
40648469,40648477,2,2,16,4,16,20,4,24,48
40672769,40672777,2,3,16,4,24,10,4,48,32
40673309,40673317,2,3,16,8,48,32,8,8,24
40675889,40675897,2,3,16,4,12,32,8,16,48
40685069,40685077,5,4,16,8,10,16,4,6,36
40693889,40693897,2,2,16,8,12,16,16,16,96
40707389,40707397,2,3,16,4,56,4,16,8,36
40730069,40730077,2,2,16,4,16,16,24,6,36
40747709,40747717,2,3,16,4,28,8,16,4,18
40777409,40777417,2,4,16,4,12,16,8,8,48
40781189,40781197,2,3,16,4,16,8,4,32,18
40782809,40782817,2,4,16,4,12,16,4,8,144
40784609,40784617,2,1,16,6,48,16,16,16,24
40791929,40791937,2,4,16,4,12,24,4,4,64
40817729,40817737,4,2,16,16,24,8,16,12,64
40822409,40822417,2,4,16,4,24,4,12,8,30
40824869,40824877,2,3,16,4,16,12,8,64,24
40827089,40827097,2,3,16,4,12,16,48,8,48
40830329,40830337,2,4,16,4,12,8,4,32,144
40838729,40838737,2,2,16,4,12,24,16,16,20
40838969,40838977,2,4,16,4,12,8,32,6,42
40858889,40858897,4,3,16,8,24,6,8,24,40
40862669,40862677,2,3,16,4,10,18,8,24,24
40872269,40872277,4,1,16,16,60,8,16,24,60
40875689,40875697,2,3,16,4,72,8,8,16,30
40887569,40887577,2,3,16,4,24,4,32,6,24
40890929,40890937,2,3,16,4,12,16,16,4,32
40941569,40941577,2,3,16,8,12,16,8,24,192
40957529,40957537,2,4,16,4,72,12,4,8,24
41007089,41007097,2,2,16,4,24,16,16,4,96
41036609,41036617,5,4,16,16,6,8,4,8,48
41046989,41046997,2,3,16,4,40,40,4,8,24
41056409,41056417,4,3,16,16,12,8,32,8,192
41067329,41067337,2,3,16,4,6,6,16,16,64
41070269,41070277,4,3,16,8,28,4,16,6,72
41070569,41070577,2,3,16,8,24,12,12,36,40
41081069,41081077,2,4,16,4,20,12,4,12,72
41098289,41098297,2,4,16,4,24,8,8,8,32
41100809,41100817,2,4,16,8,12,12,8,32,80
41109329,41109337,2,4,16,8,24,8,12,8,32
41114729,41114737,6,3,16,8,24,32,8,4,80
41144969,41144977,2,3,16,4,12,8,16,36,160
41215469,41215477,2,2,16,8,10,28,16,24,24
41216729,41216737,2,4,16,4,12,6,24,8,96
41222189,41222197,2,3,16,8,20,8,8,32,60
41240489,41240497,2,4,16,4,12,12,16,8,80
41250389,41250397,5,5,16,8,8,6,4,4,96
41262329,41262337,5,2,16,16,24,32,8,8,54
41277629,41277637,2,2,16,8,56,16,8,16,36
41283929,41283937,2,4,16,4,6,8,8,32,72
41284589,41284597,2,4,16,4,10,16,8,12,24
41286929,41286937,4,3,16,16,24,6,8,8,16
41290169,41290177,5,3,16,16,24,12,8,12,56
41292689,41292697,6,2,16,8,36,16,16,4,32
41300789,41300797,2,4,16,4,32,8,8,8,24
41325509,41325517,5,4,16,8,8,8,4,16,18
41329109,41329117,2,4,16,8,16,8,8,8,60
41337689,41337697,2,2,16,4,48,36,8,32,24
41354969,41354977,3,4,16,12,6,12,16,6,72
41372129,41372137,2,4,16,4,6,8,4,32,48
41380589,41380597,2,3,16,4,20,8,16,8,36
41388629,41388637,2,4,16,8,8,24,24,8,12
41394029,41394037,4,4,16,8,10,6,16,8,24
41399789,41399797,6,4,16,8,40,12,16,4,12
41404889,41404897,2,3,16,8,12,8,16,48,72
41441429,41441437,2,3,16,4,32,8,4,16,48
41442329,41442337,4,4,16,8,6,4,16,8,72
41459909,41459917,2,4,16,8,64,12,8,16,12
41472569,41472577,4,3,16,12,12,8,16,24,84
41475809,41475817,4,4,16,6,24,4,8,4,48
41480129,41480137,5,3,16,12,48,8,4,16,48
41486729,41486737,5,1,16,16,36,24,4,16,20
41492309,41492317,2,3,16,4,16,12,16,8,24
41492669,41492677,2,4,16,8,28,12,8,24,12
41496089,41496097,5,3,16,18,48,12,8,8,24
41498609,41498617,2,4,16,8,12,12,8,16,16
41502029,41502037,2,3,16,4,120,24,16,8,12
41507789,41507797,5,3,16,16,10,12,4,16,24
41522729,41522737,2,1,16,4,24,64,16,16,20
41527469,41527477,2,2,16,4,40,16,16,12,72
41541509,41541517,2,2,16,8,16,16,48,8,36
41555729,41555737,2,4,16,8,12,8,8,16,96
41560229,41560237,2,2,16,8,48,24,16,8,24
41573369,41573377,2,3,16,8,12,8,16,16,132
41581289,41581297,2,2,16,4,24,16,16,8,80
41585969,41585977,5,4,16,8,12,64,4,12,48
41589329,41589337,2,2,16,4,24,6,16,16,64
41610629,41610637,2,2,16,4,16,8,32,16,18
41613269,41613277,5,5,16,8,8,12,4,18,12
41624969,41624977,2,3,16,4,24,24,8,12,80
41633429,41633437,3,2,16,16,8,24,16,8,48
41633489,41633497,2,3,16,4,12,32,16,8,96
41654009,41654017,2,2,16,4,24,4,16,16,108
41658989,41658997,2,2,16,8,20,48,8,16,24
41672489,41672497,6,4,16,24,6,6,8,4,20
41674169,41674177,3,3,16,16,6,8,16,12,70
41691809,41691817,2,3,16,8,12,8,32,16,24
41694269,41694277,4,4,16,8,14,6,8,24,24
41704709,41704717,2,4,16,4,16,10,8,16,12
41715209,41715217,2,4,16,4,96,8,8,8,80
41733389,41733397,2,4,16,8,20,8,8,8,36
41745569,41745577,2,2,16,4,24,6,16,24,16
41750069,41750077,6,4,16,8,32,12,8,6,24
41757509,41757517,2,3,16,4,16,8,8,16,72
41763089,41763097,2,4,16,4,36,4,8,8,48
41791289,41791297,5,3,16,8,12,24,4,32,56
41796869,41796877,2,3,16,4,32,6,8,18,48
41818709,41818717,4,2,16,8,24,4,16,16,36
41840429,41840437,2,2,16,4,20,6,16,16,48
41853809,41853817,2,3,16,4,48,32,4,8,24
41855609,41855617,5,2,16,8,24,16,4,16,160
41864609,41864617,2,3,16,4,12,8,16,16,48
41879909,41879917,3,3,16,12,8,8,32,64,120
41882069,41882077,4,3,16,16,8,4,32,6,96
41901329,41901337,2,4,16,8,18,8,8,8,48
41907269,41907277,2,4,16,4,16,8,8,12,18
41908169,41908177,2,3,16,4,24,4,16,12,60
41913569,41913577,5,3,16,16,12,8,4,24,48
41917709,41917717,2,5,16,4,10,8,4,8,96
41931569,41931577,4,4,16,8,12,4,8,24,48
41948429,41948437,2,3,16,8,40,12,8,32,24
41951009,41951017,2,3,16,4,24,8,16,8,48
41952629,41952637,2,2,16,4,16,4,16,16,54
41963189,41963197,6,3,16,8,16,12,16,4,24
41982089,41982097,2,2,16,12,24,12,32,16,80
41993789,41993797,5,4,16,32,14,12,8,8,36
41995409,41995417,2,4,16,4,6,12,8,32,32
42011609,42011617,2,4,16,4,12,48,4,8,96
42020669,42020677,5,4,16,8,28,8,4,12,18
42034529,42034537,4,4,16,16,6,4,8,8,48
42046769,42046777,4,3,16,8,24,4,24,6,96
42048389,42048397,5,4,16,16,8,8,4,8,120
42048689,42048697,2,3,16,8,24,8,12,16,16
42068309,42068317,2,3,16,4,48,18,8,4,24
42071969,42071977,2,4,16,4,12,8,32,12,48
42078089,42078097,2,2,16,4,24,8,16,16,80
42087029,42087037,2,2,16,6,32,80,8,16,48
42097169,42097177,2,4,16,4,48,8,12,6,96
42097829,42097837,5,3,16,8,16,16,4,8,72
42099809,42099817,5,4,16,8,6,24,4,8,32
42102509,42102517,5,2,16,16,40,6,4,24,24
42104669,42104677,2,4,16,6,12,12,16,6,24
42109229,42109237,2,4,16,4,40,8,4,8,36
42123929,42123937,2,4,16,4,12,12,8,16,48
42149369,42149377,2,2,16,8,12,16,16,20,80
42150209,42150217,2,2,16,8,12,40,16,16,16
42152969,42152977,6,3,16,16,12,8,16,6,60
42159569,42159577,2,3,16,4,24,12,8,48,64
42200309,42200317,2,3,16,4,32,16,12,4,36
42203669,42203677,6,3,16,8,32,20,16,6,12
42216869,42216877,2,4,16,4,8,4,16,10,108
42217589,42217597,4,1,16,16,32,8,16,16,72
42228569,42228577,2,3,16,8,24,8,8,18,72
42236309,42236317,3,2,16,12,8,32,16,16,72
42239129,42239137,2,3,16,8,24,12,8,32,24
42242609,42242617,2,4,16,4,6,32,8,8,48
42248369,42248377,2,4,16,4,6,4,8,16,48
42260069,42260077,2,4,16,4,8,8,4,24,96
42273029,42273037,2,2,16,4,8,16,16,24,48
42303269,42303277,4,2,16,12,32,8,16,24,48
42309569,42309577,2,3,16,4,12,16,8,48,24
42315269,42315277,2,4,16,4,32,108,8,12,12
42328829,42328837,2,4,16,8,144,8,8,8,72
42338489,42338497,2,2,16,4,48,24,16,4,28
42338909,42338917,2,4,16,4,48,4,4,8,96
42346229,42346237,2,2,16,8,16,20,16,32,12
42348629,42348637,2,3,16,8,32,8,8,32,96
42353309,42353317,5,4,16,32,12,8,4,4,36
42358109,42358117,2,5,16,4,12,32,8,4,12
42369629,42369637,2,5,16,4,12,6,8,16,12
42371969,42371977,2,4,16,4,12,24,8,6,32
42378509,42378517,4,4,16,8,120,4,8,8,18
42383309,42383317,2,2,16,4,20,24,4,16,24
42387329,42387337,2,5,16,8,12,8,8,8,48
42403169,42403177,2,4,16,4,12,8,32,6,40
42435389,42435397,2,4,16,4,14,48,4,4,36
42437909,42437917,5,3,16,8,32,8,4,16,54
42442229,42442237,4,2,16,8,24,4,16,16,36
42444029,42444037,4,4,16,8,36,4,8,8,72
42450689,42450697,2,2,16,4,24,32,16,8,64
42452429,42452437,6,2,16,8,20,24,16,4,24
42452489,42452497,2,5,16,4,6,8,8,4,30
42479669,42479677,2,3,16,6,32,8,8,24,18
42482009,42482017,6,1,16,24,24,32,32,4,48
42485909,42485917,5,4,16,8,32,12,4,8,48
42488969,42488977,2,4,16,4,12,24,8,12,20
42494189,42494197,2,2,16,4,20,32,8,16,24
42496529,42496537,5,3,16,24,24,12,8,8,32
42511529,42511537,4,2,16,8,24,4,16,24,30
42550589,42550597,2,3,16,4,112,16,4,8,60
42566429,42566437,2,2,16,4,24,16,4,16,72
42589229,42589237,2,3,16,4,30,40,4,8,24
42590369,42590377,2,3,16,4,48,16,4,8,48
42599009,42599017,2,4,16,8,12,16,8,8,24
42603629,42603637,2,3,16,8,20,24,8,8,48
42607769,42607777,2,3,16,4,12,36,16,12,72
42614489,42614497,4,2,16,16,24,8,8,48,72
42624209,42624217,5,4,16,16,12,8,4,8,48
42629009,42629017,2,2,16,4,12,48,16,16,16
42660209,42660217,2,3,16,8,48,8,16,8,128
42668789,42668797,2,2,16,4,16,12,16,16,24
42676889,42676897,2,3,16,4,12,72,24,8,48
42689369,42689377,4,3,16,8,12,4,32,20,48
42698309,42698317,2,3,16,4,16,32,8,32,12
42703889,42703897,5,3,16,8,72,12,4,16,16
42711329,42711337,5,4,16,8,6,8,4,16,24
42734129,42734137,5,3,16,16,24,12,4,8,64
42734309,42734317,2,5,16,8,16,12,8,8,12
42776309,42776317,4,3,16,8,16,4,24,8,48
42776969,42776977,2,4,16,4,48,12,8,12,40
42777509,42777517,2,2,16,4,16,12,16,16,24
42777869,42777877,2,4,16,8,10,24,8,16,12
42797009,42797017,2,3,16,4,12,16,16,8,24
42802589,42802597,2,3,16,4,96,4,8,16,36
42818429,42818437,2,1,16,4,48,16,16,32,48
42828509,42828517,5,3,16,8,12,32,4,16,72
42842369,42842377,4,1,16,16,24,8,16,16,96
42872009,42872017,6,4,16,48,12,6,8,4,40
42887729,42887737,2,4,16,8,12,8,8,24,96
42888269,42888277,2,3,16,4,40,8,32,12,18
42894329,42894337,2,1,16,8,24,16,16,16,44
42895109,42895117,4,2,16,8,32,4,24,16,48
42895829,42895837,6,4,16,12,32,8,8,4,18
42918509,42918517,5,3,16,8,60,16,4,8,18
42964409,42964417,4,4,16,8,6,4,8,24,84
42991769,42991777,2,2,16,4,12,16,16,24,96
42996089,42996097,6,3,16,8,6,16,16,4,320
43000709,43000717,2,3,16,4,16,40,8,4,48
43001129,43001137,2,4,16,4,12,16,8,8,60
43013309,43013317,2,3,16,4,28,12,8,20,24
43018589,43018597,4,3,16,8,24,4,16,8,18
43023989,43023997,2,3,16,8,16,8,32,8,36
43036589,43036597,2,3,16,4,20,32,8,8,60
43041209,43041217,5,2,16,8,24,20,4,16,56
43047869,43047877,2,3,16,4,112,12,8,32,48
43079909,43079917,2,4,16,4,32,6,8,4,96
43080629,43080637,5,2,16,8,16,32,4,24,24
43086209,43086217,2,4,16,8,18,12,8,8,32
43095809,43095817,2,5,16,4,6,8,4,8,96
43117169,43117177,2,2,16,4,24,48,4,24,32
43124009,43124017,4,3,16,16,12,6,8,32,40
43136069,43136077,2,5,16,8,48,12,8,12,12
43142009,43142017,3,4,16,8,6,6,8,16,32
43153709,43153717,2,4,16,8,60,12,8,16,12
43164929,43164937,2,4,16,8,12,12,16,12,24
43167209,43167217,2,4,16,4,12,6,4,16,40
43173329,43173337,2,4,16,4,6,24,8,4,32
43174829,43174837,5,3,16,6,20,8,4,16,48
43177829,43177837,2,3,16,4,8,16,16,4,24
43198409,43198417,3,4,16,8,6,8,8,16,60
43199069,43199077,2,4,16,4,24,6,8,12,24
43207589,43207597,6,3,16,16,8,64,8,4,72
43212089,43212097,4,4,16,8,48,4,4,8,112
43214069,43214077,2,4,16,4,32,8,8,12,36
43220669,43220677,6,3,16,8,84,12,16,6,24
43243769,43243777,2,4,16,4,96,8,12,12,81
43244129,43244137,5,1,16,16,24,16,8,32,96
43250369,43250377,2,2,16,4,24,24,8,16,64
43252529,43252537,4,1,16,16,24,12,16,16,16
43260509,43260517,5,1,16,32,48,16,8,16,72
43268969,43268977,2,5,16,4,6,8,8,12,60
43270529,43270537,2,3,16,4,12,24,8,32,32
43275269,43275277,4,3,16,16,8,4,32,12,96
43281509,43281517,2,2,16,8,16,32,8,16,24
43294829,43294837,2,3,16,4,70,12,8,16,24
43302029,43302037,5,3,16,8,20,40,4,20,12
43304189,43304197,5,2,16,12,72,32,8,16,48
43305869,43305877,2,3,16,8,20,16,8,8,36
43326389,43326397,2,4,16,4,16,8,8,8,36
43328729,43328737,2,3,16,8,12,16,8,16,192
43335689,43335697,2,3,16,8,24,12,8,24,20
43340369,43340377,2,3,16,4,12,8,16,32,32
43347089,43347097,2,4,16,8,12,8,32,8,128
43349429,43349437,2,3,16,8,32,16,12,8,36
43363589,43363597,2,5,16,4,8,96,4,8,12
43365389,43365397,5,3,16,16,30,12,4,8,48
43382489,43382497,5,4,16,8,12,72,4,8,24
43404869,43404877,2,4,16,8,16,8,8,8,96
43406969,43406977,2,3,16,4,24,6,24,12,32
43418369,43418377,2,4,16,4,12,4,8,64,32
43418729,43418737,2,3,16,4,12,24,16,8,60
43426469,43426477,2,3,16,4,16,8,64,6,48
43450709,43450717,2,4,16,4,8,12,8,16,24
43457069,43457077,6,3,16,32,10,8,16,6,36
43477229,43477237,2,5,16,4,10,8,4,8,90
43481369,43481377,2,4,16,4,12,8,4,48,144
43504169,43504177,2,3,16,4,24,12,8,48,40
43506929,43506937,4,2,16,16,24,4,16,8,64
43515389,43515397,2,2,16,8,20,16,8,16,72
43528889,43528897,5,5,16,12,12,8,4,8,42
43534409,43534417,2,1,16,4,24,24,16,16,80
43538009,43538017,6,2,16,16,24,16,8,4,96
43546829,43546837,2,4,16,4,40,12,4,8,24
43571309,43571317,5,4,16,16,10,12,4,16,12
43573169,43573177,2,5,16,4,6,8,8,12,96
43615409,43615417,5,4,16,8,12,6,4,16,64
43618709,43618717,2,5,16,4,8,4,4,8,24
43635629,43635637,6,2,16,12,20,16,16,8,72
43650869,43650877,5,4,16,12,16,32,8,8,12
43656089,43656097,3,2,16,24,6,24,16,8,48
43675409,43675417,2,3,16,8,12,8,48,24,32
43691729,43691737,2,4,16,4,36,6,8,8,64
43699709,43699717,4,3,16,8,80,4,4,16,48
43701269,43701277,2,5,16,4,8,48,4,6,12
43719989,43719997,2,2,16,8,32,20,8,16,24
43737989,43737997,6,1,16,16,16,36,16,8,48
43740569,43740577,2,4,16,4,12,4,8,24,72
43788929,43788937,2,4,16,4,18,12,8,8,16
43838789,43838797,2,2,16,4,16,16,4,64,24
43840469,43840477,2,3,16,4,32,4,8,24,36
43843109,43843117,2,3,16,4,8,20,16,8,24
43854269,43854277,6,4,16,8,84,12,12,6,24
43861109,43861117,2,4,16,4,16,12,8,8,48
43878389,43878397,2,2,16,4,32,12,32,16,24
43892669,43892677,6,2,16,8,28,16,32,6,18
43921469,43921477,4,3,16,8,112,4,8,24,18
43924289,43924297,2,3,16,8,24,12,16,8,64
43927529,43927537,2,5,16,4,12,12,8,4,20
43931729,43931737,2,3,16,4,12,4,48,16,24
43943069,43943077,2,4,16,4,24,8,8,12,36
43943609,43943617,2,3,16,4,6,32,16,4,168
43944869,43944877,2,3,16,4,16,8,4,16,48
43949309,43949317,5,4,16,8,36,12,4,8,24
43975289,43975297,2,3,16,8,12,8,32,24,96
43981169,43981177,2,3,16,8,12,24,8,48,64
43996709,43996717,4,4,16,12,32,8,8,8,24
44010209,44010217,2,4,16,4,12,16,4,8,48
44015189,44015197,2,2,16,8,32,12,16,32,48
44023289,44023297,2,4,16,4,6,6,16,8,40
44027429,44027437,6,5,16,6,8,24,8,4,12
44035169,44035177,2,4,16,4,6,36,4,6,16
44036669,44036677,2,4,16,4,14,4,32,6,24
44061869,44061877,2,4,16,4,10,4,8,80,18
44064029,44064037,2,2,16,4,24,8,24,16,36
44079689,44079697,2,5,16,8,12,8,8,12,60
44112209,44112217,4,2,16,24,12,6,16,16,32
44142689,44142697,2,3,16,4,24,32,4,4,48
44142809,44142817,2,2,16,4,24,80,32,4,48
44147489,44147497,2,5,16,4,6,12,4,8,16
44149829,44149837,2,4,16,4,16,96,8,8,12
44154569,44154577,2,3,16,4,72,8,16,12,90
44157089,44157097,2,4,16,4,24,8,8,12,32
44157389,44157397,2,3,16,4,40,40,8,4,24
44160629,44160637,2,2,16,4,16,28,16,4,96
44162309,44162317,2,2,16,8,16,16,16,8,36
44173229,44173237,2,2,16,8,20,48,16,8,24
44174729,44174737,2,3,16,4,24,4,8,16,120
44202629,44202637,3,3,16,12,8,16,16,8,36
44208929,44208937,4,3,16,16,12,4,64,4,64
44216069,44216077,2,2,16,4,8,24,32,24,24
44230469,44230477,5,3,16,8,96,24,4,12,24
44234669,44234677,2,4,16,8,10,32,8,12,18
44245469,44245477,2,4,16,8,12,8,64,12,36
44248829,44248837,6,4,16,8,36,12,16,4,12
44264669,44264677,2,2,16,4,24,24,8,24,24
44273909,44273917,2,4,16,8,16,8,8,8,72
44282669,44282677,2,3,16,8,40,32,8,12,24
44283269,44283277,2,3,16,8,32,8,16,12,36
44303969,44303977,2,2,16,4,48,16,32,12,32
44329289,44329297,2,4,16,4,24,12,4,4,80
44335289,44335297,4,3,16,24,12,4,4,16,56
44340809,44340817,2,4,16,4,12,36,8,8,40
44350589,44350597,2,3,16,4,64,8,8,16,18
44364269,44364277,5,4,16,8,10,8,4,24,36
44376869,44376877,5,2,16,20,16,8,4,40,48
44377889,44377897,2,2,16,4,48,24,8,16,16
44384609,44384617,2,4,16,4,6,32,8,12,72
44395529,44395537,2,3,16,4,12,80,32,8,20
44405429,44405437,2,4,16,4,16,12,8,4,24
44407829,44407837,2,4,16,4,32,8,8,8,72
44411369,44411377,2,3,16,4,6,12,16,32,20
44413769,44413777,2,4,16,8,12,8,8,24,90
44417129,44417137,5,4,16,8,6,16,4,8,80
44417909,44417917,2,3,16,4,48,8,16,8,48
44427989,44427997,4,4,16,12,32,8,8,8,36
44450129,44450137,2,3,16,4,24,16,8,8,24
44502869,44502877,4,2,16,16,32,8,32,8,72
44519009,44519017,2,4,16,8,12,48,8,8,32
44527289,44527297,2,4,16,4,12,16,8,8,112
44576309,44576317,2,4,16,4,64,8,8,8,36
44585669,44585677,2,2,16,4,16,16,16,6,18
44603609,44603617,3,3,16,16,6,12,32,8,24
44607209,44607217,5,3,16,8,72,16,4,8,40
44612129,44612137,6,4,16,8,12,8,16,4,24
44621669,44621677,5,4,16,8,8,8,4,24,72
44638589,44638597,2,3,16,4,16,8,48,8,18
44646989,44646997,6,4,16,8,40,12,16,4,12
44649029,44649037,6,3,16,16,8,32,8,4,24
44668769,44668777,2,3,16,8,12,32,8,24,32
44683889,44683897,2,4,16,8,24,10,8,8,128
44694569,44694577,6,3,16,8,24,32,8,6,30
44699909,44699917,2,4,16,4,8,24,16,8,12
44722289,44722297,2,3,16,8,12,16,8,32,24
44727989,44727997,4,2,16,16,16,6,8,16,24
44743109,44743117,6,3,16,8,16,12,16,4,96
44797469,44797477,2,3,16,4,48,24,8,6,48
44798969,44798977,4,3,16,8,6,4,16,24,66
44833829,44833837,5,4,16,16,8,24,4,8,12
44840129,44840137,2,3,16,4,12,48,8,16,64
44844329,44844337,2,2,16,8,24,24,16,8,30
44845589,44845597,2,3,16,8,64,8,8,16,48
44888369,44888377,2,3,16,4,12,6,16,48,32
44915789,44915797,2,3,16,8,20,8,16,8,30
44935229,44935237,5,4,16,8,14,32,4,4,60
44946389,44946397,2,3,16,4,16,8,4,24,36
44968829,44968837,2,3,16,4,32,24,8,8,48
44976809,44976817,2,4,16,4,12,8,4,48,40
44987009,44987017,2,4,16,4,24,6,8,8,64
45002189,45002197,4,3,16,16,20,8,8,8,96
45003809,45003817,4,3,16,16,24,8,8,8,256
45022169,45022177,2,2,16,4,24,16,8,24,96
45027869,45027877,2,3,16,8,48,16,8,8,24
45044969,45044977,2,4,16,8,48,12,8,12,20
45082229,45082237,5,1,16,16,64,24,4,16,24
45085829,45085837,5,3,16,12,64,24,4,4,48
45094109,45094117,2,1,16,4,36,24,16,24,24
45105509,45105517,4,2,16,8,16,4,16,16,36
45134129,45134137,2,3,16,4,12,32,16,8,48
45139529,45139537,2,2,16,4,24,4,32,24,60
45140429,45140437,2,4,16,4,10,16,8,8,48
45145409,45145417,2,3,16,4,24,12,4,24,32
45147209,45147217,2,3,16,4,12,48,8,16,40
45149009,45149017,2,3,16,4,24,24,4,4,64
45180209,45180217,4,2,16,16,36,8,16,8,48
45185729,45185737,2,3,16,8,24,24,8,8,32
45196589,45196597,5,3,16,16,80,8,4,4,96
45203429,45203437,4,3,16,24,16,8,8,8,18
45218729,45218737,2,4,16,8,24,8,8,8,200
45222809,45222817,2,4,16,6,12,8,16,8,48
45223169,45223177,2,4,16,4,24,12,4,12,64
45247529,45247537,5,3,16,32,24,8,4,8,30
45265529,45265537,2,4,16,4,12,8,8,32,48
45283709,45283717,2,3,16,8,32,8,8,16,72
45338729,45338737,2,4,16,8,12,24,8,8,40
45350069,45350077,6,4,16,8,8,12,48,6,24
45368969,45368977,6,2,16,8,48,24,16,6,40
45394169,45394177,2,2,16,4,6,24,16,24,36
45428729,45428737,2,2,16,4,12,36,16,16,52
45439409,45439417,2,4,16,4,24,8,8,12,48
45459389,45459397,2,2,16,4,56,16,16,4,72
45481829,45481837,2,2,16,8,16,36,8,16,24
45483869,45483877,2,3,16,4,48,8,16,8,24
45484709,45484717,2,3,16,8,64,16,16,8,12
45493229,45493237,4,3,16,16,10,4,4,16,18
45515369,45515377,1,0,16,16,24,16,16,16,60
45525929,45525937,4,2,16,8,24,6,16,16,20
45528809,45528817,2,3,16,8,24,24,8,8,20
45536069,45536077,2,4,16,4,8,16,8,12,36
45542129,45542137,6,3,16,8,12,48,16,4,16
45567029,45567037,2,3,16,8,16,8,8,16,30
45569309,45569317,2,4,16,8,12,12,12,16,48
45574889,45574897,2,3,16,4,72,64,4,8,20
45582689,45582697,5,3,16,24,12,32,4,8,64
45608729,45608737,4,5,16,8,12,6,8,8,24
45614189,45614197,5,2,16,16,40,16,8,8,72
45616289,45616297,5,3,16,16,24,12,8,8,64
45641909,45641917,3,4,16,12,8,8,8,16,18
45644909,45644917,4,4,16,8,10,6,16,8,48
45648389,45648397,2,3,16,4,8,16,16,8,18
45660569,45660577,6,2,16,8,48,24,16,6,48
45703589,45703597,2,2,16,8,16,24,8,16,24
45705629,45705637,2,3,16,4,72,4,16,4,18
45707009,45707017,2,4,16,4,24,12,4,4,64
45719489,45719497,2,2,16,4,96,8,16,16,48
45720209,45720217,2,4,16,4,12,48,4,4,24
45723269,45723277,5,3,16,8,64,8,4,24,36
45730109,45730117,2,3,16,8,28,64,8,8,24
45738929,45738937,2,5,16,4,12,4,4,8,24
45750989,45750997,2,3,16,8,20,8,16,8,18
45753269,45753277,2,3,16,4,16,24,16,12,12
45760529,45760537,5,3,16,16,12,16,8,8,24
45764129,45764137,2,4,16,4,12,4,8,16,192
45791429,45791437,6,1,16,24,16,16,16,8,48
45807989,45807997,2,3,16,4,16,96,8,8,96
45810689,45810697,4,2,16,16,12,6,16,32,16
45828869,45828877,6,4,16,12,16,12,64,8,12
45833069,45833077,2,3,16,4,20,32,8,12,36
45840029,45840037,2,3,16,4,48,16,8,8,48
45881609,45881617,2,4,16,4,24,8,4,8,80
45885089,45885097,4,3,16,8,24,4,8,16,64
45894209,45894217,4,3,16,24,48,6,8,8,16
45897989,45897997,2,3,16,4,16,6,8,32,24
45901109,45901117,2,3,16,8,32,8,8,16,36
45909389,45909397,2,3,16,8,20,8,8,16,96
45916769,45916777,2,1,16,4,24,24,16,24,48
45921269,45921277,4,3,16,32,8,4,16,12,24
45924869,45924877,5,3,16,8,32,8,4,16,18
45928109,45928117,6,3,16,8,60,16,8,4,54
45968609,45968617,5,3,16,16,12,8,4,48,24
45978329,45978337,4,5,16,8,12,4,8,8,72
45999929,45999937,6,4,16,8,24,8,8,4,42
46008569,46008577,3,4,16,8,6,32,8,12,108
46024169,46024177,2,4,16,4,12,32,8,12,80
46028669,46028677,5,2,16,6,16,24,4,24,24
46043609,46043617,2,3,16,4,12,32,16,8,96
46049789,46049797,2,1,16,4,40,16,16,32,135
46055369,46055377,2,3,16,4,24,48,4,8,30
46061429,46061437,2,2,16,8,16,48,24,8,24
46074389,46074397,2,5,16,8,64,8,8,8,12
46075829,46075837,2,2,16,8,24,24,16,8,24
46082489,46082497,5,3,16,24,12,16,4,12,56
46083629,46083637,2,4,16,8,40,8,8,8,18
46085729,46085737,2,3,16,4,24,16,8,8,16
46097789,46097797,5,3,16,8,48,12,4,16,24
46104269,46104277,4,2,16,8,20,6,16,24,48
46120709,46120717,4,1,16,24,16,8,16,16,18
46139069,46139077,6,2,16,16,56,8,16,6,36
46140869,46140877,2,2,16,4,16,24,8,32,18
46145009,46145017,2,3,16,4,24,8,8,48,48
46187069,46187077,2,3,16,4,28,6,16,12,24
46189469,46189477,2,3,16,4,24,32,8,12,72
46199129,46199137,6,2,16,12,48,16,16,8,48
46209629,46209637,2,3,16,4,48,16,8,8,96
46223669,46223677,2,2,16,8,32,8,16,24,24
46254269,46254277,2,4,16,8,14,16,8,12,18
46270409,46270417,2,3,16,8,12,32,16,8,40
46277129,46277137,5,4,16,6,24,8,4,4,40
46279829,46279837,5,3,16,16,16,8,4,8,84
46293809,46293817,2,5,16,4,12,6,8,8,32
46309469,46309477,2,3,16,4,24,12,16,12,36
46310609,46310617,2,2,16,4,12,16,16,16,160
46349609,46349617,2,3,16,8,12,12,16,16,80
46351229,46351237,5,2,16,16,32,12,4,16,24
46362629,46362637,5,5,16,8,8,8,4,8,72
46377509,46377517,2,4,16,4,8,48,16,8,12
46386569,46386577,6,1,16,16,24,16,16,6,60
46399889,46399897,2,4,16,4,24,8,8,8,24
46401869,46401877,2,2,16,6,20,24,8,20,48
46413929,46413937,4,4,16,6,12,4,16,4,30
46429769,46429777,2,5,16,4,6,8,8,12,30
46439669,46439677,2,4,16,4,16,8,8,12,48
46442009,46442017,5,3,16,24,12,16,8,8,108
46444829,46444837,2,3,16,4,24,24,8,8,24
46447529,46447537,2,3,16,8,12,32,16,8,40
46453829,46453837,2,4,16,4,8,12,16,8,144
46454789,46454797,2,2,16,8,16,24,8,16,84
46472609,46472617,5,4,16,8,6,48,4,8,80
46478129,46478137,5,2,16,8,24,24,4,16,48
46491989,46491997,5,3,16,32,16,24,8,8,12
46493609,46493617,2,2,16,4,48,12,16,16,40
46498289,46498297,2,3,16,4,6,24,8,16,32
46518869,46518877,4,3,16,8,32,4,4,16,36
46544969,46544977,3,4,16,16,6,8,8,12,80
46558289,46558297,2,4,16,8,12,16,8,8,24
46571009,46571017,2,2,16,4,24,24,16,8,16
46576589,46576597,2,3,16,8,20,32,8,8,24
46577009,46577017,2,3,16,8,12,16,16,8,48
46578569,46578577,2,3,16,4,24,12,16,12,80
46589429,46589437,2,2,16,4,16,16,8,16,36
46592669,46592677,4,3,16,8,24,4,16,6,72
46595729,46595737,3,3,16,16,6,16,8,8,96
46601069,46601077,2,5,16,4,80,12,12,6,12
46623029,46623037,6,2,16,16,16,10,16,8,24
46641989,46641997,2,4,16,6,8,8,16,8,18
46646429,46646437,2,2,16,8,72,12,16,16,48
46657829,46657837,2,3,16,4,16,8,8,16,72
46662269,46662277,2,4,16,4,32,12,8,12,24
46672529,46672537,5,4,16,8,12,6,4,32,16
46693589,46693597,2,3,16,4,16,12,8,16,24
46695569,46695577,2,4,16,4,24,12,4,6,16
46702829,46702837,4,3,16,12,40,8,16,8,36
46713389,46713397,4,3,16,8,20,6,64,8,24
46720229,46720237,2,3,16,8,32,80,16,8,12
46722989,46722997,2,3,16,8,10,16,8,16,36
46723289,46723297,2,3,16,4,48,24,4,4,48
46729589,46729597,2,4,16,4,32,12,16,12,12
46733909,46733917,2,4,16,4,16,6,4,4,48
46736489,46736497,2,2,16,4,36,4,32,16,60
46749089,46749097,2,4,16,4,24,8,8,8,32
46761809,46761817,2,3,16,4,48,32,8,8,32
46762769,46762777,2,4,16,4,24,8,4,6,24
46791389,46791397,2,1,16,4,24,16,32,32,72
46793909,46793917,4,2,16,8,64,4,16,16,48
46800209,46800217,2,2,16,8,12,16,16,16,96
46885889,46885897,3,2,16,16,6,8,16,24,24
46897709,46897717,2,3,16,8,20,24,8,8,24
46897769,46897777,2,3,16,4,12,8,32,24,120
46898309,46898317,2,2,16,4,16,16,16,4,36
46899569,46899577,2,3,16,4,48,16,4,6,96
46917029,46917037,5,4,16,8,8,8,4,16,96
46919009,46919017,2,2,16,4,12,16,16,32,48
46922009,46922017,2,4,16,4,12,12,4,16,48
46940969,46940977,4,2,16,24,24,4,8,24,60
46945589,46945597,2,3,16,8,32,12,16,8,24
46953869,46953877,5,4,16,12,20,24,8,8,12
46958789,46958797,2,3,16,4,16,8,8,32,18
46965629,46965637,2,3,16,4,128,32,4,4,24
46981469,46981477,2,3,16,8,48,16,8,12,36
47006489,47006497,4,3,16,16,24,8,8,8,72
47024309,47024317,2,4,16,4,32,8,12,8,36
47044289,47044297,2,4,16,8,12,16,8,8,48
47066009,47066017,2,3,16,4,12,24,32,8,24
47080469,47080477,3,2,16,12,8,16,24,24,36
47085509,47085517,4,2,16,16,16,4,16,8,48
47097689,47097697,2,3,16,4,12,20,32,8,48
47136989,47136997,6,4,16,8,48,8,8,4,36
47151869,47151877,2,3,16,4,18,6,48,20,12
47159669,47159677,5,4,16,8,64,8,4,12,72
47171309,47171317,2,3,16,8,10,24,8,16,24
47177609,47177617,2,3,16,8,12,48,8,16,20
47180369,47180377,2,3,16,8,12,8,16,16,24
47180669,47180677,2,4,16,4,64,12,8,12,24
47184629,47184637,4,4,16,18,16,8,8,8,12
47193269,47193277,2,2,16,4,24,18,32,12,48
47206589,47206597,2,3,16,4,56,24,4,8,24
47224109,47224117,2,3,16,4,40,16,8,4,36
47229989,47229997,4,2,16,12,16,8,16,16,96
47238809,47238817,3,4,16,16,6,12,8,8,48
47255609,47255617,4,3,16,6,12,4,16,16,224
47262029,47262037,2,3,16,4,20,72,8,8,24
47262629,47262637,3,2,16,16,8,32,8,16,48
47276069,47276077,2,4,16,4,8,24,8,48,12
47316089,47316097,2,5,16,4,6,8,8,8,64
47318969,47318977,5,4,16,8,6,32,4,12,84
47319269,47319277,6,3,16,16,128,12,8,6,24
47325269,47325277,2,4,16,4,32,8,8,12,48
47327009,47327017,2,4,16,4,6,6,32,8,32
47349689,47349697,6,3,16,8,48,6,16,4,28
47373089,47373097,2,1,16,4,24,24,16,32,32
47378909,47378917,2,1,16,4,48,16,16,16,72
47381429,47381437,2,4,16,4,24,8,4,8,30
47389109,47389117,5,3,16,16,16,12,8,8,24
47396669,47396677,4,3,16,12,28,6,16,24,12
47413829,47413837,2,3,16,4,8,32,8,64,60
47448209,47448217,2,3,16,4,24,8,24,4,48
47455769,47455777,4,3,16,8,48,4,16,12,72
47481869,47481877,2,2,16,8,20,8,32,20,60
47495009,47495017,2,4,16,4,12,8,12,16,24
47495729,47495737,2,4,16,4,6,8,32,8,144
47500169,47500177,2,3,16,4,24,24,8,12,40
47513189,47513197,3,3,16,12,8,72,16,8,48
47523089,47523097,5,4,16,12,24,8,4,4,48
47528489,47528497,2,3,16,4,48,4,8,16,60
47541029,47541037,2,5,16,4,64,8,8,4,12
47546669,47546677,4,2,16,16,40,4,8,24,30
47549129,47549137,2,3,16,4,6,16,32,8,40
47558369,47558377,5,3,16,24,12,8,4,16,48
47559389,47559397,6,2,16,24,24,40,32,8,12
47567669,47567677,4,3,16,8,16,6,32,12,48
47580809,47580817,2,3,16,4,12,36,8,16,80
47600789,47600797,2,3,16,4,16,12,8,48,24
47640569,47640577,2,3,16,8,12,24,16,12,52
47665829,47665837,2,3,16,4,32,4,4,16,18
47670509,47670517,2,4,16,4,10,32,8,4,36
47677709,47677717,2,3,16,8,60,8,16,8,18
47679809,47679817,2,3,16,4,6,16,16,8,32
47682329,47682337,2,5,16,4,12,6,8,8,72
47711309,47711317,2,2,16,4,40,12,16,16,24
47737589,47737597,2,3,16,4,16,24,8,8,24
47739389,47739397,2,2,16,4,20,24,16,16,12
47747009,47747017,4,3,16,24,6,4,32,8,64
47757389,47757397,5,1,16,16,20,24,4,16,24
47775989,47775997,4,2,16,16,64,8,32,8,18
47785889,47785897,2,3,16,4,48,8,8,16,64
47788589,47788597,2,4,16,4,10,8,16,8,24
47806169,47806177,2,3,16,4,12,16,16,12,96
47835509,47835517,2,3,16,4,16,24,8,48,12
47840789,47840797,2,3,16,4,8,64,16,8,18
47841869,47841877,4,2,16,16,40,8,8,20,36
47847629,47847637,4,3,16,16,40,4,8,12,36
47875829,47875837,2,6,16,4,8,8,8,8,12
47891369,47891377,2,3,16,4,12,16,8,32,60
47892989,47892997,4,4,16,8,120,4,8,8,36
47901389,47901397,2,3,16,4,80,12,16,4,24
47913329,47913337,2,4,16,4,6,8,32,8,64
47928029,47928037,4,3,16,8,48,6,32,8,48
47930789,47930797,2,3,16,4,32,8,8,16,18
47935829,47935837,2,2,16,4,16,16,8,16,54
47959529,47959537,2,2,16,4,6,40,48,16,40
47994269,47994277,4,3,16,8,48,6,8,48,48
47995169,47995177,3,3,16,16,12,14,16,12,16
48002069,48002077,2,2,16,4,16,8,16,24,36
48004589,48004597,2,3,16,8,20,32,8,8,24
48007229,48007237,2,4,16,4,56,12,12,12,24
48026669,48026677,4,5,16,8,40,6,8,12,12
48032129,48032137,2,5,16,4,12,12,4,8,64
48036269,48036277,2,2,16,8,20,8,24,24,18
48045989,48045997,4,5,16,8,8,4,8,8,36
48064529,48064537,2,3,16,4,24,8,32,4,64
48101909,48101917,5,1,16,16,16,24,8,16,24
48120509,48120517,6,3,16,8,56,16,8,4,36
48125009,48125017,6,4,16,8,24,8,8,4,80
48128909,48128917,6,3,16,8,40,24,8,4,48
48151409,48151417,4,4,16,8,12,6,8,32,32
48176669,48176677,2,4,16,4,12,4,64,6,18
48184529,48184537,2,3,16,4,24,24,4,8,32
48193889,48193897,2,3,16,4,6,16,16,8,16
48200069,48200077,2,3,16,4,8,4,16,60,96
48228629,48228637,5,3,16,32,8,6,4,16,24
48243809,48243817,4,3,16,16,24,4,8,8,64
48243989,48243997,2,3,16,4,16,8,32,8,36
48247769,48247777,5,2,16,8,18,16,4,24,72
48260129,48260137,3,3,16,8,6,24,8,32,32
48271889,48271897,2,2,16,8,24,8,32,16,32
48277469,48277477,2,4,16,4,12,8,16,12,72
48290789,48290797,2,3,16,4,64,8,8,32,24
48308789,48308797,2,4,16,4,32,8,8,4,18
48317369,48317377,2,3,16,4,6,24,8,32,28
48319169,48319177,2,3,16,4,18,40,8,12,16
48326009,48326017,2,2,16,4,12,24,16,16,64
48340829,48340837,4,3,16,12,12,8,16,16,18
48348029,48348037,2,3,16,4,32,8,32,4,48
48367469,48367477,2,2,16,4,20,32,8,24,48
48406289,48406297,2,3,16,4,36,24,8,8,32
48410129,48410137,3,2,16,16,6,16,8,32,40
48418529,48418537,2,4,16,4,12,32,4,8,32
48425609,48425617,4,5,16,8,12,4,4,8,60
48431729,48431737,2,2,16,4,12,16,16,16,32
48439109,48439117,6,2,16,8,16,16,16,4,36
48455489,48455497,4,4,16,32,6,4,8,8,160
48457589,48457597,5,5,16,8,8,6,4,4,72
48459989,48459997,4,3,16,8,16,4,16,4,72
48468389,48468397,2,3,16,4,32,6,32,8,96
48486029,48486037,2,2,16,6,40,24,16,8,24
48492869,48492877,2,2,16,8,16,48,16,16,12
48498269,48498277,2,3,16,8,12,12,16,24,24
48508169,48508177,3,3,16,8,6,32,48,6,40
48542609,48542617,2,5,16,8,12,8,8,8,48
48544589,48544597,2,3,16,4,40,8,24,12,36
48555929,48555937,2,4,16,4,6,4,8,16,240
48585209,48585217,2,3,16,4,24,6,4,24,80
48611729,48611737,4,4,16,8,36,4,4,4,24
48614009,48614017,2,4,16,4,6,40,8,8,128
48638489,48638497,5,5,16,12,12,12,4,4,48
48641909,48641917,2,4,16,4,16,12,8,8,24
48647909,48647917,2,3,16,8,16,8,32,8,36
48683729,48683737,2,2,16,4,24,64,16,4,48
48695069,48695077,5,3,16,8,24,12,4,48,18
48698669,48698677,2,1,16,4,40,16,16,18,72
48702089,48702097,2,2,16,4,24,16,8,32,120
48705989,48705997,2,4,16,8,8,48,8,8,48
48737669,48737677,2,2,16,4,16,16,16,12,48
48740429,48740437,2,1,16,8,40,32,16,16,18
48740609,48740617,2,4,16,4,12,8,12,48,40
48742709,48742717,2,3,16,4,16,24,8,8,24
48747989,48747997,2,3,16,4,8,24,16,8,162
48767189,48767197,2,3,16,4,16,12,16,4,24
48777269,48777277,2,1,16,8,16,24,32,24,24
48779309,48779317,2,4,16,4,20,8,8,12,18
48780509,48780517,4,1,16,16,24,6,16,16,24
48792929,48792937,5,4,16,16,12,12,4,8,64
48797669,48797677,2,3,16,8,64,8,16,12,36
48803189,48803197,4,2,16,8,16,6,32,16,24
48808289,48808297,4,3,16,16,24,4,8,8,48
48813509,48813517,6,3,16,8,16,8,16,4,30
48828209,48828217,2,2,16,4,24,24,16,4,32
48872129,48872137,3,4,16,8,6,16,8,8,16
48872729,48872737,6,4,16,8,6,16,8,4,72
48876089,48876097,6,4,16,8,12,12,16,4,56
48896069,48896077,2,4,16,6,8,12,16,12,24
48903989,48903997,2,4,16,4,16,12,4,8,24
48934289,48934297,4,4,16,12,12,8,16,8,48
48963029,48963037,2,6,16,4,8,12,8,8,12
48995069,48995077,2,3,16,8,72,12,8,18,48
48998309,48998317,2,3,16,4,16,48,8,4,24
49002269,49002277,2,3,16,4,48,32,8,12,24
49021409,49021417,6,4,16,8,24,12,8,4,64
49021589,49021597,2,3,16,8,16,8,8,16,144
49027169,49027177,2,3,16,8,12,16,16,12,96
49032509,49032517,2,1,16,8,28,32,16,32,48
49037789,49037797,4,3,16,12,48,8,16,8,18
49038089,49038097,6,3,16,8,12,24,32,4,20
49051229,49051237,2,3,16,4,24,48,4,8,108
49064369,49064377,2,2,16,4,48,12,16,20,32
49069469,49069477,4,2,16,8,24,4,16,24,72
49085669,49085677,2,2,16,4,16,16,16,12,30
49096829,49096837,2,3,16,8,32,8,8,16,72
49117829,49117837,1,0,16,16,16,32,16,16,24
49136609,49136617,2,1,16,4,36,16,16,16,96
49142669,49142677,2,2,16,4,20,16,16,12,24
49156889,49156897,2,3,16,8,12,12,16,16,48
49177229,49177237,2,4,16,4,20,24,4,8,12
49180709,49180717,2,3,16,4,32,4,16,4,96
49199609,49199617,4,4,16,8,24,4,4,8,80
49200509,49200517,2,1,16,4,32,16,16,32,54
49209689,49209697,2,3,16,4,48,16,8,4,216
49216169,49216177,2,5,16,4,12,8,8,12,60
49228229,49228237,4,3,16,8,16,4,32,8,30
49231289,49231297,2,5,16,4,12,8,8,8,84
49255889,49255897,2,3,16,8,24,12,8,24,16
49257869,49257877,2,3,16,4,20,24,8,8,24
49262789,49262797,2,3,16,4,16,16,8,4,48
49271909,49271917,2,2,16,8,16,24,8,16,48
49279709,49279717,6,4,16,16,12,8,8,4,36
49283609,49283617,2,3,16,6,48,8,16,8,24
49304909,49304917,2,3,16,4,20,32,4,8,72
49307729,49307737,4,4,16,8,12,6,16,12,32
49314809,49314817,3,4,16,16,6,8,8,8,66
49324889,49324897,3,4,16,8,6,8,8,16,48
49331189,49331197,4,1,16,24,16,8,16,16,18
49338689,49338697,2,3,16,8,24,16,8,8,32
49343729,49343737,2,4,16,4,12,6,16,12,64
49354709,49354717,6,3,16,12,32,24,8,4,48
49355489,49355497,2,4,16,4,6,16,8,12,24
49363169,49363177,4,3,16,16,12,6,8,18,64
49372409,49372417,2,3,16,4,24,8,16,8,90
49380689,49380697,4,4,16,8,12,4,8,16,48
49393829,49393837,2,4,16,4,8,4,32,8,18
49396289,49396297,2,3,16,8,12,24,8,64,16
49399409,49399417,5,4,16,8,12,8,4,16,128
49406969,49406977,2,4,16,4,6,32,8,12,88
49420589,49420597,2,3,16,8,40,12,16,8,24
49424069,49424077,2,2,16,8,16,16,16,12,36
49430669,49430677,4,4,16,8,20,6,8,12,24
49432829,49432837,2,2,16,4,36,12,16,16,24
49436129,49436137,4,4,16,8,12,4,32,8,64
49455869,49455877,2,1,16,4,36,16,16,32,24
49455929,49455937,2,2,16,8,12,16,32,16,84
49473869,49473877,2,3,16,4,80,12,8,24,24
49474829,49474837,2,4,16,4,40,8,4,4,18
49479329,49479337,2,3,16,8,24,16,8,8,80
49502729,49502737,2,4,16,4,6,16,8,4,30
49527209,49527217,4,2,16,8,24,4,16,16,30
49553429,49553437,2,4,16,8,8,12,32,8,48
49568369,49568377,2,4,16,4,24,12,4,8,144
49575269,49575277,2,4,16,8,8,24,8,12,36
49586189,49586197,2,4,16,4,20,6,8,8,48
49586729,49586737,2,2,16,4,48,12,16,16,20
49631909,49631917,6,3,16,16,16,16,8,4,12
49637369,49637377,2,5,16,4,12,8,8,8,72
49645769,49645777,5,5,16,12,12,12,8,12,80
49648889,49648897,2,4,16,4,12,16,8,8,144
49659689,49659697,4,3,16,8,24,4,16,8,80
49676909,49676917,6,1,16,16,30,60,16,4,24
49680209,49680217,2,3,16,4,12,16,4,16,40
49683929,49683937,5,3,16,12,12,48,4,16,48
49695629,49695637,2,2,16,4,20,24,8,16,48
49732229,49732237,2,2,16,8,32,16,16,8,18
49739609,49739617,6,3,16,8,24,32,8,4,96
49765109,49765117,6,6,16,8,8,12,8,4,12
49808489,49808497,3,3,16,8,6,16,8,16,20
49825289,49825297,2,5,16,8,12,8,8,8,60
49830089,49830097,4,4,16,12,24,8,8,8,20
49839809,49839817,2,2,16,6,24,8,24,16,64
49855529,49855537,5,3,16,8,24,64,4,4,60
49869569,49869577,3,3,16,8,6,16,16,12,48
49870229,49870237,5,3,16,16,8,48,4,8,24
49883369,49883377,2,4,16,4,72,6,8,8,40
49896689,49896697,5,3,16,16,12,48,4,8,32
49905689,49905697,6,3,16,12,12,16,16,8,48
49908569,49908577,2,2,16,4,24,72,24,6,24
49919189,49919197,6,2,16,20,16,8,16,4,24
49935029,49935037,2,3,16,4,32,12,8,16,24
49943129,49943137,2,4,16,8,12,12,16,8,24
49964009,49964017,2,4,16,4,12,32,8,8,40
49993409,49993417,2,2,16,6,48,16,16,8,128
49995689,49995697,3,2,16,8,6,24,16,16,20
49998209,49998217,4,2,16,16,24,6,32,8,32
50020709,50020717,5,1,16,16,16,16,8,16,24
50023829,50023837,4,2,16,24,16,4,16,8,18
50040929,50040937,2,5,16,4,6,4,8,8,64
50053469,50053477,2,3,16,4,48,6,16,12,48
50064089,50064097,5,4,16,8,24,12,4,8,48
50066669,50066677,2,3,16,4,40,8,16,6,108
50077109,50077117,2,2,16,4,32,32,4,16,60
50085389,50085397,4,3,16,8,40,4,4,24,18
50110589,50110597,2,3,16,4,32,16,8,4,24
50118689,50118697,2,3,16,4,24,16,8,8,64
50118869,50118877,2,2,16,8,8,64,16,16,36
50145509,50145517,5,4,16,6,16,8,4,8,36
50161109,50161117,6,4,16,16,16,10,8,4,12
50178209,50178217,2,4,16,4,24,6,8,8,96
50215169,50215177,2,5,16,4,12,8,4,12,192
50222189,50222197,2,2,16,4,20,8,16,16,36
50249669,50249677,5,2,16,16,16,16,8,12,24
50280869,50280877,2,2,16,4,16,8,16,16,18
50281229,50281237,6,1,16,16,20,16,16,8,60
50306609,50306617,2,2,16,4,24,16,16,8,32
50307329,50307337,2,3,16,4,6,8,64,32,24
50309789,50309797,2,3,16,4,24,6,4,16,48
50315729,50315737,2,4,16,4,12,48,8,4,32
50331989,50331997,2,4,16,4,32,4,8,8,96
50333369,50333377,2,1,16,8,24,16,16,16,28
50336969,50336977,2,3,16,8,24,24,8,12,40
50345429,50345437,5,3,16,8,32,6,4,16,48
50378189,50378197,5,3,16,12,40,20,8,8,96
50390069,50390077,6,1,16,16,16,16,16,12,48
50409389,50409397,2,3,16,4,40,8,16,8,18
50455109,50455117,5,4,16,8,16,8,4,4,48
50456729,50456737,2,3,16,8,24,8,8,16,96
50480789,50480797,2,3,16,8,8,32,32,8,72
50484989,50484997,2,2,16,4,18,16,12,16,18
50488169,50488177,4,4,16,8,12,6,32,12,40
50492009,50492017,2,2,16,4,6,32,16,16,120
50499509,50499517,2,2,16,8,32,24,16,8,24
50504009,50504017,2,2,16,4,24,16,16,4,40
50519129,50519137,6,2,16,16,12,40,16,8,48
50544029,50544037,5,3,16,8,96,8,4,16,36
50548109,50548117,2,4,16,4,20,72,8,4,12
50555369,50555377,2,3,16,4,12,20,4,32,30
50573189,50573197,2,3,16,4,16,32,12,8,18
50590229,50590237,5,3,16,8,64,24,4,8,48
50614709,50614717,2,4,16,4,16,12,8,16,12
50617409,50617417,5,2,16,16,12,64,4,16,16
50626769,50626777,2,3,16,8,48,24,8,12,16
50632709,50632717,2,2,16,4,32,6,16,32,24
50644829,50644837,2,3,16,8,36,8,16,8,72
50652389,50652397,2,3,16,4,32,8,32,4,18
50659709,50659717,6,4,16,8,32,12,16,4,12
50677589,50677597,2,1,16,4,32,16,16,16,24
50699009,50699017,4,2,16,16,48,4,8,16,24
50705609,50705617,6,2,16,16,12,24,16,8,80
50720429,50720437,2,2,16,4,40,16,8,16,36
50743229,50743237,4,4,16,16,28,8,8,8,12
50764169,50764177,2,3,16,4,6,4,32,24,120
50764829,50764837,5,4,16,8,12,24,4,16,12
50767229,50767237,2,2,16,4,16,32,24,4,120
50771309,50771317,2,2,16,4,10,16,16,16,24
50773829,50773837,2,2,16,4,24,24,8,16,48
50799929,50799937,5,5,16,8,12,8,4,4,112
50808209,50808217,2,3,16,4,48,12,8,16,32
50885969,50885977,2,4,16,4,12,12,4,24,16
50886929,50886937,2,4,16,8,12,8,16,8,24
50889989,50889997,2,2,16,4,16,32,8,16,36
50906489,50906497,2,3,16,4,36,24,8,8,64
50918729,50918737,2,3,16,4,24,8,16,8,80
50940689,50940697,2,4,16,8,24,12,12,8,32
50943029,50943037,2,2,16,4,16,32,4,16,24
50958329,50958337,2,3,16,4,12,24,24,8,208
50959289,50959297,2,4,16,4,12,32,4,8,42
50961269,50961277,2,2,16,4,32,16,72,6,18
50982629,50982637,5,3,16,16,32,24,4,8,12
50987129,50987137,6,4,16,12,12,12,16,4,96
50988569,50988577,2,3,16,4,12,12,32,24,96
50992169,50992177,2,3,16,4,24,40,4,12,40
51004229,51004237,2,3,16,4,16,24,8,16,12
51021569,51021577,2,4,16,4,24,8,12,12,40
51041909,51041917,2,2,16,4,32,16,48,8,18
51045629,51045637,6,5,16,8,36,10,8,4,12
51051569,51051577,2,3,16,8,48,8,8,24,16
51057029,51057037,2,3,16,4,32,8,8,16,18
51057329,51057337,4,3,16,8,24,6,8,16,64
51063629,51063637,2,3,16,4,10,6,16,24,24
51067469,51067477,2,3,16,8,20,8,16,12,24
51068729,51068737,4,1,16,24,96,8,16,16,42
51070169,51070177,2,2,16,4,12,16,16,48,240
51072869,51072877,2,2,16,4,32,4,16,16,48
51087989,51087997,2,3,16,4,16,8,8,16,30
51092669,51092677,4,4,16,8,28,4,4,12,36
51098009,51098017,2,3,16,4,24,32,8,8,48
51109529,51109537,3,4,16,8,6,12,16,8,24
51115289,51115297,2,2,16,8,24,14,16,32,24
51152909,51152917,2,3,16,4,20,36,8,16,12
51186389,51186397,2,3,16,8,64,12,32,8,48
51196169,51196177,2,4,16,4,6,16,8,12,30
51198089,51198097,2,2,16,6,24,12,16,16,40
51215369,51215377,2,3,16,4,12,24,16,8,20
51222389,51222397,2,3,16,4,16,24,16,12,12
51238409,51238417,6,1,16,24,24,40,16,4,20
51250889,51250897,2,4,16,4,24,4,8,8,30
51257369,51257377,4,3,16,8,6,4,16,16,72
51268829,51268837,2,4,16,4,12,48,4,4,24
51270269,51270277,2,2,16,8,32,16,16,12,48
51276989,51276997,2,1,16,4,28,16,16,16,24
51279509,51279517,2,2,16,8,32,16,64,8,18
51280589,51280597,2,2,16,4,20,32,16,8,72
51284369,51284377,2,4,16,4,24,8,4,12,192
51298229,51298237,2,2,16,4,16,32,32,4,72
51305789,51305797,2,3,16,4,28,24,8,8,36
51311669,51311677,2,3,16,4,16,36,8,12,24
51318209,51318217,2,5,16,4,12,8,4,8,48
51325709,51325717,2,5,16,4,10,6,8,8,48
51346829,51346837,2,3,16,4,10,16,48,12,18
51356729,51356737,2,3,16,4,24,4,48,8,84
51367109,51367117,2,5,16,4,16,12,4,8,12
51371129,51371137,5,4,16,8,6,16,4,8,96
51379169,51379177,2,4,16,4,12,12,16,12,32
51387509,51387517,2,3,16,4,32,8,16,8,18
51396629,51396637,2,4,16,8,32,8,8,8,24
51406709,51406717,2,2,16,8,32,12,16,16,24
51432629,51432637,6,2,16,16,16,24,32,4,12
51435569,51435577,2,4,16,4,12,8,16,12,48
51439529,51439537,3,3,16,16,6,8,8,16,100
51481229,51481237,2,2,16,4,40,6,16,32,24
51489509,51489517,2,3,16,4,16,12,8,32,24
51492029,51492037,2,3,16,4,28,12,12,16,24
51501089,51501097,6,4,16,8,24,8,8,4,160
51553409,51553417,2,4,16,8,12,12,16,8,32
51576269,51576277,2,4,16,4,40,18,4,12,12
51591569,51591577,5,4,16,12,12,24,8,12,32
51597929,51597937,5,4,16,24,6,8,4,8,120
51625289,51625297,2,3,16,4,12,8,32,16,40
51635489,51635497,2,4,16,6,6,48,8,8,64
51643589,51643597,2,4,16,4,64,6,8,4,48
51645389,51645397,4,5,16,8,10,6,8,8,48
51663389,51663397,5,1,16,16,48,32,8,24,24
51668489,51668497,5,4,16,16,6,8,4,8,160
51679469,51679477,2,1,16,4,40,16,32,24,36
51685169,51685177,2,3,16,4,24,24,8,6,64
51704669,51704677,2,4,16,4,24,4,8,12,24
51711809,51711817,2,3,16,4,6,24,32,4,64
51723929,51723937,6,4,16,8,12,16,8,4,144
51730709,51730717,4,3,16,12,16,6,16,8,24
51737369,51737377,2,3,16,4,12,24,8,32,24
51755909,51755917,2,4,16,4,24,12,8,4,24
51763889,51763897,2,4,16,4,12,8,48,8,24
51776069,51776077,2,4,16,8,8,12,16,12,48
51778109,51778117,2,4,16,8,28,8,8,8,120
51779729,51779737,2,2,16,8,24,8,16,16,40
51793589,51793597,2,3,16,4,16,4,16,8,36
51800789,51800797,5,3,16,12,16,16,8,8,72
51808709,51808717,2,4,16,4,8,8,8,16,36
51820169,51820177,3,2,16,16,12,24,16,12,40
51823229,51823237,2,3,16,4,64,60,8,8,24
51825629,51825637,4,4,16,24,12,4,12,8,48
51827609,51827617,5,3,16,32,6,8,4,16,36
51836429,51836437,2,2,16,4,20,16,32,8,60
51849869,51849877,2,4,16,8,10,12,8,32,72
51867209,51867217,2,4,16,4,6,8,32,8,100
51877109,51877117,4,1,16,16,16,4,16,16,18
51881729,51881737,2,4,16,4,24,12,8,8,32
51884309,51884317,2,2,16,4,16,16,4,16,108
51890429,51890437,2,3,16,4,36,16,4,8,72
51903029,51903037,2,4,16,4,8,16,8,8,18
51907109,51907117,2,3,16,4,8,24,16,32,12
51924269,51924277,4,3,16,12,10,8,16,24,18
51951929,51951937,2,2,16,4,12,24,24,16,28
51956129,51956137,4,4,16,6,6,4,8,16,24
51967829,51967837,5,3,16,8,48,16,4,8,18
52001969,52001977,2,3,16,8,24,16,8,12,48
52035089,52035097,5,4,16,8,6,12,4,16,64
52050989,52050997,2,3,16,4,20,4,8,16,36
52063889,52063897,3,2,16,16,12,12,16,16,32
52066229,52066237,2,3,16,4,32,20,8,8,48
52082969,52082977,2,4,16,8,12,32,8,12,192
52104929,52104937,2,3,16,4,48,6,24,12,128
52111229,52111237,2,3,16,8,16,12,8,16,24
52115969,52115977,2,3,16,4,12,16,16,6,96
52128389,52128397,4,2,16,16,16,8,8,16,72
52139369,52139377,2,3,16,4,12,24,32,10,50
52140089,52140097,2,5,16,4,6,8,8,8,84
52150289,52150297,2,3,16,4,12,24,16,4,32
52176269,52176277,2,3,16,4,20,4,16,6,36
52179089,52179097,2,2,16,4,24,16,16,8,32
52182329,52182337,5,3,16,16,12,64,4,4,56
52192409,52192417,3,2,16,16,6,24,8,16,24
52201469,52201477,2,3,16,8,48,8,32,12,24
52209029,52209037,4,2,16,8,16,4,16,16,144
52230389,52230397,2,3,16,4,96,8,8,16,24
52253429,52253437,2,2,16,8,32,12,16,16,24
52257389,52257397,2,3,16,8,40,12,32,8,24
52265189,52265197,6,3,16,16,32,8,8,4,24
52296989,52296997,2,4,16,4,48,12,8,8,24
52307789,52307797,2,2,16,4,40,24,24,4,48
52311029,52311037,2,5,16,4,8,12,4,16,12
52320269,52320277,5,3,16,6,20,8,4,24,24
52349789,52349797,4,2,16,16,24,8,16,8,36
52361129,52361137,6,4,16,8,6,32,8,4,30
52367789,52367797,6,2,16,8,20,16,16,4,60
52368629,52368637,5,3,16,8,8,16,4,16,96
52370069,52370077,6,4,16,8,8,36,8,6,48
52372469,52372477,2,3,16,4,16,8,48,12,72
52380869,52380877,2,2,16,4,16,24,40,8,48
52395509,52395517,2,2,16,4,16,16,8,16,18
52400189,52400197,2,3,16,4,28,4,16,8,30
52402289,52402297,2,3,16,4,6,6,32,16,32
52404629,52404637,2,4,16,4,32,12,8,8,24
52416929,52416937,6,4,16,8,12,8,16,4,128
52421609,52421617,2,3,16,8,12,16,8,16,120
52447169,52447177,2,4,16,8,12,8,16,12,168
52468769,52468777,2,2,16,4,48,16,4,24,32
52493369,52493377,5,3,16,12,6,16,4,16,56
52500389,52500397,5,3,16,6,32,28,4,8,48
52505069,52505077,2,3,16,8,40,12,8,24,24
52517489,52517497,2,3,16,8,24,48,8,8,32
52540589,52540597,2,3,16,8,40,24,8,8,96
52578389,52578397,2,2,16,4,16,16,16,8,168
52582469,52582477,2,3,16,8,32,8,8,24,24
52597469,52597477,2,3,16,4,24,8,16,12,36
52616009,52616017,2,4,16,4,12,4,8,16,60
52628189,52628197,5,5,16,8,48,6,4,8,12
52651289,52651297,4,4,16,8,12,4,8,16,168
52657229,52657237,4,4,16,8,20,4,8,8,48
52657889,52657897,5,3,16,16,24,12,8,8,32
52672709,52672717,2,2,16,8,64,16,8,16,36
52709729,52709737,2,3,16,4,6,12,64,16,16
52739669,52739677,2,3,16,4,16,8,16,12,72
52740209,52740217,2,3,16,4,24,8,8,16,48
52750409,52750417,5,3,16,12,24,16,8,8,20
52762109,52762117,2,3,16,4,40,12,8,16,48
52769909,52769917,2,4,16,4,48,12,8,12,72
52788209,52788217,6,3,16,8,18,32,8,4,64
52821029,52821037,2,2,16,4,16,4,32,16,36
52822589,52822597,2,3,16,4,14,12,16,32,48
52823489,52823497,4,5,16,8,12,6,8,8,64
52855709,52855717,2,3,16,4,72,16,4,16,12
52890329,52890337,2,3,16,4,24,8,16,8,72
52894409,52894417,6,2,16,16,12,48,16,8,20
52908689,52908697,2,2,16,4,48,8,16,16,48
52910309,52910317,2,4,16,4,32,8,4,8,18
52936229,52936237,2,3,16,4,32,32,8,8,18
52962509,52962517,2,3,16,4,20,8,64,4,18
53004089,53004097,3,3,16,16,6,8,32,8,84
53021489,53021497,2,4,16,4,6,16,8,8,64
53025509,53025517,4,3,16,32,8,4,16,8,72
53051189,53051197,2,3,16,4,32,40,8,8,24
53051429,53051437,2,3,16,4,32,8,16,8,60
53063609,53063617,2,4,16,4,12,32,4,8,28
53072069,53072077,2,4,16,8,8,12,32,24,12
53072969,53072977,5,4,16,16,12,12,4,12,40
53091029,53091037,2,2,16,8,16,8,24,16,18
53096429,53096437,2,2,16,4,20,16,4,32,18
53097269,53097277,5,5,16,8,8,12,4,24,12
53108129,53108137,2,2,16,4,48,16,4,32,96
53116409,53116417,2,2,16,4,12,16,16,16,60
53117489,53117497,5,4,16,8,6,16,4,4,96
53131709,53131717,2,2,16,4,28,8,32,32,36
53139809,53139817,2,3,16,4,18,8,48,8,24
53141189,53141197,2,3,16,4,64,24,8,16,12
53148209,53148217,2,3,16,4,24,24,8,8,64
53158109,53158117,5,3,16,8,24,10,4,16,48
53168729,53168737,5,4,16,12,18,12,8,8,48
53174489,53174497,2,4,16,4,12,12,4,16,24
53178869,53178877,2,1,16,4,32,16,16,32,24
53195369,53195377,2,4,16,4,6,48,4,8,80
53199569,53199577,2,3,16,4,24,8,8,48,48
53209469,53209477,2,3,16,4,32,8,8,24,36
53224169,53224177,5,4,16,16,12,6,4,12,40
53234669,53234677,2,4,16,4,10,8,8,48,90
53268329,53268337,2,5,16,4,12,4,8,4,60
53274929,53274937,4,4,16,8,12,6,8,16,192
53276009,53276017,1,0,16,16,24,24,16,16,40
53286809,53286817,2,4,16,4,12,6,48,4,48
53304989,53304997,2,3,16,4,48,48,8,4,48
53321369,53321377,2,2,16,4,48,24,8,16,48
53337209,53337217,3,3,16,16,6,12,16,8,32
53345309,53345317,2,4,16,4,24,12,16,4,12
53346569,53346577,2,3,16,4,6,32,16,12,40
53358989,53358997,2,4,16,6,20,10,16,8,12
53360309,53360317,2,4,16,4,8,8,24,4,24
53374829,53374837,5,5,16,8,80,6,4,8,12
53394689,53394697,5,2,16,16,24,16,8,8,24
53397389,53397397,6,3,16,8,20,8,16,4,72
53414429,53414437,6,4,16,8,12,18,8,4,36
53414489,53414497,5,2,16,16,12,16,8,16,36
53418569,53418577,2,3,16,4,12,48,8,18,40
53453369,53453377,2,2,16,4,24,4,16,16,42
53455529,53455537,4,1,16,16,24,4,16,16,120
53466089,53466097,3,2,16,16,6,12,16,16,20
53476889,53476897,4,2,16,8,24,6,16,16,96
53479409,53479417,2,2,16,4,24,16,16,8,128
53487509,53487517,5,3,16,16,64,16,4,4,12
53488829,53488837,2,3,16,4,28,4,16,4,30
53504309,53504317,2,4,16,4,16,4,8,4,36
53505929,53505937,2,3,16,4,24,8,8,16,120
53508569,53508577,2,3,16,4,24,16,8,12,48
53542109,53542117,4,2,16,8,96,4,16,24,36
53570669,53570677,5,2,16,24,40,16,4,12,24
53620409,53620417,2,4,16,4,6,48,8,8,84
53626709,53626717,2,3,16,4,16,32,8,8,108
53629769,53629777,6,3,16,8,24,16,8,6,50
53668469,53668477,1,0,16,16,64,32,16,36,36
53672789,53672797,4,3,16,12,32,4,16,8,72
53676509,53676517,2,2,16,6,24,48,16,8,24
53683709,53683717,2,3,16,4,20,6,24,4,24
53712569,53712577,4,3,16,8,12,4,16,36,42
53715029,53715037,5,3,16,8,32,24,4,8,48
53716829,53716837,5,4,16,16,24,12,4,8,12
53720129,53720137,2,3,16,8,12,16,16,8,48
53722469,53722477,6,4,16,8,8,24,8,6,36
53739869,53739877,5,4,16,8,12,48,4,16,12
53748689,53748697,2,4,16,4,12,6,8,32,64
53774309,53774317,2,4,16,8,8,8,8,24,18
53774789,53774797,6,3,16,16,8,16,16,4,12
53775209,53775217,2,5,16,4,6,8,4,8,120
53787989,53787997,2,4,16,4,8,16,8,4,48
53830289,53830297,2,3,16,4,12,16,32,4,144
53842889,53842897,2,4,16,4,6,24,8,4,30
53849189,53849197,4,3,16,8,16,4,8,16,36
53863169,53863177,2,3,16,4,12,36,16,12,128
53879729,53879737,5,1,16,16,24,18,4,24,64
53885009,53885017,2,4,16,4,6,16,8,8,96
53886809,53886817,4,4,16,8,48,4,8,8,96
53900789,53900797,5,2,16,16,32,12,8,16,24
53905889,53905897,2,4,16,8,24,8,8,8,96
53951609,53951617,5,4,16,8,24,8,4,8,128
53958089,53958097,5,3,16,16,12,16,8,8,160
53975189,53975197,2,2,16,4,16,16,32,4,54
53978369,53978377,2,2,16,4,24,32,4,32,32
53991929,53991937,2,5,16,4,12,4,8,8,60
53999969,53999977,2,3,16,4,24,32,8,12,64
54003629,54003637,5,3,16,12,20,8,4,16,18
54010829,54010837,5,3,16,16,20,8,4,8,144
54013529,54013537,6,4,16,8,12,24,8,4,36
54018389,54018397,2,2,16,4,16,24,16,8,18
54023009,54023017,5,4,16,8,12,24,4,4,64
54037769,54037777,2,3,16,4,6,20,32,12,40
54057209,54057217,5,3,16,12,24,20,8,8,72
54064469,54064477,6,3,16,8,32,8,16,6,48
54074729,54074737,2,3,16,4,6,4,48,16,160
54077909,54077917,6,3,16,8,16,24,32,4,12
54087269,54087277,5,4,16,16,8,12,4,12,24
54100589,54100597,2,4,16,4,80,12,4,8,48
54104909,54104917,2,3,16,8,40,12,16,8,48
54110369,54110377,4,4,16,8,6,4,8,64,64
54118409,54118417,2,4,16,4,24,6,8,8,40
54180509,54180517,6,3,16,8,24,12,16,4,96
54189389,54189397,2,2,16,4,20,4,24,16,18
54191369,54191377,2,3,16,6,24,8,8,16,160
54196529,54196537,2,3,16,4,12,24,32,8,32
54208229,54208237,2,4,16,8,32,24,8,8,12
54218909,54218917,2,3,16,4,96,16,4,8,48
54249809,54249817,6,4,16,12,6,6,16,4,16
54266609,54266617,2,3,16,4,12,4,16,16,96
54321689,54321697,2,5,16,4,6,8,12,4,144
54327989,54327997,2,2,16,4,16,16,16,8,84
54340709,54340717,2,2,16,4,16,40,4,16,24
54342389,54342397,2,3,16,4,16,16,8,4,36
54354569,54354577,2,3,16,4,12,72,8,24,80
54366989,54366997,2,3,16,4,20,6,24,8,24
54382469,54382477,3,3,16,16,8,12,8,24,24
54396569,54396577,5,4,16,8,12,16,4,12,192
54419069,54419077,2,2,16,8,16,8,16,24,36
54420329,54420337,4,3,16,12,48,8,8,16,60
54445289,54445297,2,5,16,4,12,12,8,4,40
54447629,54447637,2,2,16,8,20,10,16,16,24
54455969,54455977,3,4,16,8,6,32,8,12,80
54461909,54461917,6,3,16,8,8,16,16,4,48
54471089,54471097,2,3,16,4,24,4,8,24,32
54474689,54474697,2,3,16,8,12,32,8,16,24
54475229,54475237,2,2,16,4,48,16,16,4,36
54494669,54494677,6,2,16,8,40,16,32,6,18
54515309,54515317,2,3,16,4,10,48,32,4,24
54544829,54544837,6,4,16,8,14,20,16,4,12
54548309,54548317,2,3,16,4,32,8,4,16,60
54571889,54571897,2,3,16,8,12,8,16,32,24
54581789,54581797,2,3,16,8,24,16,8,8,48
54590369,54590377,4,4,16,8,12,6,8,32,16
54605129,54605137,2,3,16,4,6,24,8,16,40
54615629,54615637,2,3,16,4,20,16,8,4,18
54615809,54615817,2,3,16,8,12,32,8,16,64
54629969,54629977,3,5,16,8,6,6,8,6,64
54635429,54635437,2,4,16,4,16,8,8,4,18
54718889,54718897,3,4,16,8,6,12,8,32,80
54731129,54731137,6,3,16,32,6,28,8,4,32
54755489,54755497,5,3,16,16,24,12,8,8,48
54771329,54771337,4,4,16,8,48,4,8,4,64
54805469,54805477,5,4,16,6,24,12,4,12,96
54809969,54809977,2,2,16,4,48,24,8,18,32
54813809,54813817,4,2,16,16,12,8,32,16,48
54843629,54843637,2,2,16,4,40,24,8,32,24
54875129,54875137,2,2,16,4,24,24,8,32,44
54888689,54888697,2,4,16,8,12,8,16,8,48
54900869,54900877,2,3,16,4,32,12,12,16,24
54906329,54906337,2,2,16,4,24,16,8,16,144
54906689,54906697,4,5,16,8,6,4,8,4,48
54910409,54910417,2,4,16,8,12,8,8,16,40
54912029,54912037,2,3,16,4,48,64,4,4,24
54922169,54922177,5,2,16,8,24,16,4,48,84
54930389,54930397,2,2,16,4,16,48,16,8,48
54933089,54933097,2,3,16,4,24,16,4,8,16
54938189,54938197,4,2,16,32,20,4,16,8,96
54941069,54941077,2,3,16,4,40,16,4,12,72
54944069,54944077,5,4,16,8,16,12,4,12,24
54953609,54953617,2,3,16,8,24,64,8,8,20
54959789,54959797,2,3,16,4,20,16,4,8,36
54976289,54976297,2,1,16,4,24,16,16,16,32
54989309,54989317,2,4,16,4,80,4,8,4,36
54999569,54999577,2,2,16,4,6,32,16,18,24
55001669,55001677,2,4,16,8,32,10,32,12,12
55011029,55011037,6,2,16,8,32,48,16,4,24
55012109,55012117,6,4,16,8,20,24,8,4,12
55031909,55031917,2,2,16,4,16,32,16,4,48
55039289,55039297,2,3,16,8,48,12,8,16,56
55041809,55041817,5,4,16,6,24,12,4,4,32
55044389,55044397,2,2,16,4,16,8,16,24,72
55066709,55066717,2,2,16,4,16,32,8,32,72
55091489,55091497,2,3,16,8,18,12,8,16,16
55093469,55093477,2,3,16,4,48,16,8,12,24
55100729,55100737,2,3,16,8,24,32,8,8,98
55107929,55107937,6,2,16,16,24,8,16,4,144
55131269,55131277,6,3,16,8,48,10,16,6,24
55138289,55138297,5,3,16,8,24,48,4,4,16
55141409,55141417,2,4,16,4,24,4,8,12,48
55226309,55226317,2,2,16,8,32,16,32,8,24
55228169,55228177,2,2,16,4,12,64,32,24,40
55241609,55241617,2,4,16,4,6,12,4,16,20
55271309,55271317,2,3,16,4,10,6,24,32,24
55274069,55274077,5,3,16,8,32,16,4,6,120
55278329,55278337,2,2,16,4,48,24,16,8,72
55304789,55304797,2,2,16,4,16,6,16,32,24
55306829,55306837,2,3,16,4,20,8,16,8,72
55314029,55314037,2,2,16,4,20,8,32,32,24
55324589,55324597,2,2,16,8,10,16,16,16,48
55334189,55334197,4,3,16,8,20,4,32,8,18
55367489,55367497,2,3,16,4,6,16,16,4,64
55368029,55368037,2,3,16,4,24,32,8,8,36
55371629,55371637,2,3,16,4,20,4,8,16,18
55378229,55378237,2,4,16,8,48,12,8,8,24
55383869,55383877,2,2,16,4,28,4,32,32,18
55384169,55384177,2,3,16,4,12,24,4,24,40
55405409,55405417,2,3,16,4,6,24,16,8,48
55435829,55435837,2,4,16,4,8,12,8,32,24
55443209,55443217,2,2,16,8,24,24,8,16,40
55447409,55447417,3,3,16,8,6,16,32,8,80
55449689,55449697,5,4,16,8,12,12,4,16,24
55456529,55456537,2,3,16,4,12,48,24,8,16
55458509,55458517,2,3,16,8,10,40,8,16,48
55464809,55464817,2,3,16,4,24,12,4,16,80
55479989,55479997,5,5,16,8,8,8,4,8,108
55489289,55489297,6,2,16,24,12,28,32,8,40
55502669,55502677,5,4,16,8,20,8,4,12,36
55504769,55504777,2,3,16,4,12,24,16,12,32
55510409,55510417,2,5,16,4,12,8,8,4,90
55538129,55538137,2,3,16,4,36,16,8,4,112
55550309,55550317,2,3,16,4,16,64,8,4,24
55556069,55556077,4,4,16,8,32,6,8,6,48
55557209,55557217,2,4,16,4,12,8,32,8,288
55589189,55589197,2,3,16,8,8,32,16,8,48
55607429,55607437,2,4,16,4,8,16,8,8,18
55623569,55623577,2,3,16,4,24,6,4,36,32
55631189,55631197,5,4,16,16,8,8,4,4,18
55680809,55680817,2,3,16,8,36,12,32,8,40
55683569,55683577,2,4,16,4,12,8,8,24,96
55697969,55697977,6,4,16,16,12,8,8,6,32
55720289,55720297,2,3,16,4,12,16,16,8,48
55731209,55731217,2,2,16,4,12,16,32,16,40
55734089,55734097,2,4,16,4,12,6,16,4,40
55775189,55775197,2,3,16,8,48,8,8,16,24
55779809,55779817,5,3,16,8,12,16,4,32,16
55802909,55802917,4,2,16,8,48,4,16,24,36
55807589,55807597,5,2,16,16,16,16,4,8,48
55815989,55815997,6,1,16,16,32,16,16,4,96
55845029,55845037,2,4,16,4,8,4,64,8,108
55847009,55847017,5,4,16,8,24,8,4,12,32
55849109,55849117,2,1,16,4,16,24,16,16,24
55866809,55866817,6,4,16,64,12,12,8,4,84
55875569,55875577,2,4,16,8,12,24,8,12,64
55891229,55891237,6,4,16,12,12,24,8,4,96
55900829,55900837,2,1,16,8,48,16,16,16,36
55910489,55910497,5,1,16,16,48,20,8,24,48
55913609,55913617,2,3,16,4,12,16,8,16,90
55918229,55918237,2,2,16,4,16,24,8,16,48
55926509,55926517,2,4,16,8,20,12,16,8,12
55927769,55927777,2,3,16,4,24,96,8,12,48
55932509,55932517,2,3,16,4,12,32,32,4,36
55933589,55933597,2,2,16,8,48,16,24,8,18
55965269,55965277,2,2,16,4,16,32,8,24,48
55966289,55966297,2,4,16,4,6,6,4,48,16
55970429,55970437,2,2,16,8,32,14,24,16,48
55978709,55978717,2,2,16,8,32,24,12,24,24
55986089,55986097,2,3,16,4,6,16,8,24,40
55990229,55990237,3,2,16,16,8,24,8,16,24
55993829,55993837,2,2,16,4,32,24,16,8,24
56045369,56045377,2,4,16,4,6,4,32,8,42
56049269,56049277,2,3,16,4,16,16,4,24,12
56057069,56057077,5,4,16,8,60,8,4,12,48
56071229,56071237,5,3,16,8,56,12,4,32,48
56075969,56075977,2,4,16,4,24,8,4,12,80
56082209,56082217,2,3,16,4,6,24,8,32,32
56082569,56082577,2,3,16,4,24,24,8,12,40
56082989,56082997,2,3,16,4,20,12,16,4,24
56101469,56101477,4,3,16,8,72,6,16,24,12
56127809,56127817,2,2,16,4,24,16,16,8,80
56127989,56127997,4,3,16,8,16,4,8,32,36
56163389,56163397,2,2,16,4,28,72,8,16,24
56171669,56171677,2,2,16,4,16,6,32,24,48
56172629,56172637,2,2,16,4,16,16,16,4,48
56184509,56184517,2,3,16,4,14,32,8,16,36
56239709,56239717,5,4,16,12,12,6,4,32,24
56245169,56245177,2,3,16,4,24,4,8,24,48
56276789,56276797,6,2,16,16,32,12,24,8,48
56279309,56279317,6,2,16,16,20,8,32,4,48
56298929,56298937,2,3,16,4,12,6,24,32,32
56305229,56305237,2,3,16,4,20,8,8,16,48
56308529,56308537,2,5,16,4,12,8,8,4,48
56312309,56312317,2,1,16,12,32,16,16,16,36
56325629,56325637,2,3,16,4,80,32,8,4,72
56331689,56331697,2,4,16,8,12,40,8,8,40
56334989,56334997,2,2,16,4,40,16,16,8,18
56352089,56352097,6,3,16,8,24,32,8,4,72
56352929,56352937,3,3,16,8,6,48,16,8,32
56385509,56385517,2,3,16,8,32,24,8,8,36
56389889,56389897,6,2,16,12,18,16,16,8,24
56399009,56399017,3,3,16,8,6,96,16,8,16
56400689,56400697,2,3,16,8,48,8,8,16,192
56416109,56416117,5,4,16,8,20,12,4,32,12
56424209,56424217,2,3,16,4,24,12,32,8,64
56425289,56425297,2,4,16,4,48,6,8,8,40
56425469,56425477,2,1,16,4,22,24,32,24,24
56435429,56435437,2,2,16,8,16,8,64,16,36
56445989,56445997,6,4,16,12,8,6,16,4,24
56461169,56461177,3,3,16,8,6,16,16,6,24
56477669,56477677,2,3,16,8,32,24,16,12,12
56498789,56498797,2,3,16,4,32,8,32,8,60
56530769,56530777,2,2,16,4,6,24,16,24,64
56536889,56536897,2,3,16,4,12,16,32,8,56
56537309,56537317,2,3,16,4,96,16,8,4,36
56549189,56549197,2,2,16,4,16,16,16,8,72
56557289,56557297,6,3,16,16,12,16,8,4,30
56558309,56558317,6,2,16,16,16,12,16,8,24
56566589,56566597,2,3,16,8,28,20,16,8,12
56571989,56571997,2,4,16,4,8,16,4,4,48
56578289,56578297,5,2,16,24,12,24,8,32,32
56579729,56579737,2,5,16,8,12,12,8,8,32
56585909,56585917,4,3,16,12,32,8,64,8,36
56597069,56597077,2,3,16,8,40,16,8,12,24
56600969,56600977,2,3,16,8,48,72,8,12,80
56602289,56602297,2,3,16,4,12,16,16,8,48
56620769,56620777,2,2,16,4,24,24,24,6,32
56653889,56653897,4,4,16,8,12,6,48,8,96
56669369,56669377,3,4,16,8,6,6,8,20,28
56670329,56670337,2,4,16,4,12,8,16,8,48
56685809,56685817,4,5,16,12,12,8,8,8,96
56703389,56703397,2,5,16,4,12,12,8,16,12
56708489,56708497,6,4,16,8,6,8,16,4,60
56723969,56723977,2,4,16,8,12,8,8,48,48
56757269,56757277,4,4,16,8,32,4,8,12,72
56766089,56766097,6,4,16,8,12,8,32,4,50
56775209,56775217,2,4,16,4,18,12,8,8,20
56784989,56784997,2,3,16,4,48,8,16,8,48
56785709,56785717,2,4,16,4,80,8,8,8,72
56795729,56795737,6,3,16,8,24,18,8,4,16
56802929,56802937,2,3,16,4,12,24,4,16,16
56804009,56804017,5,2,16,8,24,24,4,16,40
56837489,56837497,2,2,16,4,12,24,32,16,16
56839889,56839897,2,1,16,8,24,16,16,16,24
56843789,56843797,2,4,16,4,20,6,32,8,12
56850509,56850517,2,3,16,4,20,4,8,16,36
56860709,56860717,5,3,16,8,16,24,4,8,48
56866889,56866897,6,5,16,6,12,8,8,4,60
56868809,56868817,2,4,16,4,72,6,4,8,20
56880029,56880037,2,2,16,4,24,32,16,8,24
56897429,56897437,2,1,16,4,16,24,16,16,24
56902829,56902837,2,3,16,4,40,12,16,8,24
56912069,56912077,2,3,16,4,32,8,16,12,36
56915129,56915137,5,2,16,16,12,48,8,16,70
56916869,56916877,2,3,16,4,16,24,8,20,12
56917109,56917117,6,4,16,8,32,8,8,4,36
56922269,56922277,5,3,16,12,72,24,8,12,24
56964209,56964217,2,2,16,4,18,12,16,48,32
56975969,56975977,3,4,16,8,6,8,8,18,48
56994269,56994277,2,1,16,4,24,20,16,24,24
57043829,57043837,2,4,16,4,8,64,8,8,18
57054089,57054097,5,4,16,6,12,24,4,8,120
57073889,57073897,6,5,16,8,6,8,8,4,192
57078569,57078577,5,3,16,24,12,16,8,12,30
57103889,57103897,2,4,16,8,12,64,8,8,32
57104609,57104617,2,3,16,4,12,6,32,16,64
57125009,57125017,2,3,16,4,24,16,4,8,48
57134009,57134017,2,4,16,4,12,4,16,4,42
57135569,57135577,2,2,16,4,24,24,4,24,32
57144929,57144937,2,2,16,4,24,10,16,16,32
57145469,57145477,2,3,16,4,32,32,4,12,24
57149129,57149137,3,2,16,16,6,16,16,8,120
57159929,57159937,2,3,16,4,12,8,16,16,54
57180209,57180217,2,4,16,4,12,12,32,8,32
57191429,57191437,2,2,16,4,16,32,8,16,36
57201329,57201337,3,4,16,8,6,16,8,8,64
57213209,57213217,5,4,16,16,12,8,4,4,60
57216989,57216997,2,3,16,8,48,8,8,16,48
57232289,57232297,2,3,16,4,24,8,32,8,96
57241229,57241237,2,5,16,4,10,12,4,8,48
57269669,57269677,2,3,16,4,8,40,32,12,24
57276389,57276397,2,1,16,8,32,16,24,16,30
57281429,57281437,2,2,16,4,64,16,16,8,36
57298529,57298537,2,2,16,4,12,16,16,16,32
57303569,57303577,2,3,16,4,12,16,8,24,48
57317789,57317797,2,2,16,8,48,8,16,16,72
57339509,57339517,6,3,16,8,16,48,8,4,24
57356609,57356617,6,3,16,16,12,8,16,4,16
57398189,57398197,2,2,16,4,40,16,16,8,24
57403109,57403117,4,3,16,6,32,4,8,16,36
57406529,57406537,4,4,16,8,6,4,8,32,128
57411569,57411577,3,3,16,16,6,8,16,12,24
57423929,57423937,2,4,16,4,6,36,4,8,56
57431369,57431377,2,2,16,4,24,4,32,16,80
57436229,57436237,2,3,16,4,24,8,16,4,96
57441269,57441277,2,4,16,4,32,8,8,12,36
57444329,57444337,2,2,16,8,24,8,16,16,80
57456389,57456397,2,3,16,4,64,8,4,16,72
57468269,57468277,6,4,16,16,10,8,8,6,18
57468989,57468997,6,3,16,8,56,8,16,4,144
57482969,57482977,2,3,16,8,12,16,16,12,48
57497969,57497977,6,4,16,8,18,8,8,6,48
57505709,57505717,2,3,16,4,20,16,12,4,18
57520289,57520297,2,2,16,4,24,8,16,32,72
57522209,57522217,2,3,16,8,24,24,8,8,16
57524009,57524017,2,2,16,6,48,20,8,16,40
57533009,57533017,2,3,16,4,12,24,32,8,16
57540389,57540397,5,4,16,8,32,12,4,8,24
57561989,57561997,2,3,16,4,8,24,16,4,24
57599609,57599617,5,3,16,8,24,16,4,4,64
57612809,57612817,2,4,16,4,6,8,8,32,80
57618929,57618937,2,2,16,4,24,16,4,16,48
57651689,57651697,5,3,16,8,48,16,4,4,80
57657569,57657577,6,2,16,8,24,24,16,6,32
57668069,57668077,4,4,16,8,64,4,8,12,36
57668189,57668197,2,3,16,8,24,40,16,8,12
57669869,57669877,2,4,16,4,20,8,4,8,72
57678329,57678337,4,2,16,12,24,8,16,16,60
57688529,57688537,2,4,16,8,12,36,8,8,16
57690389,57690397,4,2,16,8,16,4,16,24,36
57697589,57697597,6,3,16,8,16,16,8,4,60
57700589,57700597,2,5,16,4,10,24,8,8,12
57703889,57703897,5,2,16,8,24,32,4,16,96
57704369,57704377,2,2,16,4,24,8,48,20,16
57730289,57730297,2,3,16,4,6,16,8,32,64
57735389,57735397,4,4,16,8,144,4,8,8,48
57736829,57736837,2,2,16,8,16,16,8,16,18
57740369,57740377,2,3,16,6,12,48,8,48,32
57751769,57751777,5,3,16,16,12,16,4,12,72
57768629,57768637,2,3,16,4,8,24,16,16,12
57775169,57775177,2,3,16,4,96,8,16,12,48
57776969,57776977,2,4,16,4,24,4,4,6,100
57782909,57782917,2,2,16,4,32,4,16,16,48
57787889,57787897,4,3,16,8,12,6,16,32,32
57794609,57794617,4,4,16,16,6,4,4,4,48
57812609,57812617,2,3,16,8,48,8,8,16,112
57817769,57817777,3,4,16,8,6,24,8,6,40
57820709,57820717,2,3,16,4,16,8,16,4,60
57840329,57840337,4,3,16,12,48,4,4,24,30
57847109,57847117,4,1,16,16,16,12,16,16,48
57854189,57854197,2,3,16,4,40,4,4,16,48
57856829,57856837,2,2,16,8,28,12,16,16,24
57874889,57874897,2,4,16,4,12,8,32,12,30
57918989,57918997,6,1,16,16,20,32,16,8,24
57924029,57924037,2,1,16,6,28,16,16,16,36
57936089,57936097,2,4,16,4,24,8,8,8,36
57941489,57941497,2,3,16,4,24,4,8,16,24
57957629,57957637,6,2,16,16,18,16,8,4,48
57985229,57985237,2,2,16,8,20,8,16,16,18
57988409,57988417,2,2,16,8,24,48,16,8,56
58013309,58013317,2,4,16,8,32,8,12,8,36
58016729,58016737,2,2,16,4,12,16,16,16,96
58023509,58023517,5,1,16,32,16,16,4,16,24
58041869,58041877,2,3,16,4,60,16,8,10,48
58065269,58065277,5,3,16,8,16,48,4,12,24
58065509,58065517,4,2,16,16,32,8,16,8,18
58068929,58068937,2,3,16,4,12,16,16,8,24
58098269,58098277,4,3,16,36,24,8,8,12,96
58102529,58102537,2,2,16,4,24,6,24,16,32
58106669,58106677,6,1,16,16,40,16,24,12,48
58110509,58110517,2,3,16,4,40,8,32,4,72
58128869,58128877,2,2,16,4,8,16,16,32,72
58129769,58129777,2,3,16,8,24,8,8,48,30
58137509,58137517,2,3,16,8,16,8,16,8,36
58158509,58158517,2,2,16,4,10,64,24,16,48
58165529,58165537,2,4,16,4,12,10,16,4,192
58179089,58179097,2,3,16,4,12,16,8,24,48
58181069,58181077,2,3,16,4,20,16,8,6,72
58188989,58188997,2,4,16,4,14,16,12,8,48
58198169,58198177,2,3,16,4,12,32,16,12,60
58203689,58203697,3,5,16,8,6,12,8,8,40
58213409,58213417,2,3,16,4,48,12,32,8,48
58216889,58216897,3,3,16,16,6,32,8,8,84
58222589,58222597,5,3,16,16,24,48,4,4,12
58232189,58232197,5,3,16,16,32,8,4,8,60
58237169,58237177,2,4,16,4,24,12,8,6,32
58264169,58264177,2,3,16,8,12,24,8,24,20
58285229,58285237,6,4,16,12,20,6,8,4,24
58288829,58288837,2,2,16,4,42,24,8,32,24
58295129,58295137,2,4,16,4,12,80,8,8,48
58318529,58318537,2,2,16,4,12,48,16,16,32
58336169,58336177,2,3,16,4,12,32,8,24,40
58362089,58362097,2,2,16,8,24,16,32,8,40
58363589,58363597,5,4,16,8,48,8,4,4,36
58367909,58367917,4,4,16,8,8,4,16,8,36
58381769,58381777,2,2,16,8,12,16,48,24,80
58391309,58391317,5,3,16,8,40,16,4,8,36
58395209,58395217,2,5,16,6,12,12,8,8,40
58401029,58401037,2,3,16,4,16,4,8,32,36
58418609,58418617,2,1,16,4,24,48,16,16,32
58425329,58425337,4,2,16,16,24,4,24,8,48
58431089,58431097,2,3,16,4,6,16,8,16,48
58441289,58441297,2,2,16,6,24,36,8,16,40
58451069,58451077,2,3,16,6,16,16,8,6,54
58482509,58482517,2,2,16,4,20,16,8,32,48
58517309,58517317,2,2,16,4,28,16,4,16,144
58522829,58522837,2,5,16,4,10,24,8,8,12
58536689,58536697,2,4,16,4,12,6,8,32,32
58543889,58543897,2,3,16,4,24,6,8,16,32
58547729,58547737,2,5,16,4,6,4,8,4,96
58554689,58554697,6,3,16,24,12,12,32,8,32
58561589,58561597,4,4,16,8,8,4,32,4,24
58565189,58565197,4,3,16,8,40,4,8,16,36
58576109,58576117,2,4,16,4,40,12,16,8,12
58591229,58591237,2,2,16,8,96,12,16,16,24
58594889,58594897,2,4,16,4,48,8,8,4,60
58599329,58599337,5,2,16,32,36,24,4,4,16
58615889,58615897,2,3,16,4,12,40,4,16,64
58628369,58628377,2,3,16,4,36,8,8,32,96
58676789,58676797,2,2,16,4,16,16,16,8,36
58678709,58678717,6,4,16,16,8,12,8,4,24
58681409,58681417,2,2,16,8,12,24,32,32,32
58706489,58706497,4,3,16,8,24,4,32,4,42
58710929,58710937,2,2,16,8,24,8,24,16,32
58727489,58727497,2,4,16,4,12,12,32,4,32
58735769,58735777,2,5,16,4,6,12,4,12,48
58739909,58739917,2,3,16,4,64,24,8,8,48
58750529,58750537,2,4,16,4,12,24,4,8,32
58764989,58764997,5,2,16,8,56,16,4,16,72
58795409,58795417,2,3,16,4,48,4,8,16,32
58827029,58827037,2,3,16,4,32,32,16,8,12
58828829,58828837,2,3,16,4,12,24,16,8,48
58842569,58842577,2,5,16,4,6,8,8,12,180
58862729,58862737,2,5,16,8,12,8,8,8,30
58865789,58865797,2,3,16,4,32,16,8,12,72
58875689,58875697,2,5,16,4,12,8,4,8,180
58882289,58882297,2,3,16,4,24,24,8,8,64
58884509,58884517,2,2,16,8,24,8,16,32,48
58891709,58891717,2,4,16,4,28,4,8,8,144
58904129,58904137,6,4,16,12,12,16,8,4,24
58910009,58910017,2,2,16,4,24,24,8,16,56
58913069,58913077,4,2,16,8,20,6,32,24,24
58921229,58921237,2,3,16,4,10,8,16,32,48
58922309,58922317,2,3,16,8,8,8,16,16,60
58922789,58922797,2,2,16,4,16,12,24,16,24
58940129,58940137,2,4,16,4,12,8,16,4,48
59011409,59011417,2,4,16,4,12,4,64,4,80
59033669,59033677,2,3,16,4,16,24,8,12,48
59050769,59050777,5,4,16,8,12,6,4,48,32
59050829,59050837,5,5,16,6,10,8,4,4,96
59071469,59071477,2,3,16,4,20,12,24,24,12
59104469,59104477,2,3,16,4,16,8,32,6,72
59108369,59108377,5,2,16,16,12,40,8,16,32
59142029,59142037,6,5,16,8,10,6,16,4,12
59144069,59144077,4,2,16,16,32,8,36,12,36
59157029,59157037,5,3,16,8,32,8,4,32,18
59172689,59172697,2,3,16,4,12,16,24,4,48
59178809,59178817,2,4,16,4,48,4,8,8,112
59179709,59179717,2,3,16,4,14,32,32,8,18
59231729,59231737,5,3,16,8,24,16,4,4,48
59236409,59236417,2,1,16,8,24,24,16,32,42
59300609,59300617,2,2,16,8,24,16,8,16,16
59310689,59310697,5,5,16,10,12,12,8,8,32
59322089,59322097,2,4,16,4,12,8,8,24,120
59339369,59339377,4,4,16,8,6,4,4,30,60
59360789,59360797,2,3,16,4,16,4,8,16,96
59367389,59367397,2,2,16,4,48,24,8,16,96
59396969,59396977,4,2,16,8,24,4,32,24,60
59402009,59402017,2,2,16,4,24,16,24,4,72
59417429,59417437,2,3,16,8,16,12,8,32,24
59434229,59434237,2,3,16,4,48,4,16,8,30
59434769,59434777,4,2,16,16,12,4,16,24,32
59449469,59449477,2,3,16,4,32,12,8,24,24
59491829,59491837,3,4,16,12,8,16,8,8,36
59493089,59493097,6,4,16,8,12,8,16,4,64
59503889,59503897,2,2,16,4,24,16,8,32,128
59533709,59533717,5,3,16,12,20,24,8,8,24
59536409,59536417,6,4,16,8,12,6,16,4,24
59564489,59564497,6,4,16,8,24,6,8,4,80
59597429,59597437,2,2,16,4,8,24,16,16,48
59606069,59606077,2,3,16,4,16,6,16,12,24
59612009,59612017,2,4,16,8,12,12,32,8,40
59630369,59630377,2,3,16,4,6,36,4,32,32
59636729,59636737,6,2,16,32,12,16,16,4,110
59646569,59646577,2,3,16,4,12,36,16,6,40
59647109,59647117,2,3,16,4,48,24,8,8,24
59647529,59647537,2,3,16,8,12,32,16,8,240
59656529,59656537,2,3,16,4,24,8,16,8,144
59656829,59656837,4,2,16,12,16,6,16,16,24
59662769,59662777,2,3,16,8,24,12,8,24,16
59664029,59664037,5,3,16,8,24,96,4,8,24
59673209,59673217,5,3,16,8,6,32,4,16,32
59673989,59673997,2,3,16,4,32,8,4,16,108
59677229,59677237,2,3,16,4,40,32,8,8,30
59690369,59690377,2,5,16,4,12,8,8,8,96
59705609,59705617,2,3,16,4,12,32,4,16,40
59709569,59709577,2,4,16,8,12,24,8,12,32
59714429,59714437,4,2,16,16,64,12,16,16,12
59714789,59714797,2,2,16,4,16,16,8,16,48
59729429,59729437,2,3,16,4,48,24,4,8,144
59760929,59760937,2,3,16,4,72,8,4,24,32
59775509,59775517,2,4,16,4,8,16,8,8,48
59786669,59786677,2,4,16,8,40,8,8,12,18
59830709,59830717,2,2,16,4,32,24,8,24,96
59844809,59844817,2,4,16,8,12,32,8,8,60
59844989,59844997,2,1,16,4,64,16,16,16,18
59850689,59850697,2,3,16,4,24,96,4,8,16
59854169,59854177,5,3,16,8,36,16,4,6,72
59873909,59873917,5,4,16,8,32,12,4,8,48
59874809,59874817,2,4,16,4,6,6,8,48,80
59890289,59890297,2,2,16,4,48,16,8,32,16
59900909,59900917,5,4,16,8,20,12,4,4,24
59904869,59904877,2,3,16,8,64,16,16,8,12
59926169,59926177,2,4,16,4,6,12,32,12,96
59989829,59989837,4,3,16,8,32,6,8,16,24
60028769,60028777,2,2,16,8,24,16,16,12,128
60028889,60028897,2,4,16,4,24,6,8,4,96
60046229,60046237,2,3,16,4,32,16,8,8,18
60062789,60062797,2,4,16,4,8,8,32,8,72
60083489,60083497,4,4,16,32,12,8,8,8,96
60088109,60088117,4,2,16,16,40,6,16,8,72
60114029,60114037,6,3,16,8,20,36,8,4,48
60117509,60117517,2,4,16,4,96,8,4,8,18
60120029,60120037,6,3,16,8,48,8,16,4,48
60123929,60123937,1,0,16,18,48,18,16,16,48
60124109,60124117,2,3,16,4,20,40,8,4,72
60143609,60143617,4,5,16,8,6,4,8,8,144
60150989,60150997,2,2,16,4,40,16,4,16,36
60151709,60151717,2,2,16,8,24,8,48,16,36
60157829,60157837,2,3,16,4,64,8,32,4,24
60175229,60175237,2,3,16,4,96,12,16,4,36
60185669,60185677,5,3,16,12,16,20,4,12,24
60201209,60201217,4,3,16,8,24,4,4,16,216
60207089,60207097,2,3,16,4,12,12,16,24,16
60231029,60231037,2,4,16,8,8,20,32,8,12
60266489,60266497,2,2,16,8,24,24,16,8,96
60273209,60273217,2,4,16,4,12,32,4,4,84
60279509,60279517,2,3,16,4,32,8,16,4,108
60312389,60312397,2,2,16,4,32,6,32,32,48
60316769,60316777,2,4,16,6,12,16,8,6,72
60321809,60321817,3,3,16,8,6,16,32,8,48
60330089,60330097,2,2,16,4,48,16,8,16,120
60358709,60358717,3,2,16,16,8,8,16,16,144
60390389,60390397,2,3,16,4,16,12,16,8,36
60401129,60401137,5,2,16,16,48,40,4,8,40
60422969,60422977,5,4,16,8,6,16,4,12,112
60458009,60458017,5,4,16,8,6,72,4,8,48
60458609,60458617,2,4,16,4,6,8,4,16,64
60475829,60475837,2,4,16,4,32,12,16,8,12
60488429,60488437,2,3,16,8,20,12,8,16,48
60489929,60489937,5,5,16,8,6,8,4,8,80
60496529,60496537,2,2,16,4,48,24,8,32,16
60497309,60497317,4,3,16,16,12,8,8,16,72
60524669,60524677,2,1,16,8,32,16,32,24,18
60525869,60525877,2,2,16,8,20,20,16,8,24
60531269,60531277,5,2,16,8,16,16,4,24,48
60545189,60545197,4,3,16,8,32,4,16,4,36
60562409,60562417,4,3,16,32,12,6,32,8,20
60591389,60591397,5,5,16,24,12,12,4,4,12
60600809,60600817,2,3,16,4,12,32,8,16,60
60606929,60606937,4,3,16,16,24,4,8,4,96
60619829,60619837,2,4,16,8,32,20,8,8,12
60626729,60626737,2,3,16,8,12,16,8,32,30
60632969,60632977,3,2,16,16,6,24,8,36,20
60647009,60647017,2,2,16,4,12,24,16,32,16
60650789,60650797,2,5,16,4,8,48,8,4,12
60652289,60652297,2,3,16,4,6,8,16,16,24
60670769,60670777,2,4,16,6,12,12,8,24,16
60731129,60731137,2,4,16,4,48,12,8,8,108
60737189,60737197,2,3,16,4,16,12,32,8,48
60743369,60743377,3,2,16,8,6,16,16,32,60
60764609,60764617,2,4,16,4,12,32,8,4,96
60764909,60764917,2,3,16,8,40,24,8,16,12
60769109,60769117,3,2,16,16,8,8,48,32,30
60778469,60778477,2,4,16,4,8,48,4,6,72
60783269,60783277,2,3,16,4,16,12,8,54,24
60802229,60802237,2,2,16,8,16,8,16,16,72
60818909,60818917,4,3,16,8,48,6,16,8,24
60820769,60820777,2,2,16,6,24,16,16,12,24
60828269,60828277,2,3,16,4,40,48,16,12,12
60834209,60834217,2,2,16,6,12,32,16,16,32
60836969,60836977,2,3,16,4,24,8,16,12,30
60840509,60840517,2,4,16,4,14,12,8,16,24
60846509,60846517,5,3,16,8,20,32,4,8,36
60894929,60894937,2,3,16,4,24,32,4,8,32
60905189,60905197,4,3,16,8,32,4,16,8,120
60915989,60915997,2,2,16,4,16,16,4,32,48
60921929,60921937,6,3,16,16,6,8,16,4,40
60947069,60947077,2,2,16,4,32,36,16,12,24
60959309,60959317,2,2,16,8,10,24,36,24,36
60967589,60967597,2,2,16,4,16,32,4,24,48
60975869,60975877,2,2,16,4,36,24,4,32,72
60978629,60978637,2,4,16,8,64,8,8,8,24
60980729,60980737,2,4,16,4,12,18,12,8,120
60982769,60982777,2,4,16,8,12,8,8,48,24
60998429,60998437,2,3,16,8,24,8,16,8,72
61014089,61014097,2,4,16,4,24,8,4,4,120
61026509,61026517,5,3,16,12,20,8,4,16,36
61054529,61054537,2,1,16,8,48,16,16,24,16
61128569,61128577,2,4,16,4,12,16,8,12,96
61134869,61134877,1,0,16,16,16,16,16,16,72
61178009,61178017,2,4,16,4,12,24,4,8,24
61188989,61188997,2,2,16,8,16,16,8,24,48
61207889,61207897,2,2,16,4,24,40,16,8,16
61224809,61224817,2,1,16,4,24,18,32,16,40
61230809,61230817,2,5,16,4,6,8,8,4,60
61266209,61266217,2,4,16,4,48,10,8,8,64
61270709,61270717,2,2,16,4,16,24,4,16,24
61290329,61290337,3,4,16,8,6,48,8,8,48
61294889,61294897,2,4,16,4,6,32,8,8,120
61299389,61299397,2,3,16,4,84,8,16,4,48
61306169,61306177,2,4,16,4,12,8,8,24,56
61309109,61309117,4,4,16,8,16,4,8,8,48
61312469,61312477,5,3,16,8,32,12,4,18,24
61315229,61315237,2,3,16,4,48,16,4,8,36
61325609,61325617,5,3,16,16,12,64,8,8,80
61370069,61370077,2,3,16,8,16,24,8,12,24
61383989,61383997,2,2,16,8,8,16,16,16,18
61398209,61398217,4,4,16,8,6,4,4,16,64
61411109,61411117,2,4,16,4,48,6,4,8,48
61419089,61419097,6,3,16,8,24,16,8,4,144
61426229,61426237,2,3,16,8,32,12,8,16,48
61426769,61426777,4,3,16,12,24,6,16,12,16
61436489,61436497,2,4,16,8,12,12,24,8,80
61439789,61439797,2,4,16,4,10,8,8,16,60
61440089,61440097,6,2,16,32,24,32,8,4,72
61440629,61440637,5,1,16,16,32,16,8,16,96
61472129,61472137,5,3,16,8,24,24,4,8,64
61484729,61484737,5,5,16,8,12,12,4,12,56
61514429,61514437,5,4,16,8,112,6,4,8,24
61524929,61524937,6,3,16,16,24,8,8,4,96
61575329,61575337,2,4,16,4,48,8,4,8,32
61590029,61590037,2,3,16,8,20,12,16,8,24
61642589,61642597,2,1,16,4,48,32,16,32,24
61692629,61692637,5,3,16,16,8,6,4,16,24
61710269,61710277,4,5,16,8,56,6,8,12,12
61727909,61727917,2,3,16,4,8,60,16,8,24
61739609,61739617,2,2,16,4,24,24,8,16,24
61760729,61760737,2,3,16,8,12,8,16,16,72
61761389,61761397,2,3,16,8,40,32,16,8,12
61764509,61764517,2,3,16,4,24,8,16,8,72
61806929,61806937,2,3,16,4,48,6,48,8,16
61810409,61810417,3,2,16,16,12,12,16,16,60
61812209,61812217,2,3,16,4,24,8,4,16,24
61813229,61813237,2,2,16,4,40,8,16,16,48
61824089,61824097,4,3,16,8,24,4,16,4,36
61835429,61835437,5,2,16,16,32,16,8,8,72
61861889,61861897,4,2,16,32,24,8,8,24,48
61874489,61874497,4,3,16,8,24,4,16,4,112
61883669,61883677,4,4,16,8,32,4,4,12,60
61907609,61907617,4,3,16,8,24,4,8,32,72
61911869,61911877,5,3,16,8,28,12,4,20,24
61912229,61912237,2,2,16,4,16,24,4,24,24
61914989,61914997,2,5,16,4,10,8,8,8,192
61927409,61927417,5,3,16,16,12,16,8,8,80
61957229,61957237,2,3,16,8,20,48,8,8,48
61964789,61964797,2,3,16,8,16,48,8,8,24
61971989,61971997,2,4,16,4,16,8,8,8,24
62000429,62000437,2,3,16,4,40,48,16,12,12
62001509,62001517,6,2,16,8,32,18,16,4,48
62017589,62017597,6,3,16,8,48,16,8,4,48
62048369,62048377,5,2,16,32,18,8,4,16,128
62050829,62050837,2,3,16,4,10,32,4,32,24
62052629,62052637,2,3,16,4,16,12,16,12,24
62062229,62062237,6,2,16,24,8,32,32,4,36
62091389,62091397,2,3,16,4,96,32,4,8,18
62094569,62094577,5,3,16,16,12,16,8,12,40
62109029,62109037,2,3,16,4,8,16,16,8,36
62112629,62112637,2,2,16,4,8,16,16,32,48
62151989,62151997,5,3,16,8,24,24,4,8,24
62168789,62168797,2,2,16,4,32,8,16,16,60
62174009,62174017,2,3,16,4,6,8,32,16,42
62183189,62183197,4,3,16,16,32,8,8,8,36
62197529,62197537,2,4,16,8,12,24,8,8,24
62203709,62203717,2,2,16,4,14,32,32,16,18
62211209,62211217,2,3,16,8,12,16,16,8,40
62228189,62228197,6,1,16,16,48,16,16,4,48
62246669,62246677,6,4,16,8,10,24,8,6,24
62270069,62270077,2,3,16,8,32,8,8,48,48
62273369,62273377,2,2,16,4,24,4,32,16,108
62312729,62312737,2,1,16,8,24,28,32,24,96
62317469,62317477,2,4,16,4,96,8,8,12,36
62324489,62324497,2,4,16,4,6,32,8,8,120
62333069,62333077,2,2,16,4,20,24,8,24,24
62335829,62335837,2,4,16,4,16,8,8,4,18
62354189,62354197,2,3,16,8,20,8,16,8,36
62369129,62369137,2,3,16,8,12,8,16,16,80
62377529,62377537,2,3,16,4,24,20,4,8,112
62388509,62388517,2,3,16,4,96,24,16,12,12
62400089,62400097,2,4,16,4,6,16,8,8,72
62406209,62406217,2,3,16,8,24,8,16,8,48
62412689,62412697,2,4,16,8,12,8,16,8,24
62427809,62427817,2,5,16,4,6,12,8,8,48
62438729,62438737,2,5,16,4,6,12,8,8,40
62439329,62439337,2,4,16,8,12,16,8,8,48
62446829,62446837,2,2,16,12,40,12,16,16,24
62480009,62480017,2,2,16,4,12,16,16,16,30
62489369,62489377,2,2,16,8,48,8,24,20,72
62496869,62496877,3,2,16,16,8,8,32,24,36
62515769,62515777,5,3,16,8,24,8,4,24,56
62553929,62553937,5,5,16,8,12,12,4,8,40
62567069,62567077,6,2,16,12,24,20,16,6,144
62574989,62574997,2,2,16,8,20,24,8,16,48
62587289,62587297,4,2,16,12,36,8,32,16,96
62593709,62593717,2,2,16,8,40,36,16,8,72
62637089,62637097,4,2,16,8,18,6,32,16,64
62637269,62637277,2,2,16,4,16,16,16,12,48
62667029,62667037,5,3,16,12,16,16,8,8,36
62669129,62669137,2,4,16,4,6,10,8,16,20
62685509,62685517,5,4,16,32,16,12,8,8,12
62694209,62694217,2,1,16,4,24,16,48,24,128
62698169,62698177,2,4,16,4,12,8,64,6,168
62710709,62710717,6,4,16,8,8,32,8,4,24
62714669,62714677,2,3,16,4,10,12,16,24,24
62715269,62715277,2,3,16,8,16,16,8,12,96
62717789,62717797,2,3,16,4,24,4,8,24,18
62727689,62727697,3,4,16,8,6,24,8,8,100
62758769,62758777,6,1,16,16,24,32,16,12,32
62762789,62762797,3,3,16,32,8,16,8,8,24
62772089,62772097,2,2,16,4,24,12,32,16,32
62789189,62789197,2,3,16,4,8,6,16,16,24
62791229,62791237,2,2,16,4,28,4,16,16,36
62801789,62801797,5,2,16,32,32,12,8,16,24
62805389,62805397,2,3,16,8,20,48,8,32,12
62809589,62809597,2,3,16,4,32,16,8,8,72
62837069,62837077,2,2,16,8,20,48,16,12,24
62842469,62842477,2,4,16,4,96,12,8,6,24
62843009,62843017,6,2,16,16,12,16,16,8,32
62850629,62850637,2,2,16,4,64,8,32,16,18
62855669,62855677,6,3,16,8,32,8,16,6,60
62860289,62860297,6,2,16,8,24,20,16,4,16
62873669,62873677,6,3,16,8,16,8,16,6,36
62903669,62903677,5,4,16,8,64,12,4,12,96
62961329,62961337,2,3,16,8,24,16,8,8,48
62967089,62967097,5,4,16,8,6,32,4,4,24
62979269,62979277,6,4,16,8,16,12,16,6,12
62980769,62980777,4,3,16,16,12,4,8,48,48
62992289,62992297,6,2,16,8,24,64,16,4,64
63003389,63003397,4,1,16,16,36,8,16,16,48
63006809,63006817,6,3,16,16,24,6,8,4,24
63011309,63011317,2,2,16,4,60,24,4,16,48
63012269,63012277,6,2,16,8,40,16,16,6,24
63049529,63049537,2,4,16,4,96,8,4,4,224
63077789,63077797,2,4,16,8,12,8,16,8,36
63086189,63086197,2,3,16,4,20,6,48,8,24
63092009,63092017,2,3,16,4,6,16,4,32,60
63094469,63094477,2,4,16,4,48,12,8,6,24
63095429,63095437,2,3,16,8,32,16,8,8,72
63102209,63102217,3,2,16,16,6,8,16,16,32
63114509,63114517,2,3,16,4,20,32,8,4,18
63129389,63129397,4,4,16,8,20,6,8,12,24
63131909,63131917,2,2,16,4,16,32,8,16,24
63140969,63140977,3,2,16,16,6,8,16,48,30
63150089,63150097,6,3,16,6,6,24,16,4,20
63162929,63162937,4,2,16,8,24,4,16,16,64
63171509,63171517,4,2,16,8,32,6,16,16,24
63174269,63174277,2,4,16,4,32,8,4,6,96
63175289,63175297,2,4,16,4,12,12,32,12,96
63183209,63183217,3,4,16,32,6,8,8,8,40
63185729,63185737,2,3,16,8,12,24,16,8,64
63191489,63191497,2,3,16,8,48,24,8,8,64
63200369,63200377,2,4,16,4,12,8,8,16,24
63207569,63207577,2,3,16,8,12,32,32,12,24
63231269,63231277,2,3,16,4,16,28,8,6,24
63237269,63237277,2,4,16,4,64,8,4,6,18
63247889,63247897,4,5,16,8,6,4,4,8,24
63250169,63250177,2,3,16,4,6,32,16,12,72
63258329,63258337,2,3,16,4,12,8,16,16,36
63291989,63291997,2,3,16,4,16,4,8,16,24
63304589,63304597,2,3,16,4,20,24,8,8,36
63317369,63317377,3,3,16,12,6,8,16,16,160
63331529,63331537,2,2,16,8,24,12,32,16,20
63347909,63347917,5,2,16,32,16,28,8,8,48
63357509,63357517,4,3,16,8,8,4,16,16,36
63377129,63377137,2,3,16,4,48,4,8,16,60
63396869,63396877,2,2,16,4,64,24,16,12,48
63442289,63442297,2,2,16,4,24,16,8,16,24
63456989,63456997,2,3,16,4,48,8,16,16,12
63469589,63469597,2,3,16,8,16,24,8,16,12
63470669,63470677,6,3,16,12,20,24,8,6,24
63471809,63471817,2,3,16,8,24,16,8,8,64
63478109,63478117,6,3,16,8,24,8,16,4,36
63494069,63494077,2,4,16,4,16,6,8,12,96
63511229,63511237,2,4,16,4,14,4,8,16,48
63517169,63517177,3,5,16,8,6,8,8,6,64
63539129,63539137,2,3,16,4,12,24,4,32,42
63549389,63549397,2,3,16,8,20,8,8,32,36
63566669,63566677,5,3,16,6,40,16,4,12,18
63582989,63582997,2,3,16,4,80,12,16,16,12
63600629,63600637,5,2,16,8,16,24,4,48,48
63606209,63606217,2,4,16,4,6,12,48,8,16
63609509,63609517,6,2,16,16,32,32,8,4,24
63616109,63616117,6,3,16,8,60,18,8,4,24
63626729,63626737,2,5,16,4,12,12,8,8,20
63640229,63640237,2,3,16,4,32,12,32,4,24
63693689,63693697,2,2,16,4,24,48,4,16,128
63697289,63697297,5,4,16,8,12,16,4,8,40
63761189,63761197,2,2,16,8,48,24,16,16,12
63768629,63768637,2,3,16,4,16,8,8,16,36
63770969,63770977,5,3,16,8,12,32,4,24,144
63775409,63775417,5,3,16,6,24,12,4,16,16
63798809,63798817,2,3,16,4,24,16,4,4,24
63832529,63832537,3,1,16,16,12,16,16,32,40
63840929,63840937,5,2,16,24,12,48,8,16,32
63844589,63844597,2,1,16,4,20,16,16,16,72
63854789,63854797,6,3,16,36,32,12,8,4,24
63870089,63870097,2,3,16,4,36,64,8,8,80
63870809,63870817,2,4,16,4,6,6,24,8,48
63931289,63931297,2,3,16,4,24,6,16,12,96
63937589,63937597,2,2,16,4,16,20,16,8,24
63953969,63953977,2,4,16,4,6,24,8,12,64
63960089,63960097,4,3,16,8,36,6,16,8,48
64002929,64002937,2,2,16,4,24,16,16,8,32
64022369,64022377,2,2,16,12,12,16,16,16,32
64027289,64027297,2,4,16,4,24,8,8,4,36
64030529,64030537,2,4,16,4,12,8,16,8,24
64032509,64032517,2,2,16,8,36,16,24,8,36
64071509,64071517,2,1,16,4,16,32,32,16,24
64075709,64075717,5,1,16,16,28,16,8,16,18
64088669,64088677,2,3,16,8,48,8,32,12,36
64094189,64094197,5,3,16,8,20,16,4,8,24
64128809,64128817,6,4,16,12,24,8,8,4,30
64130609,64130617,2,4,16,4,36,8,8,8,96
64139429,64139437,2,3,16,4,24,8,32,8,36
64144109,64144117,2,2,16,8,10,16,16,16,48
64145009,64145017,2,2,16,4,24,16,8,16,48
64151309,64151317,2,3,16,4,20,8,8,16,18
64161389,64161397,2,3,16,4,40,8,16,4,60
64163909,64163917,2,4,16,4,32,8,4,8,72
64181189,64181197,2,2,16,8,16,8,16,16,18
64205069,64205077,2,2,16,4,20,24,4,24,48
64206929,64206937,2,2,16,8,12,16,16,16,24
64208189,64208197,2,3,16,4,28,8,16,8,36
64210109,64210117,2,3,16,4,56,24,16,4,12
64215929,64215937,4,4,16,16,12,8,8,8,128
64217729,64217737,2,5,16,4,6,8,12,8,48
64222229,64222237,2,2,16,4,16,16,4,32,72
64224689,64224697,2,3,16,4,24,48,8,4,32
64229189,64229197,6,4,16,8,8,20,8,4,96
64230989,64230997,2,4,16,4,40,12,4,4,48
64233929,64233937,2,3,16,4,24,16,8,4,60
64260029,64260037,2,3,16,4,14,8,16,24,18
64262189,64262197,2,2,16,8,40,16,16,8,36
64265009,64265017,2,4,16,8,12,12,8,32,16
64266329,64266337,2,4,16,4,12,8,8,16,108
64283789,64283797,5,5,16,12,10,8,4,4,72
64294709,64294717,6,2,16,16,16,36,32,8,12
64297769,64297777,2,3,16,4,24,16,8,6,40
64324829,64324837,2,3,16,4,48,8,32,4,36
64341869,64341877,4,2,16,8,80,6,16,20,24
64349309,64349317,2,2,16,8,16,16,32,8,72
64375169,64375177,3,5,16,12,6,12,8,12,16
64380089,64380097,2,4,16,4,24,8,8,8,140
64382789,64382797,6,4,16,8,32,8,8,4,48
64392689,64392697,5,2,16,24,24,8,4,16,24
64392989,64392997,5,2,16,8,24,24,4,16,24
64394489,64394497,4,4,16,8,12,4,4,16,108
64396469,64396477,5,3,16,6,64,8,4,24,72
64405409,64405417,2,5,16,8,12,12,8,8,32
64418909,64418917,2,2,16,8,24,36,32,8,24
64431929,64431937,2,4,16,4,24,8,8,8,98
64438229,64438237,2,3,16,8,16,8,24,8,18
64449029,64449037,2,4,16,8,32,8,8,8,72
64473329,64473337,6,2,16,12,48,16,16,8,24
64488629,64488637,2,2,16,4,32,32,32,8,30
64506209,64506217,3,4,16,16,6,10,8,8,32
64530209,64530217,2,4,16,4,12,32,8,8,64
64543529,64543537,2,3,16,8,24,8,16,12,60
64563089,64563097,2,3,16,4,24,48,4,4,32
64584329,64584337,6,3,16,8,6,24,16,4,20
64629209,64629217,2,4,16,4,6,8,8,16,72
64629569,64629577,2,4,16,8,12,8,8,24,80
64636589,64636597,2,2,16,4,20,16,32,8,24
64641809,64641817,4,2,16,16,24,8,16,8,48
64642469,64642477,2,4,16,8,8,24,16,12,12
64656209,64656217,2,4,16,4,12,8,16,8,48
64668389,64668397,2,3,16,8,16,12,16,8,48
64676489,64676497,2,4,16,4,12,24,8,8,80
64677929,64677937,2,1,16,8,48,20,16,16,20
64682609,64682617,5,5,16,8,12,12,4,8,32
64695629,64695637,5,2,16,32,20,16,4,4,72
64701569,64701577,4,4,16,8,12,4,16,12,96
64718309,64718317,3,2,16,16,8,32,24,8,72
64719869,64719877,2,3,16,4,44,12,8,32,24
64725329,64725337,2,2,16,8,48,8,16,16,48
64726169,64726177,2,3,16,4,24,12,24,6,24
64732169,64732177,3,4,16,8,6,8,16,12,80
64733069,64733077,2,3,16,4,10,4,32,24,108
64737689,64737697,3,3,16,8,6,12,16,16,48
64758929,64758937,5,3,16,8,24,40,4,8,32
64780769,64780777,4,4,16,16,12,4,4,12,64
64782569,64782577,3,2,16,16,6,16,8,24,30
64786529,64786537,2,4,16,4,12,8,8,16,48
64793009,64793017,2,3,16,4,6,4,16,16,24
64796609,64796617,2,3,16,4,36,8,16,8,48
64804829,64804837,5,2,16,16,24,32,8,8,24
64808789,64808797,2,2,16,4,16,24,16,8,36
64830929,64830937,2,3,16,4,6,6,16,24,32
64847729,64847737,6,3,16,8,24,8,16,4,32
64848389,64848397,2,5,16,4,16,12,8,4,12
64877369,64877377,2,2,16,4,36,24,8,16,28
64882109,64882117,2,2,16,4,56,4,16,16,36
64882409,64882417,5,4,16,8,12,6,4,16,40
64897529,64897537,2,3,16,4,12,12,64,16,160
64904009,64904017,2,3,16,8,24,12,32,8,20
64905089,64905097,5,4,16,6,12,24,4,8,32
64910309,64910317,2,5,16,4,8,12,8,4,24
64929209,64929217,2,3,16,4,6,12,16,16,112
64934789,64934797,2,3,16,4,32,24,4,4,48
64971329,64971337,3,2,16,16,6,12,16,32,48
64973189,64973197,2,2,16,4,32,4,32,16,36
64986629,64986637,1,0,16,16,16,24,16,16,48
65004629,65004637,2,4,16,4,32,8,16,8,12
65008469,65008477,5,3,16,12,16,8,4,48,72
65011889,65011897,2,3,16,4,48,16,8,8,80
65044289,65044297,2,4,16,4,6,8,32,8,112
65059769,65059777,4,3,16,8,12,4,16,24,42
65062589,65062597,5,2,16,16,42,12,8,16,24
65063909,65063917,2,4,16,8,8,16,8,12,72
65066789,65066797,2,2,16,4,32,32,32,8,36
65083709,65083717,6,4,16,12,28,8,8,4,24
65090489,65090497,2,3,16,4,12,32,16,8,56
65123489,65123497,2,4,16,4,48,8,8,4,48
65145089,65145097,6,3,16,16,6,16,8,4,24
65162729,65162737,2,3,16,4,12,4,32,48,30
65163269,65163277,2,3,16,8,16,8,16,12,36
65180369,65180377,4,2,16,8,24,4,16,16,48
65227529,65227537,2,3,16,8,24,8,16,8,60
65234489,65234497,6,4,16,8,6,6,16,4,56
65248229,65248237,2,3,16,8,16,8,16,8,36
65250209,65250217,6,5,16,8,12,12,8,4,48
65264909,65264917,2,1,16,4,20,24,16,16,24
65265989,65265997,5,3,16,6,32,20,4,8,24
65267309,65267317,2,3,16,8,20,16,12,8,48
65341469,65341477,4,2,16,8,48,4,16,24,36
65346089,65346097,2,4,16,4,48,12,8,4,80
65352569,65352577,2,3,16,4,12,96,24,6,32
65358569,65358577,4,4,16,12,12,8,16,12,200
65405489,65405497,2,3,16,4,24,12,96,4,64
65408789,65408797,4,3,16,8,48,4,16,8,48
65415809,65415817,2,2,16,4,48,16,8,16,32
65436089,65436097,3,1,16,16,6,40,16,16,56
65437409,65437417,2,5,16,4,6,4,8,8,64
65451569,65451577,3,4,16,8,6,24,8,12,16
65454989,65454997,2,5,16,8,10,8,8,8,24
65475869,65475877,2,1,16,4,48,24,16,32,48
65476769,65476777,4,3,16,8,12,6,48,48,16
65484329,65484337,5,4,16,8,6,12,4,24,80
65499089,65499097,6,4,16,8,12,12,16,4,128
65558729,65558737,2,2,16,4,24,4,16,32,30
65560889,65560897,2,4,16,8,12,8,32,8,84
65564129,65564137,2,3,16,4,24,4,8,32,96
65593589,65593597,2,2,16,8,32,24,8,16,24
65595989,65595997,2,4,16,4,32,4,8,8,36
65598509,65598517,5,3,16,16,80,8,4,8,18
65607869,65607877,2,3,16,8,56,8,32,8,18
65611829,65611837,2,2,16,4,64,24,4,16,24
65615909,65615917,6,4,16,8,8,20,32,4,12
65630129,65630137,4,3,16,8,48,6,8,16,96
65641109,65641117,4,4,16,8,16,6,32,8,12
65650289,65650297,2,3,16,4,24,12,16,4,32
65652329,65652337,4,3,16,8,12,4,32,16,80
65671589,65671597,2,3,16,4,64,8,8,16,72
65678609,65678617,2,3,16,8,12,32,8,16,96
65696429,65696437,2,3,16,4,80,16,4,8,72
65717429,65717437,2,3,16,8,32,8,8,16,24
65728769,65728777,2,4,16,4,12,64,4,12,32
65733809,65733817,4,4,16,8,12,6,8,16,32
65761529,65761537,4,3,16,16,12,6,12,16,36
65764289,65764297,6,4,16,8,12,16,8,4,96
65777609,65777617,2,3,16,4,24,8,16,8,80
65794109,65794117,2,4,16,4,56,90,8,4,12
65800109,65800117,2,4,16,8,40,8,8,8,36
65800589,65800597,6,2,16,16,40,10,16,8,24
65811209,65811217,6,3,16,8,12,24,24,4,40
65846489,65846497,2,2,16,4,24,16,12,64,48
65861969,65861977,6,4,16,8,48,12,8,6,32
65883809,65883817,4,2,16,16,6,4,16,16,24
65896169,65896177,2,4,16,4,12,80,8,12,40
65898389,65898397,2,2,16,4,32,16,8,16,18
65924069,65924077,2,4,16,4,64,12,8,12,24
65925389,65925397,2,4,16,4,40,4,4,4,54
65955389,65955397,2,3,16,4,28,24,8,8,96
65974529,65974537,2,4,16,6,12,8,8,32,96
65981309,65981317,6,4,16,8,32,12,16,4,12
65985869,65985877,2,2,16,4,20,12,16,32,36
65988029,65988037,2,2,16,4,56,16,16,8,18
65997929,65997937,2,4,16,8,96,8,8,8,80
66005969,66005977,2,3,16,4,24,12,8,48,16
66022409,66022417,3,3,16,16,6,8,8,16,120
66038429,66038437,6,3,16,8,24,8,32,4,24
66042029,66042037,2,3,16,4,40,4,16,4,18
66045929,66045937,2,4,16,4,6,12,32,8,80
66052109,66052117,2,3,16,4,20,16,4,4,72
66061409,66061417,2,2,16,4,12,20,32,16,32
66068609,66068617,6,2,16,12,24,48,16,8,32
66075509,66075517,2,1,16,8,16,16,16,24,72
66082889,66082897,5,3,16,16,12,32,4,8,60
66100109,66100117,6,2,16,16,20,12,32,4,48
66120269,66120277,2,1,16,4,40,16,16,24,24
66121409,66121417,2,3,16,4,24,4,8,16,24
66139889,66139897,2,2,16,8,48,18,16,8,16
66153389,66153397,2,2,16,4,40,24,4,16,48
66159689,66159697,5,2,16,32,24,16,4,8,40
66165629,66165637,5,3,16,6,64,16,4,4,48
66170009,66170017,5,3,16,8,24,32,4,4,72
66186569,66186577,4,3,16,16,6,4,8,48,120
66213869,66213877,2,3,16,4,30,24,8,32,12
66217289,66217297,3,2,16,16,12,12,16,16,40
66218429,66218437,4,3,16,8,56,4,16,8,18
66219869,66219877,2,3,16,4,24,4,12,32,48
66222329,66222337,6,3,16,8,36,8,32,4,108
66234929,66234937,4,4,16,16,12,6,8,8,16
66234989,66234997,2,1,16,4,40,16,32,16,72
66258029,66258037,5,4,16,8,40,8,4,8,72
66270389,66270397,2,4,16,8,8,60,8,8,24
66275309,66275317,6,2,16,16,20,16,8,4,36
66311129,66311137,2,3,16,4,6,16,4,16,60
66317729,66317737,2,2,16,4,12,24,32,16,64
66323189,66323197,6,4,16,8,16,8,8,4,18
66353789,66353797,2,2,16,6,16,8,16,16,24
66360089,66360097,4,4,16,16,12,4,8,8,72
66370529,66370537,3,2,16,8,6,16,16,64,64
66371729,66371737,2,2,16,8,24,12,32,16,32
66392069,66392077,2,3,16,4,32,12,16,12,24
66395729,66395737,2,4,16,4,24,8,8,12,48
66399329,66399337,2,3,16,4,6,32,24,8,96
66400889,66400897,2,3,16,8,12,12,32,32,96
66424829,66424837,6,2,16,16,26,8,16,4,24
66444809,66444817,2,5,16,4,12,8,4,8,40
66448769,66448777,6,4,16,8,18,12,8,6,32
66455429,66455437,5,3,16,16,32,24,4,4,12
66460469,66460477,5,3,16,8,16,32,4,12,24
66465029,66465037,2,3,16,4,16,4,8,16,120
66466409,66466417,2,3,16,4,48,80,8,8,20
66478289,66478297,3,2,16,16,6,32,8,16,32
66481409,66481417,2,4,16,4,6,4,4,64,48
66503309,66503317,2,4,16,4,20,6,8,8,48
66543629,66543637,2,3,16,8,20,16,8,8,24
66557489,66557497,6,3,16,16,12,12,16,8,32
66564929,66564937,2,4,16,4,18,8,4,8,64
66586529,66586537,2,3,16,8,24,8,8,16,80
66613709,66613717,2,3,16,4,40,4,8,32,54
66627569,66627577,2,3,16,4,24,32,12,12,64
66633869,66633877,2,2,16,8,20,8,16,96,18
66650189,66650197,2,3,16,4,60,24,16,8,12
66651989,66651997,5,4,16,8,16,12,4,16,12
66655829,66655837,6,2,16,8,32,16,16,4,36
66687989,66687997,4,3,16,8,32,6,16,16,12
66695609,66695617,2,5,16,4,12,8,4,12,112
66718109,66718117,5,3,16,8,24,16,4,8,18
66765029,66765037,1,0,16,16,16,32,16,16,48
66766709,66766717,3,5,16,12,8,8,12,8,36
66767009,66767017,2,4,16,4,12,6,8,16,16
66776609,66776617,5,3,16,8,60,32,4,4,64
66788489,66788497,4,4,16,12,12,8,8,16,160
66840329,66840337,2,3,16,4,48,32,8,8,40
66841589,66841597,5,4,16,8,8,16,4,4,36
66864389,66864397,2,3,16,4,64,16,8,8,24
66880469,66880477,1,0,16,16,16,16,16,24,36
66881369,66881377,2,2,16,4,24,32,12,32,168
66889769,66889777,3,2,16,8,6,16,32,24,60
66893789,66893797,2,3,16,4,48,8,16,8,48
66904589,66904597,2,3,16,8,40,16,8,8,96
66923309,66923317,4,3,16,8,20,4,8,16,36
66930329,66930337,5,4,16,8,24,8,4,4,144
66942929,66942937,2,4,16,4,12,8,16,8,40
66943829,66943837,2,4,16,4,16,8,4,8,18
66953729,66953737,2,2,16,8,12,16,16,16,64
66960689,66960697,3,4,16,8,6,24,8,8,32
66978389,66978397,2,2,16,4,32,16,12,16,36
66986669,66986677,2,2,16,4,20,16,8,36,30
66992369,66992377,5,3,16,16,6,32,4,8,192
66996689,66996697,2,3,16,4,24,16,8,8,32
67011509,67011517,6,2,16,8,16,16,16,4,96
67036889,67036897,2,3,16,8,36,32,8,8,144
67038869,67038877,2,4,16,8,8,16,8,8,36
67057709,67057717,2,4,16,8,20,10,8,8,36
67071989,67071997,4,4,16,8,16,4,12,12,48
67073189,67073197,2,2,16,4,32,24,8,16,48
67074269,67074277,2,5,16,4,12,12,8,12,24
67081529,67081537,2,3,16,8,12,8,16,16,42
67081709,67081717,2,4,16,4,10,8,16,8,48
67085609,67085617,2,2,16,4,48,48,16,8,40
67100009,67100017,2,3,16,4,18,12,16,4,40
67101989,67101997,2,2,16,4,16,16,32,8,48
67141589,67141597,6,5,16,8,32,12,8,4,12
67143269,67143277,4,3,16,8,32,4,16,6,24
67163969,67163977,4,4,16,8,12,4,16,6,96
67168589,67168597,2,5,16,8,10,12,8,8,48
67174409,67174417,4,2,16,16,24,4,8,32,45
67179809,67179817,2,3,16,4,48,16,8,4,96
67196669,67196677,2,4,16,4,36,12,4,24,12
67199609,67199617,2,2,16,4,24,32,4,16,96
67210229,67210237,6,1,16,16,32,16,32,8,60
67247969,67247977,5,3,16,8,24,48,4,12,32
67251629,67251637,2,4,16,4,40,4,4,8,36
67275569,67275577,4,2,16,8,24,4,16,18,64
67286369,67286377,2,1,16,4,24,32,16,32,40
67299989,67299997,4,2,16,16,8,6,16,16,24
67301789,67301797,2,3,16,8,12,32,24,32,12
67329929,67329937,2,3,16,4,24,16,8,8,60
67354709,67354717,2,2,16,4,16,16,24,8,48
67356689,67356697,5,4,16,8,12,12,4,16,64
67383509,67383517,6,3,16,12,64,6,16,4,24
67390709,67390717,2,1,16,8,16,48,16,32,24
67394009,67394017,5,3,16,8,24,16,4,8,36
67413029,67413037,2,3,16,8,16,8,16,8,24
67420229,67420237,2,4,16,4,72,6,8,4,96
67425089,67425097,2,4,16,4,12,12,16,4,32
67427309,67427317,4,5,16,8,10,4,8,8,60
67430189,67430197,2,2,16,8,20,8,32,32,36
67433789,67433797,2,2,16,4,56,16,4,32,30
67455929,67455937,2,3,16,4,12,8,32,16,112
67465109,67465117,2,3,16,6,64,8,32,8,48
67465589,67465597,2,2,16,4,16,24,16,4,48
67475909,67475917,2,2,16,4,32,8,32,16,120
67492409,67492417,2,2,16,8,24,32,32,8,56
67498889,67498897,5,1,16,16,24,32,8,16,40
67507889,67507897,2,2,16,4,12,24,16,48,16
67527029,67527037,1,0,16,16,16,16,32,32,18
67540469,67540477,2,4,16,4,8,160,4,12,24
67541069,67541077,2,3,16,4,20,8,4,24,36
67549289,67549297,2,2,16,4,12,36,16,16,40
67556729,67556737,2,4,16,4,6,8,16,8,144
67557089,67557097,2,2,16,8,12,16,16,32,24
67610489,67610497,3,4,16,16,6,12,12,8,64
67614809,67614817,6,4,16,8,6,48,8,4,24
67619129,67619137,2,2,16,4,24,12,16,16,56
67626029,67626037,2,1,16,4,20,16,32,16,48
67661969,67661977,2,3,16,8,48,20,8,12,32
67679609,67679617,2,3,16,4,48,12,16,8,128
67694369,67694377,2,3,16,4,12,10,16,20,32
67701629,67701637,2,2,16,4,32,16,48,8,48
67707329,67707337,2,3,16,4,24,32,8,4,64
67721189,67721197,2,4,16,4,32,12,8,8,24
67734389,67734397,2,3,16,4,64,8,16,8,18
67742489,67742497,2,2,16,4,24,16,16,4,72
67795589,67795597,5,2,16,16,16,16,8,8,96
67805069,67805077,2,2,16,8,40,48,16,12,24
67811609,67811617,6,4,16,8,24,8,8,4,72
67821869,67821877,1,0,16,16,20,32,32,24,18
67848629,67848637,2,4,16,4,32,6,12,4,24
67868069,67868077,2,4,16,4,8,48,8,12,48
67873829,67873837,2,2,16,4,32,24,16,4,48
67879289,67879297,2,3,16,4,12,4,16,16,80
67921709,67921717,2,1,16,8,20,32,32,16,24
67958609,67958617,6,4,16,12,12,6,16,4,64
67964069,67964077,2,4,16,4,32,8,8,12,48
67986509,67986517,2,3,16,4,30,32,8,4,48
68034209,68034217,5,3,16,8,48,24,4,8,16
68051309,68051317,2,3,16,8,80,32,8,8,24
68068229,68068237,6,5,16,8,8,12,32,4,12
68071469,68071477,4,3,16,8,40,6,24,12,24
68094209,68094217,3,4,16,8,6,8,32,8,32
68107469,68107477,2,4,16,4,10,40,12,6,96
68127629,68127637,5,3,16,32,10,24,8,8,24
68127869,68127877,2,3,16,8,16,32,8,8,18
68132489,68132497,5,4,16,8,12,48,4,8,20
68144969,68144977,2,3,16,4,24,8,8,24,120
68157689,68157697,6,1,16,16,24,40,16,4,36
68159009,68159017,2,2,16,4,12,16,32,16,32
68166689,68166697,5,3,16,8,24,18,4,4,64
68168909,68168917,2,3,16,8,40,8,16,8,18
68170709,68170717,6,3,16,6,16,16,8,4,36
68180009,68180017,2,4,16,4,6,36,8,8,40
68194289,68194297,2,2,16,8,24,32,16,8,48
68196269,68196277,4,3,16,24,10,8,8,24,48
68197169,68197177,5,5,16,6,6,12,4,12,24
68223269,68223277,2,4,16,4,24,8,8,6,48
68234189,68234197,2,2,16,4,80,12,16,16,48
68234729,68234737,2,3,16,4,12,24,16,8,40
68236529,68236537,6,4,16,8,24,8,8,4,32
68247029,68247037,2,4,16,4,32,4,8,4,144
68265389,68265397,2,2,16,4,40,16,4,16,24
68270009,68270017,2,4,16,4,12,16,4,12,28
68281229,68281237,4,2,16,16,20,8,16,8,36
68286929,68286937,5,3,16,16,12,48,8,8,32
68316329,68316337,2,3,16,4,24,16,8,4,240
68335769,68335777,6,4,16,8,12,8,16,6,36
68356289,68356297,2,4,16,4,6,4,8,32,48
68361869,68361877,2,2,16,4,40,16,32,10,72
68372489,68372497,3,2,16,16,6,12,16,16,30
68373509,68373517,2,4,16,4,8,18,16,8,12
68384669,68384677,2,4,16,4,12,24,8,6,48
68386169,68386177,2,4,16,4,12,4,4,72,192
68409569,68409577,2,4,16,4,24,4,8,12,128
68420489,68420497,5,3,16,8,24,6,4,48,20
68429489,68429497,2,2,16,8,24,36,16,8,32
68431169,68431177,6,5,16,8,12,8,8,6,128
68436209,68436217,2,3,16,4,36,4,48,8,96
68438009,68438017,2,5,16,8,12,8,8,8,144
68451329,68451337,2,3,16,4,24,16,12,8,48
68454689,68454697,6,3,16,8,12,16,32,4,32
68466029,68466037,2,2,16,4,20,16,48,12,48
68494169,68494177,2,2,16,4,24,32,16,12,72
68499569,68499577,4,4,16,12,6,4,16,6,48
68501309,68501317,6,2,16,8,28,24,24,4,48
68517209,68517217,3,2,16,32,6,16,8,16,72
68526869,68526877,2,2,16,4,16,6,16,20,48
68540729,68540737,2,4,16,4,48,12,8,4,224
68573369,68573377,2,2,16,4,24,32,8,32,168
68573909,68573917,2,3,16,4,16,16,8,8,18
68576069,68576077,2,4,16,4,8,16,8,6,18
68578589,68578597,6,2,16,16,12,16,32,8,48
68604989,68604997,5,3,16,16,28,12,4,8,48
68610389,68610397,2,4,16,4,16,6,8,16,12
68615489,68615497,2,3,16,8,12,8,16,16,48
68619029,68619037,2,4,16,8,16,12,16,8,12
68621789,68621797,2,2,16,8,24,16,8,16,24
68622629,68622637,5,3,16,16,64,10,4,8,48
68630069,68630077,4,2,16,24,32,4,16,12,18
68642669,68642677,2,3,16,4,40,8,16,12,36
68647169,68647177,2,2,16,4,18,32,4,24,160
68654009,68654017,2,3,16,8,24,8,16,8,42
68663129,68663137,3,3,16,16,6,80,8,8,48
68689409,68689417,2,4,16,8,12,24,8,8,32
68692829,68692837,2,3,16,8,48,16,8,32,12
68729189,68729197,2,4,16,4,32,12,16,8,12
68737709,68737717,2,3,16,4,40,8,32,8,18
68743109,68743117,2,2,16,4,8,16,32,16,54
68743769,68743777,2,4,16,4,12,24,8,12,48
68746889,68746897,2,3,16,4,12,16,4,32,30
68764889,68764897,4,3,16,8,12,4,16,16,48
68775989,68775997,6,2,16,8,16,64,16,4,48
68786309,68786317,2,3,16,4,16,4,8,32,36
68821769,68821777,2,1,16,4,24,16,24,18,60
68823389,68823397,4,2,16,18,48,4,4,16,72
68824229,68824237,2,2,16,4,32,12,16,16,36
68841209,68841217,2,2,16,4,12,16,16,16,54
68849789,68849797,2,3,16,4,64,6,16,8,48
68877569,68877577,4,2,16,16,48,8,16,12,24
68882369,68882377,2,3,16,4,72,32,8,8,16
68885129,68885137,5,4,16,24,12,8,4,8,60
68910329,68910337,3,4,16,8,6,8,8,32,108
68917469,68917477,2,2,16,6,24,56,8,24,48
68920769,68920777,4,3,16,16,12,8,8,24,48
68924489,68924497,2,1,16,4,24,32,16,16,40
68942669,68942677,4,3,16,8,20,6,16,12,48
68969309,68969317,2,3,16,8,12,30,8,16,48
68981909,68981917,2,3,16,8,32,144,8,8,24
68984969,68984977,2,3,16,8,24,16,8,12,20
68985869,68985877,2,3,16,4,20,12,4,32,48
68993129,68993137,2,3,16,4,12,16,8,16,60
68994689,68994697,2,3,16,4,12,16,4,24,32
69006029,69006037,2,3,16,4,20,8,16,8,96
69009509,69009517,4,2,16,8,64,4,32,16,24
69028769,69028777,2,3,16,4,24,16,8,6,48
69035909,69035917,2,4,16,8,32,12,8,16,12
69038789,69038797,2,3,16,8,16,24,8,12,24
69058229,69058237,2,5,16,4,8,12,8,8,96
69061529,69061537,4,4,16,24,12,4,4,8,72
69105989,69105997,2,3,16,4,32,16,4,8,36
69107189,69107197,2,4,16,4,64,12,16,8,12
69143189,69143197,2,2,16,8,16,16,8,32,24
69145169,69145177,2,4,16,4,6,12,24,12,64
69191669,69191677,2,1,16,4,24,16,16,24,36
69210929,69210937,2,3,16,4,18,32,8,8,120
69219209,69219217,2,4,16,4,12,48,4,8,120
69229829,69229837,5,3,16,8,32,16,4,8,72
69251969,69251977,3,2,16,8,6,32,16,36,32
69265289,69265297,2,3,16,4,24,8,8,32,30
69276929,69276937,2,4,16,4,12,12,8,24,64
69283469,69283477,2,2,16,4,20,8,32,24,36
69286109,69286117,2,3,16,4,24,18,8,8,24
69289889,69289897,4,1,16,16,48,12,16,16,64
69293129,69293137,2,2,16,4,6,96,16,16,80
69297629,69297637,2,2,16,8,12,32,16,16,24
69304709,69304717,4,5,16,8,8,4,4,8,144
69330389,69330397,2,4,16,6,32,12,24,8,12
69344789,69344797,2,2,16,4,16,24,16,16,12
69352229,69352237,4,2,16,16,16,8,16,8,36
69355829,69355837,2,2,16,8,64,16,8,16,36
69365369,69365377,2,4,16,4,12,32,12,8,64
69371069,69371077,6,3,16,16,14,20,16,6,12
69402029,69402037,2,3,16,4,30,12,16,4,24
69408029,69408037,2,4,16,8,24,8,8,8,48
69423989,69423997,5,4,16,8,24,16,4,4,12
69445469,69445477,2,2,16,4,36,16,8,24,72
69453689,69453697,5,4,16,8,24,10,4,8,64
69457889,69457897,2,2,16,4,18,4,32,32,24
69467009,69467017,3,2,16,8,6,48,16,16,64
69469229,69469237,2,4,16,4,20,8,8,8,36
69469409,69469417,2,2,16,8,24,32,16,8,96
69494429,69494437,2,3,16,4,24,8,4,16,240
69502709,69502717,2,3,16,8,16,32,8,8,72
69505889,69505897,4,3,16,8,12,6,16,16,48
69523169,69523177,2,4,16,4,12,12,32,12,16
69535229,69535237,2,2,16,8,80,16,8,32,24
69558329,69558337,2,3,16,4,6,16,4,64,84
69563309,69563317,2,2,16,4,40,16,8,24,48
69570569,69570577,4,4,16,16,12,8,8,12,50
69573989,69573997,2,5,16,8,8,8,8,8,36
69603329,69603337,2,5,16,4,6,8,8,8,96
69609629,69609637,5,2,16,16,48,8,4,16,36
69615569,69615577,2,1,16,8,24,16,48,24,24
69617369,69617377,2,3,16,8,24,16,8,8,36
69652469,69652477,2,3,16,6,16,16,8,12,18
69655889,69655897,2,4,16,4,6,4,32,4,64
69662309,69662317,2,4,16,4,16,24,4,8,12
69672929,69672937,2,3,16,4,12,16,16,8,32
69683909,69683917,2,4,16,8,16,24,8,8,12
69687509,69687517,2,3,16,8,8,16,16,8,96
69713309,69713317,2,3,16,8,12,8,16,16,36
69723869,69723877,2,3,16,4,24,12,16,32,12
69733589,69733597,4,3,16,16,16,6,8,8,24
69752009,69752017,2,3,16,8,24,8,8,16,100
69769409,69769417,2,3,16,4,12,24,32,8,16
69777569,69777577,2,5,16,4,12,4,8,12,96
69780569,69780577,2,4,16,8,12,12,16,12,48
69780629,69780637,2,2,16,8,16,8,32,16,48
69783269,69783277,6,3,16,8,32,24,8,6,48
69790829,69790837,2,5,16,8,40,12,8,8,12
69793769,69793777,2,3,16,4,48,16,4,6,120
69806129,69806137,2,3,16,4,48,12,4,24,32
69806669,69806677,2,3,16,8,20,12,20,12,24
69827369,69827377,5,3,16,8,6,32,4,16,80
69839669,69839677,4,4,16,8,32,4,8,6,36
69843569,69843577,4,4,16,24,12,8,8,12,32
69845429,69845437,2,2,16,8,16,32,8,24,48
69847529,69847537,6,3,16,6,24,12,32,4,40
69866969,69866977,2,3,16,4,12,18,32,12,24
69904829,69904837,2,3,16,4,28,8,8,32,48
69912929,69912937,2,3,16,8,24,8,32,8,128
69925109,69925117,2,2,16,4,16,20,16,8,24
69956129,69956137,5,2,16,16,12,32,4,16,80
69956609,69956617,2,2,16,4,12,24,48,32,32
69988109,69988117,2,5,16,8,10,12,8,8,48
70000409,70000417,6,4,16,8,12,16,8,4,48
70014029,70014037,5,3,16,16,20,12,8,16,12
70014569,70014577,2,4,16,4,12,6,16,6,40
70016789,70016797,2,3,16,8,16,32,8,8,18
70021829,70021837,2,1,16,8,16,24,32,16,18
70048469,70048477,2,3,16,8,48,12,16,12,60
70052369,70052377,2,1,16,8,24,24,16,16,32
70059089,70059097,6,4,16,6,12,32,8,4,96
70083329,70083337,2,2,16,4,24,32,8,16,16
70086209,70086217,2,2,16,4,48,24,32,4,64
70093229,70093237,6,4,16,8,80,12,8,4,48
70097189,70097197,2,2,16,4,64,6,16,20,48
70111289,70111297,2,4,16,8,12,32,8,8,42
70118969,70118977,5,3,16,8,48,16,4,6,56
70120769,70120777,6,5,16,8,12,12,8,6,64
70145429,70145437,2,3,16,4,64,10,16,8,24
70147409,70147417,5,3,16,8,24,12,4,16,16
70154789,70154797,2,6,16,4,8,6,4,8,12
70188809,70188817,6,2,16,16,24,12,16,8,40
70198889,70198897,5,5,16,8,12,10,4,8,20
70221629,70221637,2,2,16,4,28,8,32,16,36
70226069,70226077,2,3,16,8,16,24,8,12,24
70239089,70239097,2,4,16,4,24,8,4,8,32
70243769,70243777,5,4,16,16,12,12,4,12,42
70259789,70259797,2,4,16,8,20,8,8,8,72
70260089,70260097,6,3,16,16,24,12,8,4,32
70268789,70268797,2,2,16,8,32,48,16,8,144
70301669,70301677,2,1,16,4,48,24,16,24,24
70305869,70305877,2,2,16,8,80,16,8,16,36
70323689,70323697,2,2,16,4,24,32,8,16,120
70338929,70338937,5,4,16,32,6,12,4,4,16
70357709,70357717,2,2,16,4,40,16,16,8,144
70363829,70363837,5,2,16,32,64,16,8,8,24
70388069,70388077,5,3,16,8,8,48,4,24,48
70388309,70388317,6,4,16,8,32,8,8,4,36
70397609,70397617,2,2,16,8,24,32,12,16,80
70408769,70408777,2,4,16,4,12,24,8,12,32
70411469,70411477,2,4,16,4,10,72,16,6,12
70411889,70411897,6,4,16,8,12,8,16,4,64
70434929,70434937,6,5,16,8,12,8,8,4,96
70439429,70439437,2,2,16,8,64,8,32,16,24
70439729,70439737,5,3,16,8,24,32,4,4,16
70439909,70439917,2,3,16,4,16,12,8,64,48
70447529,70447537,3,2,16,24,6,8,16,16,80
70453769,70453777,2,4,16,4,12,16,4,12,20
70479389,70479397,2,3,16,4,24,4,16,12,120
70491269,70491277,2,2,16,4,48,16,32,6,72
70516469,70516477,2,3,16,4,32,4,32,12,36
70521089,70521097,2,4,16,4,6,6,48,8,16
70530989,70530997,2,2,16,4,30,48,32,16,12
70536209,70536217,3,3,16,8,6,24,16,8,64
70560689,70560697,2,4,16,4,12,32,4,4,32
70564469,70564477,2,3,16,4,32,16,4,6,48
70566689,70566697,4,2,16,32,24,8,16,8,48
70570589,70570597,4,3,16,16,48,6,16,8,12
70608029,70608037,5,5,16,12,24,12,8,8,12
70609829,70609837,2,3,16,4,8,72,8,16,24
70611509,70611517,2,3,16,4,16,16,4,8,18
70625669,70625677,2,3,16,4,32,12,16,12,48
70628969,70628977,2,4,16,4,12,8,16,12,160
70641929,70641937,2,2,16,4,24,8,16,32,80
70651409,70651417,2,3,16,4,24,32,8,4,48
70652369,70652377,2,1,16,6,24,16,64,16,24
70666769,70666777,6,2,16,24,24,16,8,6,128
70675589,70675597,4,4,16,12,64,4,8,8,72
70687769,70687777,5,2,16,24,24,24,4,12,48
70692329,70692337,2,3,16,4,24,4,8,16,120
70696589,70696597,6,4,16,16,10,12,16,8,12
70711709,70711717,5,4,16,8,12,12,4,16,48
70715669,70715677,2,5,16,4,8,36,8,6,12
70728869,70728877,2,3,16,4,16,4,8,16,60
70744109,70744117,2,4,16,8,10,24,8,8,48
70744529,70744537,4,4,16,16,6,4,12,4,64
70764809,70764817,6,2,16,16,12,64,16,8,80
70770929,70770937,6,2,16,32,12,24,16,4,32
70808729,70808737,2,4,16,4,24,6,4,4,24
70810889,70810897,2,2,16,4,24,12,24,32,80
70841369,70841377,2,3,16,4,12,4,16,16,36
70861709,70861717,6,2,16,8,80,16,48,4,84
70863329,70863337,6,3,16,16,12,8,32,4,40
70891229,70891237,2,4,16,4,12,16,8,4,36
70894469,70894477,6,3,16,8,64,16,12,6,18
70906169,70906177,3,3,16,16,6,8,16,12,252
70908689,70908697,2,3,16,4,6,4,16,16,80
70917089,70917097,3,2,16,16,6,32,16,8,32
70926689,70926697,4,2,16,12,24,8,16,16,96
70932209,70932217,2,2,16,8,24,16,16,8,32
70938029,70938037,2,4,16,4,20,8,8,12,72
70940189,70940197,4,3,16,6,24,4,16,8,36
70963769,70963777,2,3,16,4,24,4,32,12,189
70968389,70968397,2,2,16,8,32,24,16,8,48
70977029,70977037,2,3,16,4,16,8,16,8,72
70980509,70980517,2,2,16,8,24,8,32,16,96
70981709,70981717,2,3,16,4,20,12,8,16,24
70982129,70982137,2,3,16,8,48,8,8,16,32
70982609,70982617,2,3,16,8,12,48,16,8,32
71008169,71008177,4,4,16,8,12,6,8,24,40
71012489,71012497,2,4,16,4,12,12,16,4,80
71018669,71018677,2,3,16,4,10,32,4,96,18
71022989,71022997,4,3,16,8,20,4,16,4,36
71024609,71024617,6,3,16,8,6,16,16,4,96
71033909,71033917,6,4,16,6,16,24,8,4,12
71037929,71037937,2,3,16,4,24,4,24,8,60
71048129,71048137,5,3,16,16,12,12,8,16,32
71054309,71054317,2,3,16,4,48,16,8,8,18
71057369,71057377,5,2,16,24,12,16,8,16,72
71063969,71063977,6,4,16,16,12,10,8,6,64
71065289,71065297,2,5,16,4,12,8,4,8,40
71076029,71076037,2,2,16,8,28,24,16,8,24
71086109,71086117,2,4,16,4,48,24,8,4,12
71093369,71093377,2,4,16,8,12,8,8,16,80
71106689,71106697,2,4,16,4,12,12,4,32,24
71114429,71114437,2,2,16,4,28,8,32,24,72
71118869,71118877,2,2,16,8,16,24,8,32,24
71124329,71124337,2,5,16,4,12,12,8,4,30
71151089,71151097,3,4,16,8,6,12,32,8,32
71151329,71151337,2,2,16,4,18,32,16,8,24
71171069,71171077,2,3,16,4,44,6,16,24,12
71198069,71198077,2,3,16,8,32,24,32,12,12
71220209,71220217,2,2,16,4,48,24,8,16,16
71223629,71223637,2,3,16,4,20,12,4,16,24
71224709,71224717,2,3,16,4,48,48,12,16,12
71231729,71231737,2,2,16,4,36,6,32,16,64
71255489,71255497,4,4,16,8,24,6,8,8,32
71293289,71293297,5,3,16,8,24,24,4,4,20
71322689,71322697,2,2,16,8,48,16,16,8,24
71360129,71360137,2,3,16,6,12,8,16,32,64
71362469,71362477,2,2,16,4,16,48,4,24,18
71379929,71379937,2,2,16,8,24,8,16,16,36
71383709,71383717,2,4,16,4,24,8,8,8,18
71400389,71400397,2,2,16,4,32,16,8,16,24
71413409,71413417,2,4,16,8,12,24,8,8,48
71420189,71420197,2,4,16,4,12,12,4,24,48
71440769,71440777,2,4,16,4,12,4,8,36,48
71444909,71444917,4,3,16,8,40,4,32,4,48
71448869,71448877,2,1,16,8,16,16,16,16,36
71454209,71454217,2,3,16,4,24,12,12,32,16
71455469,71455477,2,3,16,4,20,16,8,48,12
71458229,71458237,2,3,16,4,32,32,8,8,72
71459489,71459497,2,3,16,4,24,12,8,16,56
71470109,71470117,2,2,16,4,48,16,8,32,27
71471669,71471677,2,2,16,4,64,64,4,18,24
71485529,71485537,2,3,16,4,6,12,16,16,24
71493809,71493817,2,3,16,4,24,8,8,16,64
71495069,71495077,2,3,16,4,48,12,16,6,24
71553389,71553397,6,3,16,32,40,6,16,4,12
71563529,71563537,6,2,16,16,36,8,16,4,60
71574809,71574817,5,2,16,16,12,16,8,16,48
71591789,71591797,2,3,16,8,20,24,8,8,48
71596409,71596417,2,2,16,4,6,16,16,16,64
71631869,71631877,2,3,16,4,44,12,4,30,24
71677289,71677297,2,4,16,8,12,8,24,8,60
71684489,71684497,2,3,16,8,36,8,16,8,120
71685869,71685877,2,2,16,4,60,18,16,8,24
71693969,71693977,2,2,16,8,12,24,32,24,32
71695229,71695237,2,2,16,4,128,32,16,8,24
71697029,71697037,2,4,16,8,64,12,8,8,24
71728529,71728537,6,4,16,8,12,24,12,4,64
71731469,71731477,6,2,16,16,20,16,8,6,36
71732909,71732917,2,3,16,4,10,12,16,16,36
71743109,71743117,6,2,16,16,32,12,16,8,24
71751629,71751637,6,4,16,12,20,8,8,4,48
71768009,71768017,5,1,16,16,24,16,4,16,120
71777129,71777137,2,3,16,4,24,6,16,8,80
71777729,71777737,2,3,16,4,12,16,16,4,48
71781869,71781877,2,2,16,8,20,24,8,40,30
71797889,71797897,4,4,16,12,12,8,8,16,48
71816369,71816377,3,2,16,24,12,12,16,16,32
71817509,71817517,2,2,16,8,16,8,32,32,30
71834969,71834977,5,4,16,6,48,8,4,12,36
71841929,71841937,2,4,16,4,36,12,8,12,20
71845769,71845777,2,3,16,4,6,8,64,24,120
71855309,71855317,2,3,16,8,20,8,8,24,96
71855669,71855677,2,4,16,4,16,8,8,12,18
71870789,71870797,6,4,16,8,64,8,8,4,18
71897009,71897017,2,3,16,4,48,6,24,8,16
71897789,71897797,2,3,16,4,14,16,16,8,18
71928929,71928937,4,2,16,8,24,4,24,24,48
71942609,71942617,2,4,16,8,24,8,8,8,96
71949209,71949217,2,4,16,4,6,24,8,12,24
71957909,71957917,2,1,16,8,16,16,16,16,24
71967029,71967037,2,3,16,4,16,6,4,48,48
71976209,71976217,2,4,16,4,24,6,8,8,32
71991389,71991397,2,3,16,4,24,12,8,16,96
71996069,71996077,6,3,16,8,16,16,8,6,18
71998169,71998177,2,3,16,4,24,32,4,6,48
72010409,72010417,6,4,16,8,12,6,16,4,40
72020009,72020017,2,3,16,8,12,32,16,8,100
72025229,72025237,5,4,16,8,10,16,4,4,72
72025529,72025537,4,3,16,8,24,6,8,16,112
72030389,72030397,2,4,16,4,48,12,8,4,24
72033809,72033817,2,4,16,4,12,8,8,32,32
72034769,72034777,2,4,16,4,6,8,16,6,96
72060269,72060277,2,1,16,4,20,20,64,48,24
72079169,72079177,2,2,16,8,24,16,8,24,64
72132329,72132337,2,4,16,4,6,16,8,12,40
72152789,72152797,2,3,16,4,8,12,64,16,24
72153209,72153217,2,3,16,8,12,32,16,8,48
72174929,72174937,2,4,16,4,6,12,8,16,32
72182909,72182917,5,2,16,16,16,12,8,16,72
72198509,72198517,5,4,16,12,10,16,4,8,48
72201929,72201937,2,4,16,4,12,6,8,16,40
72208229,72208237,3,3,16,16,8,16,8,8,24
72208769,72208777,2,2,16,8,12,32,16,24,64
72248369,72248377,4,2,16,8,24,6,36,16,16
72253109,72253117,5,3,16,32,8,8,4,32,36
72258089,72258097,2,3,16,4,18,12,8,40,40
72269789,72269797,5,3,16,6,24,16,4,16,12
72279029,72279037,2,4,16,8,32,8,8,8,72
72293069,72293077,2,4,16,8,20,8,8,12,18
72318809,72318817,2,3,16,4,24,16,4,8,72
72362189,72362197,2,2,16,4,40,4,16,16,18
72388769,72388777,5,4,16,32,12,12,8,12,16
72411809,72411817,2,3,16,8,48,12,8,16,16
72412169,72412177,5,3,16,8,48,12,4,24,20
72416129,72416137,2,4,16,4,12,8,16,8,32
72417269,72417277,3,3,16,16,8,8,8,24,18
72423209,72423217,2,4,16,8,12,8,16,8,60
72437789,72437797,2,2,16,8,24,16,24,8,18
72473369,72473377,2,2,16,4,24,20,8,32,24
72483989,72483997,2,3,16,4,32,12,16,8,48
72492689,72492697,2,1,16,4,24,16,16,16,48
72505109,72505117,2,3,16,8,16,8,16,8,18
72539429,72539437,2,3,16,4,16,6,16,8,24
72552629,72552637,4,3,16,8,16,4,96,8,36
72566789,72566797,2,2,16,4,16,32,8,64,24
72569009,72569017,3,3,16,8,6,8,16,16,192
72578189,72578197,2,3,16,4,40,8,8,32,36
72593789,72593797,2,3,16,4,32,8,48,8,48
72602129,72602137,2,5,16,4,6,8,8,8,32
72632309,72632317,2,3,16,4,16,54,8,8,24
72649769,72649777,2,3,16,4,24,12,8,24,20
72652109,72652117,2,2,16,8,40,16,16,8,24
72652289,72652297,2,3,16,4,12,12,32,16,16
72682229,72682237,4,4,16,12,32,8,8,8,72
72704669,72704677,2,4,16,4,24,6,8,12,48
72734429,72734437,5,3,16,24,96,8,4,8,60
72735329,72735337,2,3,16,8,12,32,16,8,48
72742289,72742297,2,4,16,4,12,24,4,12,96
72748589,72748597,2,2,16,4,20,24,8,16,24
72799409,72799417,2,3,16,4,24,8,8,16,48
72803669,72803677,2,4,16,4,8,12,8,24,24
72804569,72804577,4,5,16,8,12,6,8,12,48
72810029,72810037,6,4,16,12,10,8,16,4,48
72829409,72829417,2,3,16,8,24,12,32,8,96
72870689,72870697,2,2,16,4,24,32,32,8,24
72886529,72886537,3,4,16,8,6,8,16,8,48
72887909,72887917,2,3,16,4,8,24,32,4,24
72897689,72897697,2,2,16,4,18,16,8,16,72
72929729,72929737,2,2,16,8,24,16,16,12,48
72936209,72936217,2,1,16,4,48,48,16,32,24
72962789,72962797,2,3,16,4,32,36,8,8,24
72975989,72975997,2,4,16,8,8,8,48,8,18
72980069,72980077,2,3,16,4,16,12,8,24,48
72987869,72987877,2,3,16,4,24,16,4,8,72
72998129,72998137,2,3,16,4,12,64,8,16,96
73003289,73003297,2,2,16,4,6,36,48,32,48
73005629,73005637,2,2,16,4,56,24,24,8,24
73020029,73020037,2,3,16,4,64,6,4,32,24
73028369,73028377,3,3,16,8,6,16,8,24,48
73037669,73037677,6,2,16,8,32,32,16,6,24
73043609,73043617,2,4,16,8,12,22,12,8,24
73047089,73047097,5,5,16,8,6,12,4,12,160
73051169,73051177,2,2,16,4,48,32,32,6,128
73058429,73058437,2,2,16,4,32,32,4,16,72
73058729,73058737,2,4,16,4,6,16,8,4,20
73091189,73091197,2,1,16,4,16,24,64,16,18
73092269,73092277,2,3,16,8,40,8,8,24,36
73094369,73094377,2,2,16,4,24,64,8,20,16
73103609,73103617,5,1,16,16,24,16,8,16,54
73113629,73113637,4,2,16,8,24,6,32,24,24
73122809,73122817,2,5,16,4,12,6,8,8,88
73127309,73127317,2,2,16,4,40,32,48,8,24
73142309,73142317,6,3,16,8,32,16,8,4,72
73152509,73152517,2,3,16,4,48,48,8,12,24
73168709,73168717,4,1,16,48,16,12,16,16,24
73197029,73197037,2,4,16,4,8,24,4,4,144
73200629,73200637,2,3,16,8,16,8,16,8,36
73206569,73206577,2,2,16,4,12,24,16,18,60
73208909,73208917,4,3,16,6,20,4,4,16,72
73217189,73217197,2,3,16,8,8,16,16,8,60
73221989,73221997,5,2,16,24,16,24,4,32,12
73285769,73285777,2,2,16,4,36,16,32,12,120
73290929,73290937,2,3,16,8,48,16,8,8,16
73310609,73310617,2,2,16,8,12,16,32,24,64
73332029,73332037,2,4,16,4,28,8,4,8,36
73372469,73372477,2,2,16,4,32,10,32,24,36
73380389,73380397,4,1,16,16,16,12,16,16,24
73382909,73382917,2,3,16,4,22,12,32,4,24
73389929,73389937,2,3,16,4,48,12,8,16,40
73391069,73391077,2,2,16,8,24,24,32,12,96
73398089,73398097,2,2,16,8,12,16,16,16,80
73405589,73405597,4,3,16,8,32,6,8,16,24
73421969,73421977,2,3,16,4,12,12,16,24,32
73454729,73454737,5,4,16,8,24,12,4,4,40
73483169,73483177,2,2,16,4,24,32,4,24,32
73502489,73502497,2,3,16,4,24,4,12,16,36
73503509,73503517,4,2,16,8,32,6,32,16,24
73520129,73520137,2,3,16,4,24,16,8,8,96
73525889,73525897,2,2,16,4,36,32,16,4,96
73553429,73553437,2,3,16,4,8,8,16,16,72
73556129,73556137,2,4,16,4,24,8,4,4,48
73563689,73563697,2,2,16,4,24,16,16,8,60
73572809,73572817,2,3,16,4,6,16,32,4,20
73585769,73585777,5,2,16,8,24,16,4,36,40
73604009,73604017,2,3,16,8,12,16,16,8,120
73617629,73617637,2,1,16,8,48,16,16,32,24
73622369,73622377,2,3,16,4,6,16,8,16,48
73634789,73634797,2,3,16,4,48,8,8,16,36
73646129,73646137,5,3,16,8,48,32,4,4,48
73650089,73650097,2,4,16,4,6,8,32,8,60
73666829,73666837,4,2,16,16,20,8,8,16,36
73692029,73692037,4,4,16,6,64,4,8,4,72
73698629,73698637,2,1,16,4,32,16,16,16,48
73705469,73705477,2,4,16,4,96,12,8,6,48
73709429,73709437,6,3,16,8,32,48,8,4,48
73720469,73720477,2,3,16,4,16,4,16,12,24
73731929,73731937,5,2,16,16,24,12,4,16,24
73747469,73747477,2,3,16,8,10,8,16,24,96
73771589,73771597,2,2,16,4,32,16,16,8,36
73805909,73805917,2,4,16,4,8,12,16,8,48
73817609,73817617,2,4,16,4,12,6,16,8,20
73827029,73827037,2,3,16,4,16,16,4,4,36
73834889,73834897,5,3,16,16,12,48,8,8,20
73847309,73847317,2,4,16,8,60,24,8,8,12
73859069,73859077,5,3,16,16,102,8,4,12,18
73859189,73859197,4,5,16,8,32,6,8,8,12
73874369,73874377,2,2,16,4,72,8,32,20,64
73883489,73883497,2,4,16,4,6,6,8,16,32
73892309,73892317,5,3,16,8,16,24,4,12,24
73901129,73901137,2,2,16,4,6,32,16,32,40
73906229,73906237,4,2,16,16,32,4,8,24,48
73922609,73922617,2,4,16,8,12,16,8,8,48
73931789,73931797,2,3,16,4,40,32,4,8,18
73969529,73969537,2,3,16,4,24,24,8,8,32
73975529,73975537,6,3,16,16,6,8,16,4,30
74021729,74021737,6,3,16,16,24,6,8,4,32
74029289,74029297,2,3,16,4,6,24,8,24,40
74054129,74054137,2,4,16,4,12,12,32,8,64
74061509,74061517,2,4,16,8,16,8,8,16,12
74065829,74065837,6,4,16,8,8,20,8,4,48
74078309,74078317,2,4,16,4,64,8,8,4,72
74109569,74109577,3,3,16,8,6,20,16,6,64
74114129,74114137,3,4,16,16,6,8,8,8,64
74117369,74117377,2,4,16,4,12,32,8,8,72
74120369,74120377,2,2,16,4,12,16,16,64,32
74122709,74122717,2,2,16,8,24,24,16,8,24
74135189,74135197,6,4,16,8,8,8,16,4,24
74155889,74155897,2,4,16,4,12,8,4,16,24
74169509,74169517,5,2,16,16,16,20,8,32,12
74176709,74176717,2,3,16,4,32,24,8,8,24
74181089,74181097,2,1,16,4,24,16,16,16,96
74182109,74182117,2,3,16,4,12,6,16,16,48
74183909,74183917,2,4,16,4,32,12,32,8,12
74200109,74200117,5,2,16,8,120,24,4,16,24
74245529,74245537,2,4,16,4,12,4,8,24,36
74272529,74272537,2,4,16,4,12,8,20,4,96
74273369,74273377,3,3,16,8,6,6,16,32,24
74278829,74278837,4,2,16,16,20,4,32,8,24
74296829,74296837,6,2,16,16,60,16,8,4,36
74306129,74306137,2,3,16,4,12,32,16,4,32
74310869,74310877,2,1,16,4,16,16,16,32,144
74337869,74337877,2,1,16,8,40,16,16,16,72
74399729,74399737,5,2,16,16,48,12,4,16,32
74414909,74414917,2,2,16,4,112,16,16,8,48
74454329,74454337,2,5,16,8,12,8,8,8,112
74462789,74462797,2,2,16,4,16,8,16,32,36
74476109,74476117,2,3,16,4,20,8,8,16,288
74477489,74477497,6,3,16,8,24,12,16,4,32
74484029,74484037,2,2,16,4,28,16,32,8,60
74516069,74516077,5,2,16,16,16,8,4,24,72
74517329,74517337,2,2,16,8,24,16,8,16,48
74523269,74523277,2,2,16,4,16,16,48,6,18
74530769,74530777,5,3,16,16,12,32,4,12,32
74537069,74537077,6,4,16,8,10,24,8,6,48
74538509,74538517,2,3,16,4,20,12,8,16,24
74540369,74540377,2,3,16,8,12,16,8,32,48
74547929,74547937,2,4,16,4,12,8,8,32,36
74552189,74552197,5,4,16,8,64,12,4,4,24
74562869,74562877,2,3,16,4,32,16,8,8,24
74564429,74564437,4,3,16,8,10,6,16,24,96
74568929,74568937,2,4,16,8,12,12,16,12,96
74578109,74578117,6,3,16,8,56,12,16,4,96
74584589,74584597,2,4,16,4,10,12,16,8,24
74587529,74587537,2,3,16,4,6,4,32,16,120
74591129,74591137,4,4,16,8,72,4,8,4,72
74595629,74595637,2,4,16,8,10,8,16,8,18
74605709,74605717,2,3,16,4,20,16,4,8,36
74611409,74611417,2,5,16,4,12,12,8,8,64
74648669,74648677,2,5,16,4,24,12,4,6,12
74649989,74649997,2,3,16,8,16,32,8,8,72
74651729,74651737,3,3,16,8,6,16,16,8,16
74654669,74654677,5,4,16,16,10,8,4,12,48
74668889,74668897,3,4,16,16,6,8,8,12,144
74679629,74679637,2,4,16,4,10,48,8,8,24
74692829,74692837,2,3,16,4,24,8,4,16,18
74700869,74700877,2,2,16,8,32,72,8,32,24
74703809,74703817,6,4,16,8,6,8,32,4,128
74715989,74715997,2,2,16,4,16,32,16,8,24
74721209,74721217,2,4,16,4,12,12,16,4,28
74724269,74724277,2,4,16,4,20,12,8,12,72
74746409,74746417,5,3,16,8,24,18,4,4,80
74765909,74765917,4,3,16,8,64,4,4,48,120
74772689,74772697,2,3,16,8,24,8,8,16,16
74784629,74784637,2,3,16,8,32,32,8,8,18
74793629,74793637,4,2,16,16,24,8,8,16,18
74795789,74795797,5,2,16,16,20,16,4,8,72
74802569,74802577,2,3,16,4,48,12,16,12,20
74820929,74820937,2,4,16,4,24,12,4,8,64
74831369,74831377,2,3,16,4,48,24,8,8,40
74837129,74837137,2,3,16,4,6,24,16,4,80
74843429,74843437,2,3,16,8,32,60,8,16,12
74858969,74858977,3,3,16,8,6,32,32,12,72
74885189,74885197,2,2,16,4,16,12,32,16,24
74892269,74892277,2,4,16,4,40,4,8,6,60
74928929,74928937,5,3,16,16,48,6,4,8,32
74950409,74950417,2,4,16,4,6,8,64,4,90
74951069,74951077,2,3,16,8,24,12,16,24,12
74968169,74968177,2,3,16,4,24,64,4,12,40
74977589,74977597,5,3,16,8,16,8,4,48,48
74987309,74987317,2,2,16,4,20,16,8,16,24
75008909,75008917,2,3,16,4,40,16,4,8,60
75016289,75016297,3,1,16,16,12,16,16,16,24
75029069,75029077,5,2,16,12,20,16,4,36,18
75033029,75033037,2,1,16,4,16,16,32,16,72
75040409,75040417,2,3,16,4,6,24,16,8,72
75069509,75069517,6,3,16,8,16,24,8,4,96
75081989,75081997,2,2,16,4,16,8,16,16,144
75100709,75100717,6,4,16,8,8,16,8,4,24
75117269,75117277,5,2,16,16,16,32,4,12,36
75124589,75124597,2,2,16,4,20,24,16,48,12
75140789,75140797,5,3,16,8,16,48,4,8,24
75154829,75154837,2,4,16,8,10,48,16,8,12
75157409,75157417,2,3,16,4,24,16,4,8,32
75163709,75163717,4,2,16,16,56,4,4,32,72
75170729,75170737,2,3,16,4,48,8,8,16,60
75173789,75173797,4,4,16,36,12,8,8,8,36
75179669,75179677,3,4,16,12,8,12,8,24,96
75195689,75195697,2,2,16,4,144,6,48,16,20
75203969,75203977,2,4,16,8,12,12,8,36,64
75204929,75204937,2,3,16,4,12,16,8,32,80
75216989,75216997,2,4,16,4,24,8,8,8,18
75237509,75237517,2,3,16,4,32,16,8,8,36
75240029,75240037,2,3,16,4,24,16,4,8,48
75259229,75259237,2,3,16,4,24,32,8,8,48
75275429,75275437,3,2,16,12,8,16,16,32,24
75282509,75282517,2,4,16,4,10,8,8,16,36
75285929,75285937,5,5,16,8,12,8,4,8,100
75298889,75298897,4,4,16,8,12,4,8,32,120
75303329,75303337,6,4,16,8,24,12,8,4,32
75309869,75309877,2,3,16,8,40,8,16,8,36
75310229,75310237,4,3,16,8,8,4,16,64,30
75315209,75315217,2,4,16,4,24,12,8,8,40
75327089,75327097,2,2,16,4,6,24,16,16,128
75337589,75337597,5,3,16,16,64,8,4,12,36
75346409,75346417,2,3,16,8,12,16,32,8,40
75359489,75359497,2,3,16,8,24,12,32,8,16
75366509,75366517,4,3,16,8,20,6,8,32,24
75379169,75379177,2,2,16,4,24,16,8,24,24
75392609,75392617,2,5,16,8,12,10,8,8,32
75407729,75407737,2,2,16,8,24,32,8,16,32
75445709,75445717,5,2,16,16,20,24,4,8,24
75452009,75452017,2,3,16,4,12,96,32,4,40
75465869,75465877,2,1,16,8,20,48,16,16,24
75468629,75468637,2,3,16,4,32,4,4,16,36
75468989,75468997,5,4,16,8,14,8,4,24,48
75476369,75476377,2,3,16,4,6,8,16,16,48
75501389,75501397,5,5,16,8,10,8,4,4,60
75506069,75506077,2,4,16,4,16,8,8,12,72
75512369,75512377,2,3,16,8,24,8,8,32,24
75529109,75529117,6,4,16,8,8,64,8,4,36
75561809,75561817,5,5,16,8,12,6,4,8,64
75575909,75575917,2,2,16,4,8,32,16,16,72
75577889,75577897,2,3,16,4,24,4,24,4,96
75600929,75600937,4,4,16,16,12,4,8,4,24
75617609,75617617,2,3,16,4,48,12,8,16,40
75634589,75634597,2,4,16,4,96,8,8,8,72
75642509,75642517,4,3,16,8,40,4,4,32,18
75645209,75645217,2,3,16,4,6,32,16,4,36
75654209,75654217,2,3,16,4,12,8,16,16,128
75660509,75660517,2,4,16,8,36,8,8,8,18
75666809,75666817,2,2,16,8,24,16,8,16,96
75674189,75674197,2,2,16,4,40,16,4,32,48
75682769,75682777,2,4,16,8,12,12,8,24,128
75689429,75689437,2,4,16,4,32,12,16,8,12
75696689,75696697,2,4,16,4,6,8,16,4,48
75704429,75704437,6,2,16,16,10,16,32,4,96
75709229,75709237,4,4,16,8,20,6,8,16,12
75727829,75727837,4,4,16,6,8,4,24,8,36
75740009,75740017,4,3,16,8,12,6,16,16,80
75746309,75746317,2,2,16,4,16,16,32,8,24
75751229,75751237,2,4,16,4,14,8,8,24,72
75754829,75754837,2,3,16,4,10,36,4,32,36
75763409,75763417,5,4,16,8,12,12,4,32,16
75789509,75789517,2,3,16,8,32,24,8,8,24
75801269,75801277,3,3,16,32,8,16,8,12,18
75817589,75817597,2,4,16,4,8,8,4,16,48
75829289,75829297,2,3,16,4,48,12,4,16,40
75861209,75861217,4,3,16,8,18,4,16,8,144
75872669,75872677,6,4,16,8,12,16,8,6,96
75873989,75873997,2,3,16,4,32,8,16,4,120
75874289,75874297,2,2,16,4,24,16,8,48,64
75881009,75881017,2,4,16,4,12,16,8,8,32
75907829,75907837,5,3,16,12,64,16,8,8,18
75915569,75915577,3,4,16,8,6,8,32,12,128
75936989,75936997,2,2,16,8,24,16,32,8,72
75944489,75944497,5,1,16,16,24,16,8,16,20
75952229,75952237,2,3,16,8,16,72,24,8,12
75959669,75959677,2,2,16,4,64,8,16,24,72
75965969,75965977,2,5,16,4,12,8,12,6,24
75966269,75966277,2,4,16,4,14,12,8,96,48
75978029,75978037,2,2,16,4,40,8,16,32,72
75981629,75981637,5,3,16,8,28,16,4,8,36
75999029,75999037,2,2,16,4,16,32,4,32,24
75999389,75999397,2,4,16,4,72,12,8,4,24
76009529,76009537,3,4,16,8,6,16,8,12,56
76014209,76014217,5,5,16,8,12,8,4,4,48
76020869,76020877,2,3,16,4,48,4,4,32,24
76027829,76027837,2,3,16,4,8,12,16,16,24
76029809,76029817,6,2,16,16,12,16,16,8,16
76041389,76041397,6,2,16,6,20,16,32,4,24
76045289,76045297,3,4,16,8,6,6,16,8,40
76054829,76054837,4,2,16,8,40,6,16,16,192
76064609,76064617,5,2,16,12,24,16,8,16,64
76080929,76080937,2,3,16,4,24,12,4,16,16
76094489,76094497,6,4,16,8,12,8,16,4,108
76102589,76102597,4,2,16,16,28,8,16,8,36
76133669,76133677,2,4,16,8,8,48,8,24,12
76146089,76146097,6,4,16,12,24,6,8,4,40
76161269,76161277,2,3,16,4,96,4,32,12,24
76172609,76172617,2,4,16,8,12,8,16,8,64
76205309,76205317,6,1,16,24,36,16,16,4,72
76209689,76209697,2,3,16,8,12,16,16,8,72
76221689,76221697,2,4,16,8,12,12,8,32,72
76263269,76263277,2,3,16,4,16,6,4,36,24
76280069,76280077,5,2,16,16,16,16,8,12,24
76280969,76280977,2,3,16,4,72,4,32,12,120
76293389,76293397,2,3,16,4,60,8,8,16,18
76305209,76305217,2,3,16,4,6,16,16,8,112
76333889,76333897,2,1,16,4,24,16,16,16,48
76352369,76352377,2,2,16,4,24,12,32,16,16
76385489,76385497,5,3,16,16,24,12,8,8,64
76386209,76386217,2,4,16,6,12,32,8,8,16
76407329,76407337,3,3,16,32,6,16,8,8,96
76427489,76427497,2,3,16,8,12,8,16,24,128
76437869,76437877,2,3,16,4,80,12,16,16,12
76447289,76447297,2,3,16,8,12,16,32,8,42
76451009,76451017,5,3,16,16,12,16,4,4,32
76468829,76468837,2,2,16,4,24,16,16,8,48
76494029,76494037,2,5,16,8,10,96,8,8,12
76510289,76510297,4,4,16,8,6,4,32,4,24
76512209,76512217,4,5,16,8,12,6,8,12,64
76521629,76521637,2,3,16,4,48,16,12,8,18
76525769,76525777,2,4,16,8,12,8,16,12,80
76530989,76530997,6,4,16,8,10,96,8,4,36
76542989,76542997,1,0,16,16,20,24,16,16,24
76571609,76571617,2,3,16,4,24,6,24,8,96
76579589,76579597,2,1,16,8,16,16,64,16,36
76593029,76593037,6,3,16,8,8,80,16,4,48
76597229,76597237,2,2,16,4,20,8,16,24,36
76610129,76610137,2,5,16,4,12,12,4,8,32
76618769,76618777,2,4,16,4,12,108,4,6,64
76635869,76635877,2,4,16,8,12,24,8,16,12
76637669,76637677,6,4,16,8,8,24,16,6,12
76638629,76638637,2,1,16,8,16,16,16,16,60
76639109,76639117,2,4,16,8,64,12,8,16,12
76675889,76675897,2,3,16,4,6,16,16,8,160
76684169,76684177,2,3,16,4,12,16,16,6,30
76686509,76686517,4,4,16,8,40,4,8,4,72
76686989,76686997,2,3,16,8,20,10,16,32,12
76699829,76699837,5,4,16,8,16,8,4,8,72
76702169,76702177,4,4,16,24,12,8,8,12,72
76709309,76709317,2,4,16,8,14,12,32,8,24
76717229,76717237,2,2,16,4,40,16,8,16,24
76738889,76738897,5,4,16,8,6,16,4,8,60
76775729,76775737,2,3,16,6,24,6,16,8,32
76778489,76778497,2,1,16,4,48,24,16,16,88
76803809,76803817,3,4,16,8,6,6,16,8,16
76823489,76823497,2,2,16,8,12,16,16,16,72
76837169,76837177,2,2,16,8,24,16,8,24,96
76852289,76852297,2,3,16,8,24,16,8,8,48
76889489,76889497,6,4,16,8,6,10,32,4,16
76894529,76894537,2,4,16,4,60,12,4,8,64
76939529,76939537,2,3,16,8,24,12,32,8,20
76947509,76947517,4,4,16,12,32,4,8,4,24
76948709,76948717,4,3,16,8,8,6,16,32,96
76960409,76960417,4,2,16,24,12,6,16,16,48
76991009,76991017,6,4,16,8,12,16,8,4,32
76997009,76997017,4,2,16,16,12,4,16,16,48
77001269,77001277,2,2,16,4,16,10,16,36,96
77032469,77032477,2,2,16,8,24,8,16,24,36
77075429,77075437,2,3,16,4,48,18,8,4,24
77095229,77095237,5,3,16,8,14,20,4,24,24
77106629,77106637,4,2,16,16,16,4,16,4,72
77112569,77112577,2,4,16,8,12,8,48,12,54
77132189,77132197,5,5,16,8,12,8,4,8,96
77138069,77138077,2,3,16,4,16,12,16,48,12
77139389,77139397,4,4,16,8,112,4,4,4,18
77143529,77143537,2,3,16,8,12,8,24,32,80
77144909,77144917,2,4,16,4,40,8,24,8,12
77146709,77146717,2,2,16,4,16,24,16,12,24
77171909,77171917,2,3,16,4,16,64,8,4,24
77183429,77183437,4,3,16,8,8,6,32,16,24
77216609,77216617,2,4,16,4,48,8,8,8,48
77233469,77233477,4,4,16,12,14,8,8,24,48
77234789,77234797,4,2,16,16,8,4,64,32,60
77235629,77235637,6,2,16,12,20,32,16,8,48
77251289,77251297,2,4,16,4,6,24,4,8,96
77257409,77257417,4,2,16,24,12,6,16,16,32
77258669,77258677,2,2,16,8,40,12,16,24,48
77290229,77290237,2,1,16,8,16,16,16,16,36
77298989,77298997,6,2,16,16,40,12,16,8,36
77299589,77299597,5,3,16,8,8,16,4,16,180
77311229,77311237,6,2,16,8,18,16,96,4,24
77324189,77324197,4,3,16,32,48,8,8,8,24
77327969,77327977,2,3,16,8,24,16,8,12,32
77330489,77330497,2,4,16,8,12,24,8,12,28
77334629,77334637,2,3,16,4,32,12,8,16,24
77336969,77336977,6,2,16,16,12,24,32,6,20
77340569,77340577,3,4,16,12,6,24,8,12,48
77394389,77394397,2,3,16,8,8,16,32,12,24
77415809,77415817,3,4,16,8,6,12,8,16,32
77441729,77441737,2,4,16,8,12,12,8,16,64
77450969,77450977,5,4,16,8,12,16,4,12,36
77459189,77459197,2,3,16,4,16,64,4,8,24
77472209,77472217,3,3,16,8,6,32,8,16,24
77493029,77493037,6,3,16,16,8,24,8,4,24
77494289,77494297,6,3,16,16,6,32,8,4,128
77496329,77496337,4,4,16,8,12,4,4,16,60
77503889,77503897,2,1,16,4,24,16,16,16,24
77522369,77522377,2,4,16,4,6,8,8,32,16
77531009,77531017,2,1,16,4,24,20,16,16,32
77545409,77545417,2,2,16,8,12,24,16,16,32
77553389,77553397,2,4,16,4,20,4,8,8,24
77561669,77561677,2,4,16,4,16,8,8,12,18
77589389,77589397,2,5,16,4,10,12,8,8,72
77591369,77591377,4,3,16,24,12,8,16,8,30
77597969,77597977,2,3,16,4,24,8,8,48,64
77610209,77610217,6,3,16,8,24,6,16,4,32
77614709,77614717,5,2,16,8,16,16,4,32,24
77631269,77631277,2,4,16,4,16,12,8,6,24
77632769,77632777,2,3,16,4,24,8,8,24,64
77635409,77635417,2,4,16,4,12,12,8,24,16
77637269,77637277,2,3,16,4,16,8,64,6,36
77642129,77642137,2,2,16,8,24,16,8,32,96
77643869,77643877,1,0,16,16,24,16,16,16,24
77648789,77648797,4,2,16,16,64,8,8,16,36
77650889,77650897,2,3,16,4,24,28,4,8,20
77685989,77685997,2,3,16,4,16,96,8,8,48
77747609,77747617,2,3,16,8,24,32,12,8,72
77750429,77750437,5,3,16,8,48,6,4,32,48
77754569,77754577,2,2,16,4,72,40,16,12,20
77756729,77756737,2,4,16,6,6,8,8,16,28
77765969,77765977,2,2,16,8,12,16,48,24,24
77767769,77767777,2,3,16,4,12,8,16,24,144
77768609,77768617,2,1,16,4,24,32,16,16,16
77794229,77794237,2,3,16,4,8,16,16,8,96
77821889,77821897,5,3,16,16,6,12,4,24,16
77824289,77824297,5,4,16,8,48,8,4,8,72
77832389,77832397,4,3,16,32,32,4,8,8,36
77903789,77903797,2,3,16,4,20,18,8,8,48
77912789,77912797,2,3,16,4,32,64,8,8,48
77933189,77933197,2,3,16,8,8,16,32,8,54
77950409,77950417,5,3,16,16,6,24,4,8,40
77957129,77957137,2,3,16,4,24,16,8,8,30
77957309,77957317,2,3,16,4,28,8,16,4,72
77959589,77959597,2,4,16,4,32,6,8,8,96
77987729,77987737,2,4,16,4,12,8,16,8,48
78003389,78003397,2,2,16,4,28,16,24,8,36
78041309,78041317,2,3,16,4,12,20,16,16,12
78086369,78086377,4,2,16,16,48,4,8,16,32
78088169,78088177,2,3,16,4,24,8,32,12,60
78111569,78111577,2,4,16,4,24,8,4,12,48
78128789,78128797,2,3,16,8,32,40,8,8,24
78138509,78138517,5,2,16,16,20,20,8,16,12
78141989,78141997,2,3,16,4,16,8,16,4,72
78149909,78149917,3,3,16,16,8,8,8,16,36
78152189,78152197,6,3,16,12,20,12,16,8,24
78168809,78168817,4,4,16,8,48,4,8,4,120
78185369,78185377,5,3,16,8,24,16,4,8,72
78212909,78212917,5,1,16,16,20,16,8,16,18
78239669,78239677,2,5,16,4,32,12,8,12,12
78256769,78256777,2,2,16,4,24,30,16,12,64
78257489,78257497,6,3,16,16,12,6,16,4,16
78262889,78262897,3,5,16,8,6,12,8,8,80
78267569,78267577,2,2,16,8,12,16,64,24,32
78284729,78284737,4,2,16,16,24,8,32,8,42
78285029,78285037,4,1,16,16,32,12,16,16,48
78302309,78302317,4,4,16,8,32,6,8,16,12
78318389,78318397,2,3,16,4,16,4,32,8,72
78330269,78330277,6,2,16,12,24,24,16,6,36
78333509,78333517,2,2,16,4,16,4,32,32,36
78360629,78360637,2,2,16,4,64,24,8,16,24
78367529,78367537,2,3,16,4,12,8,16,16,60
78399389,78399397,5,3,16,8,24,16,4,4,72
78405629,78405637,2,4,16,4,56,6,8,48,12
78417029,78417037,4,3,16,16,16,4,4,4,72
78431789,78431797,2,2,16,4,20,8,16,16,36
78455669,78455677,2,2,16,8,16,24,48,12,24
78460229,78460237,2,3,16,4,16,4,16,8,36
78463829,78463837,2,3,16,4,32,16,8,8,48
78477869,78477877,2,2,16,8,40,8,16,16,24
78479669,78479677,6,3,16,8,32,8,48,6,72
78484169,78484177,2,2,16,4,48,8,16,24,30
78490409,78490417,2,3,16,4,48,6,16,8,20
78493109,78493117,2,3,16,8,32,12,16,8,48
78500189,78500197,4,3,16,16,24,4,8,4,72
78516329,78516337,2,2,16,4,6,24,16,16,40
78524969,78524977,2,2,16,4,24,24,8,24,20
78526589,78526597,4,2,16,16,32,6,16,8,24
78533789,78533797,2,2,16,4,24,30,4,16,24
78571769,78571777,2,4,16,4,12,24,4,12,72
78589409,78589417,2,2,16,8,24,64,8,16,32
78615869,78615877,5,3,16,8,14,16,4,32,24
78635009,78635017,5,5,16,8,12,8,4,8,64
78645029,78645037,2,4,16,4,16,8,8,12,24
78648509,78648517,2,3,16,4,14,8,16,16,48
78678029,78678037,6,1,16,16,20,32,16,4,36
78702269,78702277,2,2,16,4,42,40,32,24,12
78725369,78725377,2,3,16,8,48,8,16,8,108
78744089,78744097,2,3,16,4,48,4,64,8,48
78757529,78757537,6,3,16,8,24,12,16,4,96
78774329,78774337,2,3,16,4,48,16,8,8,56
78813509,78813517,2,2,16,8,8,16,16,16,24
78839609,78839617,2,5,16,4,6,6,8,4,28
78845729,78845737,2,3,16,4,24,12,32,4,16
78860009,78860017,2,3,16,4,72,8,8,32,30
78864809,78864817,2,3,16,4,48,16,12,8,40
78865169,78865177,5,4,16,16,6,6,4,6,64
78884969,78884977,2,4,16,8,12,12,8,18,80
78895769,78895777,2,3,16,4,12,24,4,24,96
78939689,78939697,2,5,16,4,12,12,4,4,80
78963869,78963877,4,3,16,8,24,4,24,8,96
78965309,78965317,5,2,16,8,28,24,4,16,18
78987569,78987577,5,4,16,8,12,24,4,12,32
79003289,79003297,5,5,16,8,12,8,4,8,96
79026809,79026817,2,4,16,4,24,8,8,8,128
79048289,79048297,4,4,16,8,6,4,16,8,24
79070729,79070737,2,3,16,4,24,48,8,4,20
79076489,79076497,2,5,16,8,12,10,12,8,80
79093109,79093117,2,3,16,4,64,16,8,8,36
79110029,79110037,6,2,16,16,40,16,8,4,18
79112489,79112497,2,2,16,8,24,24,8,16,80
79123529,79123537,2,4,16,4,24,8,12,8,90
79138109,79138117,4,3,16,16,14,8,12,16,144
79141169,79141177,4,2,16,16,24,8,24,12,48
79165469,79165477,4,4,16,16,12,4,8,12,144
79192769,79192777,5,4,16,12,12,24,4,12,32
79199969,79199977,3,4,16,8,6,6,48,6,32
79200689,79200697,2,4,16,8,12,64,8,8,16
79204889,79204897,2,3,16,4,18,8,4,32,72
79235609,79235617,6,4,16,32,12,12,8,4,72
79252769,79252777,2,5,16,8,12,8,8,12,128
79257809,79257817,2,4,16,8,12,8,8,32,192
79263329,79263337,2,3,16,6,24,16,8,8,32
79277609,79277617,2,2,16,8,12,24,16,16,200
79289789,79289797,5,4,16,12,14,32,8,8,24
79290569,79290577,2,3,16,4,24,4,12,54,100
79300469,79300477,6,2,16,16,16,24,8,6,18
79309829,79309837,2,3,16,4,40,8,4,16,72
79316129,79316137,5,3,16,8,12,16,4,24,24
79316969,79316977,2,3,16,4,96,6,16,12,40
79317509,79317517,2,5,16,8,32,12,8,8,12
79320209,79320217,2,3,16,4,24,12,4,32,16
79324169,79324177,2,3,16,4,12,18,8,24,80
79330709,79330717,2,3,16,4,8,16,16,8,18
79331429,79331437,2,2,16,4,16,12,32,16,36
79339709,79339717,4,1,16,16,28,8,16,32,24
79343969,79343977,3,3,16,16,6,12,16,12,16
79351889,79351897,2,4,16,8,12,24,8,8,64
79357169,79357177,2,3,16,4,12,16,16,6,96
79367069,79367077,4,4,16,8,24,4,4,12,36
79413329,79413337,2,4,16,4,6,4,32,8,24
79439609,79439617,2,3,16,4,24,16,4,8,108
79451069,79451077,2,4,16,8,14,24,8,12,24
79457789,79457797,4,2,16,16,20,4,8,16,216
79462829,79462837,2,4,16,4,20,4,8,8,48
79493069,79493077,2,3,16,8,10,16,24,12,108
79500209,79500217,6,3,16,8,48,48,8,4,32
79515509,79515517,2,2,16,4,16,120,24,4,24
79517189,79517197,6,3,16,16,16,8,12,4,72
79549529,79549537,2,2,16,4,12,40,16,16,96
79563929,79563937,2,4,16,4,24,6,4,8,48
79582709,79582717,2,2,16,4,32,24,16,8,48
79585229,79585237,6,3,16,8,30,16,8,4,36
79600889,79600897,2,3,16,4,36,4,8,16,54
79623689,79623697,6,5,16,8,12,6,8,4,20
79626629,79626637,4,1,16,16,16,8,16,16,36
79629089,79629097,2,4,16,4,12,12,8,64,16
79635209,79635217,2,4,16,4,6,24,8,8,20
79639529,79639537,2,5,16,4,12,6,8,4,40
79644989,79644997,2,3,16,4,84,8,16,4,18
79651589,79651597,2,2,16,4,16,40,16,8,24
79655189,79655197,5,4,16,32,16,6,4,4,12
79664069,79664077,2,2,16,4,16,16,64,12,18
79721129,79721137,4,5,16,8,6,4,8,8,60
79736609,79736617,2,3,16,4,12,32,16,8,64
79747529,79747537,5,3,16,8,24,6,4,16,80
79766429,79766437,6,3,16,16,12,12,16,8,24
79783589,79783597,2,3,16,4,16,8,32,8,48
79798889,79798897,3,4,16,8,6,8,16,12,60
79802669,79802677,2,3,16,4,10,8,24,24,36
79806569,79806577,2,4,16,8,12,64,8,12,20
79812869,79812877,2,2,16,4,16,24,4,48,48
79817369,79817377,2,3,16,4,12,8,96,16,24
79833209,79833217,2,3,16,4,12,24,8,32,64
79845509,79845517,2,4,16,4,16,8,8,8,36
79847069,79847077,2,2,16,4,24,32,8,24,48
79854989,79854997,2,3,16,8,40,12,16,8,24
79866209,79866217,2,3,16,8,12,8,16,32,32
79882709,79882717,2,4,16,4,64,16,8,8,12
79897529,79897537,2,4,16,4,24,8,4,8,56
79898009,79898017,6,4,16,8,12,24,8,4,96
79902929,79902937,2,3,16,4,12,16,16,8,40
79937309,79937317,2,2,16,4,96,24,8,16,36
79949669,79949677,2,1,16,8,32,24,48,36,24
79953989,79953997,2,2,16,8,16,32,8,16,48
79960289,79960297,5,4,16,8,12,24,4,4,64
79978169,79978177,5,4,16,16,12,8,4,6,84
79995389,79995397,5,3,16,12,20,12,8,16,96
80015729,80015737,3,3,16,8,6,24,8,24,32
80019209,80019217,2,3,16,4,48,8,16,8,60
80020469,80020477,5,3,16,8,16,16,4,12,36
80021489,80021497,2,2,16,8,12,16,16,16,32
80039669,80039677,2,3,16,8,32,12,32,24,12
80040809,80040817,2,3,16,8,48,8,12,24,60
80046389,80046397,2,2,16,4,64,8,16,16,36
80050709,80050717,4,4,16,8,32,4,8,8,18
80057729,80057737,5,2,16,16,12,32,4,16,96
80064869,80064877,2,2,16,4,16,18,8,16,24
80077289,80077297,2,3,16,8,12,24,32,8,80
80117669,80117677,4,3,16,16,8,4,16,12,18
80120189,80120197,2,3,16,4,16,8,24,8,72
80153789,80153797,2,3,16,8,14,24,16,8,24
80155469,80155477,6,5,16,8,10,8,12,6,36
80210489,80210497,2,3,16,4,6,20,16,8,28
80213369,80213377,3,3,16,8,6,12,16,16,32
80217869,80217877,2,2,16,4,40,12,16,32,24
80244869,80244877,2,3,16,4,32,24,4,8,24
80264369,80264377,2,3,16,4,12,16,8,20,48
80294729,80294737,2,3,16,8,36,12,16,8,80
80300369,80300377,2,4,16,4,12,8,32,8,64
80300489,80300497,2,3,16,4,12,24,8,16,20
80312789,80312797,2,4,16,8,64,8,8,8,30
80314529,80314537,3,3,16,16,6,12,8,16,32
80340509,80340517,2,1,16,4,96,16,16,16,18
80349329,80349337,2,2,16,4,24,8,16,16,48
80357609,80357617,5,2,16,8,24,32,4,16,40
80377169,80377177,2,3,16,4,24,24,8,12,32
80381129,80381137,6,2,16,8,18,16,16,4,80
80399369,80399377,4,2,16,8,24,4,16,80,60
80423129,80423137,2,4,16,4,12,8,24,8,72
80441609,80441617,2,3,16,4,12,32,8,16,20
80448509,80448517,4,3,16,8,44,4,4,16,18
80458529,80458537,2,2,16,8,24,12,16,16,32
80473709,80473717,2,4,16,8,60,8,8,8,96
80474909,80474917,2,4,16,4,24,12,16,8,12
80483189,80483197,2,2,16,4,16,16,8,16,24
80493089,80493097,2,3,16,4,6,36,16,8,64
80496329,80496337,5,4,16,8,24,12,4,8,80
80500829,80500837,2,4,16,8,12,12,12,16,48
80506289,80506297,2,2,16,8,18,16,16,8,48
80513669,80513677,5,3,16,8,16,16,4,12,42
80532029,80532037,2,3,16,4,56,4,48,8,96
80539229,80539237,2,3,16,4,24,8,8,16,36
80549309,80549317,2,2,16,4,28,16,8,64,30
80574089,80574097,3,5,16,8,6,12,8,8,20
80577869,80577877,2,3,16,8,20,12,32,32,12
80578769,80578777,5,2,16,12,24,32,8,24,64
80589269,80589277,4,3,16,12,32,8,8,24,24
80600789,80600797,2,3,16,8,16,64,8,8,36
80610989,80610997,6,4,16,8,80,12,8,4,24
80624009,80624017,5,2,16,16,18,16,4,8,120
80629169,80629177,4,2,16,16,24,6,8,24,32
80650469,80650477,5,3,16,8,48,16,4,12,18
80670209,80670217,5,2,16,8,24,24,4,16,48
80673269,80673277,2,2,16,4,16,32,16,12,24
80688389,80688397,2,4,16,8,16,24,8,8,12
80717969,80717977,2,3,16,8,24,8,8,24,24
80723189,80723197,4,1,16,24,32,4,16,16,48
80731229,80731237,2,3,16,8,24,24,8,16,12
80744009,80744017,2,3,16,4,12,24,8,16,80
80747609,80747617,2,3,16,4,24,12,16,8,96
80747669,80747677,2,3,16,8,8,16,16,12,36
80748509,80748517,2,1,16,4,48,24,16,16,36
80749769,80749777,2,3,16,8,12,24,8,24,20
80775389,80775397,2,3,16,4,48,4,16,8,36
80779109,80779117,2,3,16,8,32,10,16,8,36
80793389,80793397,4,3,16,16,20,8,12,8,48
80829029,80829037,2,1,16,8,16,16,32,24,48
80862329,80862337,2,3,16,4,48,8,8,16,96
80868209,80868217,6,4,16,8,24,12,8,4,64
80876129,80876137,2,4,16,4,6,18,8,4,32
80877989,80877997,2,1,16,4,48,16,16,16,36
80879969,80879977,2,3,16,4,12,8,16,24,48
80921909,80921917,2,3,16,4,64,4,8,16,42
80929829,80929837,4,3,16,8,8,4,16,32,144
80940029,80940037,2,3,16,4,22,8,8,16,24
80945429,80945437,2,2,16,8,48,32,16,8,96
80978609,80978617,2,4,16,4,48,4,8,8,80
80979809,80979817,2,3,16,4,24,12,8,16,16
80980169,80980177,4,4,16,8,48,6,8,12,20
80995169,80995177,2,3,16,4,12,32,16,12,48
81011009,81011017,4,4,16,8,12,4,48,8,40
81018689,81018697,6,5,16,8,12,12,8,4,96
81023009,81023017,5,5,16,8,12,12,4,8,16
81056309,81056317,6,4,16,8,16,12,8,4,24
81076529,81076537,6,3,16,8,24,8,64,4,48
81082109,81082117,2,2,16,8,72,16,8,32,36
81085709,81085717,4,3,16,16,10,4,16,4,72
81092009,81092017,4,2,16,48,24,8,32,8,60
81102029,81102037,2,3,16,4,80,8,8,16,48
81119369,81119377,4,2,16,8,24,4,32,20,120
81131789,81131797,4,3,16,16,40,4,4,4,36
81141089,81141097,2,4,16,4,24,12,8,8,64
81148889,81148897,2,3,16,4,18,8,4,16,36
81159509,81159517,2,4,16,4,64,8,4,12,48
81175469,81175477,5,3,16,8,20,16,4,12,72
81177269,81177277,2,4,16,6,64,6,16,12,12
81178709,81178717,2,4,16,4,8,32,8,4,48
81192809,81192817,3,1,16,16,6,16,16,24,90
81193109,81193117,2,4,16,4,64,6,8,8,24
81220289,81220297,2,2,16,8,24,48,8,16,16
81255269,81255277,2,3,16,4,32,8,32,6,36
81260429,81260437,2,3,16,4,20,12,16,8,48
81275009,81275017,4,4,16,8,24,6,8,8,32
81277709,81277717,2,2,16,8,40,24,32,8,48
81278129,81278137,2,4,16,4,12,4,32,4,48
81305789,81305797,2,3,16,4,56,12,16,4,48
81321689,81321697,5,3,16,8,12,32,4,32,144
81329069,81329077,5,2,16,16,20,24,8,12,48
81339989,81339997,2,4,16,4,8,12,16,8,48
81352409,81352417,2,4,16,4,12,6,48,8,48
81373469,81373477,4,3,16,8,24,6,16,12,24
81397769,81397777,4,4,16,24,12,6,8,12,40
81398189,81398197,2,4,16,8,20,8,8,8,144
81409709,81409717,2,3,16,4,20,16,8,8,36
81418829,81418837,2,2,16,8,20,24,32,8,24
81498089,81498097,2,5,16,4,12,8,8,8,40
81518729,81518737,2,2,16,8,24,24,16,8,40
81524909,81524917,4,1,16,16,80,8,16,16,144
81537089,81537097,2,3,16,4,36,24,8,4,64
81537629,81537637,5,4,16,8,48,6,4,4,48
81545369,81545377,2,3,16,4,12,120,8,16,192
81552269,81552277,2,3,16,4,10,32,8,24,36
81568469,81568477,2,4,16,4,8,8,32,12,36
81603029,81603037,2,4,16,4,48,8,8,8,36
81610769,81610777,2,4,16,4,6,8,12,24,144
81616889,81616897,2,3,16,4,24,8,16,4,168
81621509,81621517,2,1,16,8,32,24,16,16,24
81642929,81642937,2,4,16,8,24,12,8,12,32
81645989,81645997,5,3,16,8,16,24,4,4,24
81670829,81670837,2,4,16,8,20,12,8,12,48
81693389,81693397,4,3,16,8,30,4,16,8,36
81694289,81694297,3,4,16,8,6,8,16,8,48
81703109,81703117,4,3,16,8,16,4,8,16,72
81717269,81717277,2,2,16,8,32,24,8,36,48
81718529,81718537,2,4,16,4,12,48,4,8,32
81727889,81727897,2,3,16,8,24,24,8,8,32
81732029,81732037,2,4,16,4,14,12,16,32,12
81739829,81739837,2,3,16,4,8,24,16,8,18
81767129,81767137,2,4,16,4,12,36,4,12,48
81785489,81785497,2,4,16,4,12,24,8,8,32
81830369,81830377,2,2,16,4,24,16,8,16,48
81832889,81832897,2,4,16,6,6,8,16,8,224
81855569,81855577,4,4,16,8,12,4,32,12,128
81882389,81882397,2,2,16,4,32,8,24,16,18
81919289,81919297,2,4,16,4,48,8,8,8,56
81921269,81921277,2,4,16,4,8,8,16,12,18
81934409,81934417,5,4,16,12,24,8,4,4,100
81951629,81951637,2,3,16,8,20,24,8,8,96
81961409,81961417,5,4,16,8,24,8,4,8,32
81964109,81964117,2,4,16,4,10,48,8,8,48
81977369,81977377,2,2,16,4,6,16,16,16,48
82001729,82001737,6,3,16,24,6,8,16,4,48
82033529,82033537,2,2,16,4,24,16,32,4,64
82056209,82056217,2,3,16,4,96,16,4,8,32
82056929,82056937,2,3,16,4,24,12,16,8,48
82058369,82058377,5,2,16,12,24,16,8,32,32
82070489,82070497,2,2,16,4,36,16,16,8,60
82076069,82076077,5,2,16,16,32,8,4,24,36
82081829,82081837,4,1,16,16,32,12,16,16,120
82089869,82089877,4,3,16,8,60,6,8,32,24
82106069,82106077,2,3,16,4,16,48,8,6,48
82110089,82110097,6,1,16,16,24,16,16,4,60
82125689,82125697,2,1,16,4,24,24,16,24,64
82141889,82141897,4,3,16,16,36,6,8,8,32
82171469,82171477,4,3,16,8,40,4,16,12,24
82199489,82199497,3,4,16,8,6,12,8,16,32
82201829,82201837,2,3,16,8,32,24,96,8,12
82217489,82217497,6,3,16,16,18,6,8,4,16
82218209,82218217,3,2,16,8,6,64,16,16,16
82219469,82219477,5,4,16,8,10,48,4,12,48
82230089,82230097,2,3,16,4,48,16,8,8,40
82256189,82256197,2,3,16,4,28,12,8,16,48
82263809,82263817,4,4,16,8,12,4,16,8,128
82265969,82265977,2,3,16,4,12,4,16,24,64
82266809,82266817,6,3,16,6,12,16,16,4,28
82280129,82280137,2,3,16,6,24,12,16,8,32
82292789,82292797,2,5,16,4,8,8,4,8,18
82301909,82301917,2,3,16,4,128,56,8,8,24
82311329,82311337,2,3,16,8,24,8,8,16,32
82337369,82337377,2,1,16,8,24,24,16,16,96
82342289,82342297,5,3,16,8,12,16,4,40,24
82354529,82354537,5,5,16,8,12,8,4,8,192
82354709,82354717,2,2,16,8,32,16,24,8,36
82356269,82356277,2,4,16,4,10,12,64,6,24
82379669,82379677,3,3,16,16,8,24,8,48,12
82412789,82412797,2,5,16,8,64,12,8,8,12
82417889,82417897,2,4,16,4,12,16,8,8,96
82419269,82419277,2,4,16,6,24,12,12,6,72
82420409,82420417,2,3,16,8,12,8,16,32,140
82423409,82423417,6,3,16,8,24,24,8,4,16
82430609,82430617,2,3,16,8,48,12,16,12,16
82431389,82431397,5,3,16,8,24,16,4,4,18
82437689,82437697,3,1,16,16,12,24,16,16,112
82453289,82453297,2,3,16,4,6,48,32,4,40
82470929,82470937,2,3,16,4,12,16,16,8,16
82491509,82491517,2,3,16,4,8,16,32,8,36
82500629,82500637,2,2,16,4,16,16,16,16,12
82503689,82503697,2,4,16,4,12,6,16,8,40
82534889,82534897,2,4,16,8,12,16,8,8,80
82537229,82537237,2,1,16,8,40,16,24,24,18
82537529,82537537,2,3,16,4,48,36,8,4,56
82539389,82539397,4,2,16,16,32,8,32,8,36
82541489,82541497,6,3,16,16,12,12,48,8,16
82543829,82543837,2,3,16,4,96,16,4,8,24
82552829,82552837,2,2,16,8,48,48,32,8,24
82566689,82566697,2,4,16,4,48,12,8,8,32
82587269,82587277,2,2,16,8,16,32,16,12,30
82636409,82636417,3,3,16,32,6,8,8,16,64
82640489,82640497,2,3,16,4,12,30,4,32,40
82648469,82648477,2,3,16,4,8,16,4,48,36
82663409,82663417,2,4,16,8,48,8,8,8,80
82668029,82668037,5,3,16,8,20,20,4,8,48
82681769,82681777,2,3,16,4,24,8,32,12,80
82692509,82692517,4,3,16,8,48,6,8,16,24
82693769,82693777,2,3,16,8,18,24,8,12,80
82694489,82694497,2,3,16,4,12,32,16,8,48
82697609,82697617,2,4,16,4,12,4,8,96,30
82716629,82716637,2,2,16,4,32,40,64,4,24
82716869,82716877,4,4,16,8,16,4,8,10,60
82742969,82742977,2,4,16,4,12,4,24,12,42
82743509,82743517,2,4,16,4,16,4,8,4,36
82779089,82779097,2,4,16,4,12,12,4,16,32
82779329,82779337,2,3,16,4,12,32,16,4,48
82791509,82791517,2,3,16,4,64,48,32,8,12
82809689,82809697,2,4,16,4,12,12,16,8,96
82827389,82827397,2,2,16,4,32,64,8,24,18
82827929,82827937,2,4,16,4,12,8,12,16,36
82828469,82828477,6,2,16,16,16,48,8,6,36
82839209,82839217,4,3,16,16,12,8,8,16,40
82848629,82848637,2,2,16,4,16,32,16,8,48
82863569,82863577,2,3,16,4,48,24,8,12,48
82866989,82866997,2,3,16,4,40,24,8,4,24
82877789,82877797,4,3,16,8,12,4,16,64,48
82890029,82890037,6,2,16,8,20,16,16,4,36
82890329,82890337,2,4,16,4,48,6,8,8,48
82909829,82909837,2,2,16,4,16,16,16,8,36
82933229,82933237,2,3,16,4,20,8,8,24,18
82957169,82957177,2,3,16,8,12,16,8,24,32
82958969,82958977,2,5,16,4,12,4,8,12,192
82987529,82987537,3,4,16,16,6,12,8,8,20
82991009,82991017,5,2,16,16,36,16,8,8,24
83002889,83002897,2,4,16,4,24,8,8,8,60
83006789,83006797,6,2,16,8,32,24,16,4,24
83012429,83012437,2,3,16,4,10,16,8,16,72
83022689,83022697,2,2,16,8,12,16,16,16,48
83028809,83028817,2,2,16,4,36,32,16,8,120
83053829,83053837,2,5,16,4,8,8,8,4,60
83074169,83074177,2,3,16,4,24,16,8,12,96
83077769,83077777,3,3,16,16,6,8,8,24,60
83085329,83085337,4,2,16,24,24,8,16,8,48
83096609,83096617,4,3,16,16,24,6,8,8,64
83118809,83118817,2,2,16,4,36,4,16,16,72
83126489,83126497,2,3,16,6,24,10,16,8,48
83127809,83127817,2,3,16,8,24,8,48,8,32
83133389,83133397,2,5,16,8,10,8,8,8,18
83148269,83148277,2,4,16,4,10,24,8,48,12
83151569,83151577,2,4,16,4,12,8,16,12,32
83165969,83165977,5,4,16,8,12,16,4,12,48
83167709,83167717,2,5,16,4,48,6,8,4,12
83179289,83179297,2,3,16,8,12,32,16,8,36
83184809,83184817,2,2,16,4,24,20,8,16,80
83186429,83186437,2,3,16,8,72,24,8,8,24
83186489,83186497,5,4,16,8,12,32,4,8,84
83192789,83192797,5,1,16,16,16,16,8,16,18
83240309,83240317,5,2,16,16,16,16,4,8,36
83249129,83249137,2,4,16,8,12,16,8,8,120
83260409,83260417,2,3,16,4,12,32,16,8,44
83296229,83296237,4,2,16,8,16,6,16,16,24
83298629,83298637,2,3,16,8,8,8,16,16,18
83303489,83303497,5,2,16,8,24,32,4,16,48
83320169,83320177,4,5,16,8,12,6,8,6,40
83330969,83330977,2,4,16,4,12,12,8,24,48
83339309,83339317,2,4,16,4,40,4,4,8,36
83353169,83353177,5,4,16,8,48,8,4,6,48
83385209,83385217,6,3,16,24,36,8,12,4,48
83392409,83392417,6,2,16,16,24,16,12,4,60
83406269,83406277,2,5,16,8,14,8,8,12,72
83423309,83423317,4,3,16,8,40,6,16,16,12
83427269,83427277,2,3,16,4,32,8,16,12,24
83433269,83433277,2,3,16,4,64,16,8,12,36
83458769,83458777,3,2,16,16,6,24,16,6,16
83463689,83463697,2,3,16,4,36,8,8,16,60
83471909,83471917,2,4,16,4,16,12,8,4,24
83483669,83483677,2,2,16,4,16,32,4,48,48
83485769,83485777,6,3,16,8,24,24,8,6,160
83502329,83502337,2,3,16,8,12,12,16,16,36
83518769,83518777,5,3,16,16,12,32,8,12,80
83527589,83527597,4,3,16,16,16,8,8,8,36
83555609,83555617,2,2,16,4,48,24,8,32,72
83577089,83577097,4,3,16,6,24,4,4,16,80
83594369,83594377,4,4,16,8,12,4,8,20,64
83602289,83602297,2,5,16,4,12,4,8,8,24
83603669,83603677,2,3,16,4,32,6,32,6,48
83620469,83620477,2,2,16,4,16,16,16,6,18
83625869,83625877,2,3,16,4,20,8,4,16,72
83648189,83648197,2,3,16,4,28,4,96,4,18
83653589,83653597,6,3,16,8,48,16,8,4,72
83664929,83664937,2,3,16,4,12,16,8,16,48
83703089,83703097,2,4,16,4,12,8,8,16,24
83707529,83707537,6,4,16,8,6,96,8,4,40
83717069,83717077,2,4,16,4,10,24,16,12,12
83731169,83731177,2,4,16,4,24,8,8,12,96
83753489,83753497,2,4,16,4,12,4,16,12,96
83765189,83765197,2,3,16,4,32,8,8,16,36
83767829,83767837,2,4,16,4,16,12,8,8,24
83783129,83783137,2,2,16,4,12,32,16,16,48
83795189,83795197,2,2,16,4,16,12,24,16,48
83803529,83803537,5,4,16,8,6,32,4,8,60
83807069,83807077,1,0,16,16,24,24,16,24,24
83808209,83808217,2,4,16,4,6,8,16,8,64
83813789,83813797,2,1,16,8,24,16,16,16,108
83820929,83820937,5,2,16,16,48,64,8,12,32
83844329,83844337,2,3,16,4,24,6,16,4,120
83847629,83847637,2,4,16,4,20,4,8,8,36
83870309,83870317,6,3,16,6,32,8,24,4,60
83877809,83877817,2,5,16,4,6,12,8,8,128
83881289,83881297,4,4,16,6,12,4,32,8,30
83890109,83890117,2,3,16,4,42,4,32,4,18
83921429,83921437,2,2,16,4,32,16,8,32,18
83958089,83958097,2,3,16,4,6,16,8,16,80
83968229,83968237,2,4,16,8,16,8,8,8,72
83988209,83988217,5,3,16,8,48,16,4,8,96
84032609,84032617,5,2,16,16,6,32,4,16,128
84056729,84056737,5,5,16,8,12,12,4,8,24
84071489,84071497,6,3,16,8,6,64,16,4,16
84087929,84087937,2,2,16,8,12,16,16,16,128
84092069,84092077,4,3,16,16,16,8,8,12,18
84107189,84107197,4,3,16,8,64,4,16,8,18
84114389,84114397,2,2,16,4,32,16,32,8,96
84117269,84117277,4,3,16,12,16,4,8,48,36
84123509,84123517,2,3,16,4,64,12,32,16,12
84142769,84142777,2,2,16,4,24,128,4,24,16
84151289,84151297,5,4,16,16,12,8,4,8,132
84171389,84171397,2,3,16,4,16,10,16,16,12
84197669,84197677,2,3,16,4,32,24,16,6,12
84199529,84199537,3,4,16,16,6,8,8,8,30
84221429,84221437,2,3,16,4,8,12,32,16,24
84248069,84248077,3,3,16,16,8,64,8,12,48
84258029,84258037,4,2,16,32,10,8,32,16,48
84270209,84270217,2,3,16,6,24,14,32,8,32
84284609,84284617,2,4,16,4,12,12,16,8,32
84294929,84294937,4,5,16,8,12,4,8,4,48
84319889,84319897,5,3,16,8,12,32,4,16,16
84334829,84334837,5,3,16,12,20,24,4,8,48
84348689,84348697,3,2,16,16,6,24,8,16,48
84355889,84355897,2,4,16,4,6,12,8,16,64
84359489,84359497,2,4,16,4,48,6,8,8,64
84364589,84364597,5,3,16,12,20,16,8,8,36
84368729,84368737,2,3,16,4,72,8,32,8,48
84370709,84370717,2,3,16,4,16,8,8,48,144
84380909,84380917,2,4,16,8,40,8,8,16,12
84399269,84399277,5,2,16,24,16,48,8,12,36
84416369,84416377,3,1,16,16,12,48,16,16,96
84434429,84434437,2,4,16,4,20,4,8,4,18
84437069,84437077,5,3,16,16,20,40,4,6,12
84442829,84442837,2,3,16,4,20,24,16,8,12
84444629,84444637,2,3,16,4,8,32,4,32,48
84485909,84485917,2,3,16,4,64,24,4,8,60
84527969,84527977,2,4,16,4,12,18,8,12,32
84528869,84528877,5,3,16,6,24,32,4,16,12
84533069,84533077,5,2,16,16,40,8,4,24,36
84533369,84533377,5,1,16,16,48,24,8,16,64
84545129,84545137,6,4,16,16,12,8,8,4,120
84551969,84551977,2,3,16,4,24,16,8,12,72
84574109,84574117,2,4,16,4,24,8,8,4,108
84608129,84608137,6,4,16,8,12,32,8,4,48
84626309,84626317,4,3,16,32,8,4,8,16,48
84634889,84634897,6,2,16,16,12,24,16,8,40
84660089,84660097,2,3,16,4,12,48,4,16,32
84662069,84662077,4,3,16,12,32,6,16,12,24
84664109,84664117,2,2,16,6,40,8,16,16,36
84667889,84667897,4,3,16,16,6,4,4,32,64
84677069,84677077,2,3,16,4,20,16,4,12,120
84681209,84681217,2,3,16,4,96,8,16,8,240
84685529,84685537,2,2,16,8,24,16,16,8,72
84687689,84687697,2,3,16,8,12,48,16,8,60
84689609,84689617,2,3,16,8,24,12,16,8,40
84716069,84716077,6,3,16,8,16,48,8,6,24
84723269,84723277,2,3,16,4,16,8,8,48,24
84725309,84725317,6,3,16,8,42,8,16,4,72
84730109,84730117,2,2,16,4,72,24,24,4,24
84753029,84753037,4,3,16,8,64,4,16,8,18
84770129,84770137,2,3,16,4,12,16,24,8,48
84773309,84773317,2,3,16,8,28,24,8,8,24
84781769,84781777,4,1,16,16,36,12,16,24,80
84796589,84796597,2,4,16,4,10,8,8,24,36
84809909,84809917,2,3,16,4,32,8,16,8,36
84813269,84813277,4,3,16,8,32,6,32,12,24
84818009,84818017,2,4,16,8,12,8,8,16,120
84850169,84850177,2,4,16,8,36,10,8,12,80
84858329,84858337,6,3,16,8,24,8,16,4,36
84869669,84869677,2,3,16,8,32,8,8,48,36
84871469,84871477,2,3,16,4,80,8,4,24,60
84897689,84897697,2,2,16,4,24,8,48,16,96
84918389,84918397,2,4,16,6,64,24,8,8,12
84923609,84923617,2,4,16,4,6,16,4,12,48
84948509,84948517,2,2,16,4,48,16,16,8,18
84952589,84952597,2,2,16,4,20,24,8,16,24
84958589,84958597,2,4,16,4,32,4,8,8,36
84960929,84960937,2,4,16,4,24,4,8,8,24
84963089,84963097,2,3,16,4,12,8,16,16,24
84977069,84977077,2,3,16,4,10,32,24,6,48
84979109,84979117,2,2,16,4,16,4,16,48,36
84992969,84992977,2,4,16,8,12,24,8,12,50
84994709,84994717,2,2,16,4,32,12,32,16,24
84998369,84998377,2,2,16,4,24,16,8,32,64
84998729,84998737,5,4,16,8,36,8,4,8,30
85014329,85014337,2,3,16,8,48,8,8,16,56
85019189,85019197,2,3,16,4,32,64,8,4,24
85035809,85035817,5,4,16,16,12,8,4,8,24
85042589,85042597,2,3,16,4,24,12,32,8,24
85077029,85077037,2,3,16,8,8,8,24,16,54
85077389,85077397,5,2,16,16,40,16,8,8,18
85082369,85082377,2,2,16,4,6,16,24,48,32
85084169,85084177,3,4,16,8,6,12,8,24,40
85087229,85087237,2,2,16,4,22,32,4,16,48
85108889,85108897,2,4,16,8,12,8,16,8,36
85113029,85113037,2,4,16,8,8,8,8,16,72
85116809,85116817,2,4,16,4,48,8,8,8,30
85136189,85136197,4,5,16,8,14,6,32,8,12
85153469,85153477,2,2,16,4,28,6,24,24,24
85154429,85154437,2,3,16,4,64,32,8,4,24
85154609,85154617,2,4,16,4,12,8,12,64,24
85160909,85160917,2,3,16,8,20,8,8,16,24
85163069,85163077,5,4,16,8,28,8,4,6,120
85165229,85165237,4,3,16,8,20,4,48,4,48
85186589,85186597,2,2,16,4,24,16,4,32,24
85222769,85222777,2,3,16,4,12,12,32,24,16
85290089,85290097,2,3,16,4,12,24,8,32,40
85291769,85291777,6,3,16,8,12,16,16,6,54
85306709,85306717,2,2,16,8,16,32,16,8,48
85307609,85307617,2,4,16,4,12,8,16,8,72
85311509,85311517,2,4,16,4,32,24,4,4,12
85316969,85316977,2,3,16,4,24,16,8,6,50
85334429,85334437,6,4,16,12,24,8,8,4,72
85349489,85349497,2,4,16,8,12,12,8,32,64
85350989,85350997,6,4,16,8,10,48,8,4,30
85359569,85359577,5,4,16,24,12,12,8,12,16
85360829,85360837,2,2,16,4,28,24,16,8,48
85362509,85362517,5,3,16,8,20,8,4,32,36
85362989,85362997,4,3,16,8,40,6,8,16,24
85401509,85401517,2,3,16,4,32,16,8,8,24
85433069,85433077,2,2,16,4,40,12,16,72,24
85433609,85433617,2,3,16,8,12,8,32,32,50
85443629,85443637,5,2,16,16,40,16,8,16,12
85488509,85488517,2,2,16,8,48,16,8,24,81
85490429,85490437,5,2,16,16,36,24,8,8,24
85493129,85493137,2,2,16,4,12,48,16,16,60
85514789,85514797,2,2,16,4,16,16,16,4,18
85522109,85522117,2,2,16,4,42,24,4,16,24
85536929,85536937,2,1,16,4,24,16,16,16,96
85540529,85540537,2,4,16,4,108,12,8,4,80
85554869,85554877,2,2,16,4,64,20,8,16,48
85565009,85565017,6,3,16,16,48,8,8,4,48
85571609,85571617,2,3,16,4,12,8,16,16,48
85596509,85596517,5,3,16,32,24,8,4,8,72
85619189,85619197,5,2,16,16,16,16,8,8,72
85687229,85687237,4,4,16,16,14,4,8,4,72
85722089,85722097,6,3,16,32,24,12,8,4,40
85745369,85745377,2,3,16,4,6,16,32,8,36
85754489,85754497,2,3,16,4,6,48,64,8,32
85761329,85761337,2,5,16,4,12,12,4,8,32
85766789,85766797,2,3,16,4,16,64,4,8,24
85776869,85776877,2,3,16,8,8,32,8,20,72
85802609,85802617,5,3,16,8,24,16,4,8,24
85804709,85804717,2,5,16,4,64,12,8,8,12
85809929,85809937,2,3,16,4,12,18,16,4,20
85819709,85819717,2,3,16,4,56,16,8,4,48
85877669,85877677,2,3,16,8,8,8,16,24,72
85901069,85901077,2,3,16,8,10,12,32,24,36
85908209,85908217,2,5,16,8,12,12,8,8,16
85964909,85964917,2,3,16,8,80,12,24,8,24
85967429,85967437,2,3,16,8,16,32,8,8,24
85996289,85996297,2,4,16,4,12,8,8,16,64
86001329,86001337,2,2,16,4,12,16,32,16,24
86006189,86006197,2,2,16,4,40,32,16,12,36
86020709,86020717,2,3,16,4,16,12,32,12,24
86024009,86024017,2,3,16,4,24,4,4,16,60
86053529,86053537,2,4,16,4,6,4,32,8,96
86060669,86060677,2,3,16,4,16,12,16,6,24
86068769,86068777,2,3,16,4,24,24,8,12,16
86071529,86071537,5,3,16,24,6,8,4,24,60
86079809,86079817,2,4,16,4,36,4,4,8,48
86092529,86092537,2,3,16,4,24,12,16,8,32
86096369,86096377,2,1,16,4,24,32,24,32,48
86102669,86102677,6,5,16,8,10,8,8,6,72
86112869,86112877,2,1,16,8,16,48,16,32,24
86135969,86135977,2,2,16,4,24,24,16,12,48
86141009,86141017,3,3,16,8,6,16,8,16,64
86164229,86164237,2,4,16,4,64,8,8,4,60
86169029,86169037,2,3,16,8,16,12,16,8,24
86178629,86178637,5,4,16,16,8,8,4,8,108
86189009,86189017,2,3,16,4,24,12,8,16,32
86189429,86189437,2,4,16,4,24,8,8,8,18
86202029,86202037,2,4,16,8,20,8,8,8,96
86211869,86211877,2,3,16,4,12,24,12,20,24
86212289,86212297,4,3,16,32,12,4,32,8,32
86260169,86260177,2,3,16,4,24,8,48,6,120
86267309,86267317,2,2,16,4,20,36,8,32,24
86284829,86284837,2,2,16,4,48,16,4,24,72
86291069,86291077,2,3,16,4,64,36,8,12,24
86295269,86295277,4,2,16,8,24,4,16,24,18
86297369,86297377,2,1,16,8,24,32,16,16,96
86304989,86304997,2,2,16,4,72,16,8,16,36
86309129,86309137,2,2,16,4,48,16,16,8,60
86316869,86316877,2,5,16,8,8,8,8,10,54
86336609,86336617,2,3,16,8,12,24,32,8,16
86337869,86337877,2,1,16,4,80,16,16,48,24
86372969,86372977,2,4,16,8,12,10,8,24,40
86399969,86399977,5,3,16,16,12,64,4,6,64
86413289,86413297,2,3,16,4,72,6,8,16,20
86418209,86418217,2,2,16,8,24,24,8,16,24
86441909,86441917,2,3,16,8,16,12,8,16,72
86479409,86479417,2,4,16,8,12,8,24,8,24
86503289,86503297,3,4,16,16,6,12,8,8,64
86509229,86509237,2,3,16,4,10,24,32,8,24
86525489,86525497,2,3,16,8,12,8,32,32,96
86528009,86528017,2,1,16,8,24,32,16,32,30
86580569,86580577,5,2,16,8,24,16,4,24,60
86585969,86585977,2,2,16,4,24,16,4,24,128
86586809,86586817,2,2,16,4,36,20,8,16,56
86596709,86596717,2,4,16,4,16,12,8,12,24
86632409,86632417,2,4,16,4,12,8,32,8,144
86678609,86678617,2,3,16,4,12,32,24,8,32
86693069,86693077,2,3,16,4,40,4,16,12,18
86693909,86693917,2,3,16,8,16,24,8,32,12
86715389,86715397,4,2,16,16,44,8,8,16,18
86715869,86715877,2,4,16,4,12,16,8,8,24
86762309,86762317,2,3,16,4,32,32,8,4,24
86763569,86763577,5,5,16,8,12,12,4,12,32
86764529,86764537,2,3,16,8,24,8,8,16,48
86768309,86768317,4,3,16,16,16,4,8,8,36
86800709,86800717,2,2,16,4,32,16,64,4,18
86828369,86828377,2,4,16,4,12,6,8,16,64
86832509,86832517,2,3,16,4,32,16,8,32,12
86836829,86836837,2,4,16,4,12,16,32,8,12
86864369,86864377,5,2,16,16,12,32,4,20,32
86865629,86865637,2,1,16,8,36,24,32,16,96
86869109,86869117,6,2,16,12,32,16,16,4,72
86876429,86876437,2,2,16,8,20,24,16,8,24
86905409,86905417,2,3,16,8,12,16,8,16,32
86905589,86905597,5,5,16,8,32,6,4,8,12
86977829,86977837,4,4,16,8,8,4,8,32,72
86978369,86978377,4,2,16,8,24,4,32,48,24
86980469,86980477,2,2,16,4,16,20,16,12,24
86987489,86987497,2,2,16,4,12,16,16,48,48
86992589,86992597,4,4,16,6,10,4,16,4,24
87010529,87010537,2,4,16,4,24,6,8,4,32
87012329,87012337,2,4,16,8,48,8,8,8,40
87013229,87013237,2,2,16,4,20,12,32,16,24
87023129,87023137,2,4,16,4,48,8,8,8,48
87024929,87024937,3,5,16,8,6,12,8,8,32
87041909,87041917,3,3,16,16,8,16,8,8,36
87092969,87092977,6,2,16,8,24,36,32,6,40
87123209,87123217,2,4,16,4,12,6,4,16,40
87140189,87140197,2,3,16,4,48,8,16,8,72
87141569,87141577,2,3,16,8,48,12,8,24,32
87146489,87146497,2,5,16,4,12,8,8,4,120
87168209,87168217,2,4,16,4,12,12,32,4,16
87170609,87170617,2,4,16,8,24,8,8,8,48
87177569,87177577,2,3,16,8,12,16,32,12,16
87188729,87188737,2,5,16,4,12,12,4,8,72
87190409,87190417,4,1,16,32,24,4,32,16,60
87196169,87196177,2,3,16,4,24,8,32,12,120
87196469,87196477,2,2,16,4,64,64,4,24,24
87198989,87198997,2,3,16,8,20,24,8,8,24
87201209,87201217,5,3,16,16,12,16,4,8,42
87225869,87225877,2,3,16,8,20,8,8,48,24
87226409,87226417,2,4,16,4,24,8,8,8,80
87230309,87230317,5,2,16,16,32,12,8,32,48
87249989,87249997,2,3,16,4,8,8,16,16,72
87265109,87265117,2,3,16,4,32,8,16,8,36
87268889,87268897,2,4,16,4,12,4,4,16,216
87302729,87302737,2,2,16,8,24,16,8,48,60
87305069,87305077,2,3,16,4,20,8,8,24,72
87335309,87335317,2,5,16,4,10,12,8,4,18
87347489,87347497,6,3,16,64,12,12,16,4,32
87357989,87357997,4,3,16,16,16,4,4,4,72
87360989,87360997,2,2,16,4,48,36,32,8,48
87368069,87368077,2,2,16,4,16,16,8,24,36
87373409,87373417,2,4,16,4,48,12,4,8,64
87379769,87379777,2,3,16,8,12,8,16,24,112
87389069,87389077,4,4,16,8,40,6,8,36,12
87401309,87401317,4,5,16,8,12,6,64,8,12
87452129,87452137,4,3,16,16,6,4,16,4,80
87487709,87487717,2,4,16,4,96,6,8,16,12
87496169,87496177,3,3,16,16,6,16,8,12,20
87547469,87547477,2,3,16,4,20,40,8,12,48
87557069,87557077,6,2,16,12,20,32,32,6,36
87562109,87562117,5,3,16,12,32,16,8,8,36
87583289,87583297,2,3,16,4,12,36,4,16,56
87588869,87588877,2,2,16,4,24,6,16,24,24
87608369,87608377,2,2,16,4,24,8,16,16,48
87610169,87610177,6,2,16,12,24,16,16,6,84
87610829,87610837,2,3,16,8,10,12,16,16,24
87615389,87615397,2,4,16,4,12,8,4,32,36
87631589,87631597,6,1,16,16,32,16,16,8,72
87649409,87649417,5,4,16,8,24,8,4,8,96
87658709,87658717,2,2,16,8,16,32,32,8,24
87661829,87661837,6,2,16,8,16,24,16,4,18
87667409,87667417,5,3,16,16,12,8,4,16,48
87685229,87685237,4,3,16,8,10,4,16,32,36
87699389,87699397,5,1,16,16,56,24,8,16,24
87741869,87741877,7,1,16,16,40,40,16,20,12
87746069,87746077,6,4,16,8,8,16,8,6,36
87753389,87753397,5,2,16,16,20,48,4,8,24
87768929,87768937,2,3,16,8,12,8,16,16,48
87774629,87774637,2,4,16,6,16,6,8,8,24
87776669,87776677,2,2,16,4,24,8,16,24,96
87777509,87777517,2,3,16,12,16,20,12,16,12
87791369,87791377,2,2,16,4,12,36,16,16,40
87797729,87797737,2,3,16,8,48,16,8,8,64
87802529,87802537,2,4,16,4,12,48,8,12,16
87830429,87830437,4,2,16,16,24,8,32,16,12
87851909,87851917,2,4,16,4,16,4,4,8,18
87872969,87872977,2,3,16,4,48,4,24,6,30
87883589,87883597,2,3,16,4,16,24,8,4,48
87892229,87892237,2,3,16,6,16,64,8,8,24
87898289,87898297,2,2,16,4,6,24,16,16,64
87907829,87907837,6,4,16,12,48,48,8,4,12
87909089,87909097,2,3,16,4,24,6,16,4,32
87920969,87920977,2,3,16,4,6,48,32,12,80
87933029,87933037,2,2,16,4,16,20,16,8,24
87948569,87948577,2,3,16,4,6,8,16,48,36
87968189,87968197,2,3,16,4,56,4,8,16,36
87978269,87978277,4,3,16,8,48,4,8,36,18
87984209,87984217,2,2,16,4,24,16,8,16,24
87990689,87990697,2,4,16,8,12,8,8,24,48
87997709,87997717,2,2,16,4,40,8,16,16,72
88009409,88009417,4,4,16,8,6,4,8,32,80
88012289,88012297,2,3,16,4,6,4,16,16,24
88022309,88022317,5,4,16,16,16,12,8,8,12
88041089,88041097,6,4,16,8,6,24,8,4,192
88056509,88056517,4,4,16,8,56,6,16,8,12
88071089,88071097,2,3,16,8,12,24,12,32,32
88092869,88092877,2,3,16,4,16,64,8,32,12
88102229,88102237,4,2,16,8,16,6,16,24,24
88104089,88104097,2,3,16,4,12,24,16,8,36
88111469,88111477,6,3,16,8,40,8,24,6,90
88115009,88115017,2,3,16,4,12,32,16,12,32
88123109,88123117,2,3,16,4,64,16,4,8,24
88130369,88130377,4,4,16,12,24,4,8,8,32
88148309,88148317,2,2,16,4,64,24,8,16,24
88152269,88152277,2,2,16,8,40,32,24,12,48
88161869,88161877,2,4,16,8,10,8,8,20,72
88168529,88168537,4,1,16,16,24,8,16,32,48
88192409,88192417,2,3,16,4,48,12,24,8,48
88223969,88223977,2,3,16,4,12,16,8,36,48
88228409,88228417,3,1,16,16,6,64,16,16,28
88241609,88241617,5,3,16,8,6,16,4,16,160
88251329,88251337,5,3,16,8,24,16,4,8,64
88267469,88267477,2,3,16,4,20,18,8,12,48
88269809,88269817,4,4,16,8,12,6,16,8,16
88280069,88280077,2,2,16,8,16,24,8,24,24
88297709,88297717,2,3,16,4,30,24,8,8,24
88298669,88298677,2,4,16,4,40,4,4,12,36
88300829,88300837,2,3,16,4,24,8,16,8,36
88304729,88304737,2,3,16,4,24,12,16,8,96
88375709,88375717,2,4,16,4,12,8,24,8,72
88382009,88382017,2,4,16,4,12,8,16,8,84
88392209,88392217,6,3,16,8,6,24,16,4,64
88392929,88392937,3,3,16,8,6,24,8,16,32
88402829,88402837,2,4,16,4,20,10,16,4,12
88414709,88414717,6,2,16,16,16,8,16,4,36
88455629,88455637,5,2,16,16,20,24,8,8,36
88473089,88473097,3,3,16,8,6,16,16,8,72
88480289,88480297,6,3,16,8,12,16,16,4,128
88502789,88502797,4,3,16,16,32,4,4,8,18
88505489,88505497,2,2,16,4,24,8,16,32,96
88507409,88507417,2,4,16,4,12,24,8,8,64
88523969,88523977,2,4,16,4,12,12,32,12,32
88556609,88556617,2,3,16,8,12,8,16,16,48
88568789,88568797,2,2,16,8,16,12,16,16,24
88572929,88572937,5,3,16,24,24,10,4,8,16
88578389,88578397,6,4,16,8,16,8,8,4,18
88578869,88578877,2,2,16,4,8,16,16,32,24
88592369,88592377,2,2,16,4,36,10,32,16,16
88601189,88601197,2,3,16,8,8,24,16,32,12
88607669,88607677,2,2,16,4,32,48,16,24,12
88640429,88640437,5,2,16,16,10,32,8,16,48
88668389,88668397,5,5,16,12,8,8,4,4,36
88688909,88688917,2,3,16,4,20,4,8,16,36
88699529,88699537,2,4,16,4,12,8,24,4,100
88704389,88704397,2,3,16,4,64,4,8,16,60
88719629,88719637,6,4,16,32,10,6,8,4,24
88723769,88723777,2,5,16,4,6,6,8,12,28
88729709,88729717,2,3,16,8,20,12,16,16,12
88733009,88733017,2,3,16,8,12,16,8,16,32
88736909,88736917,2,2,16,8,20,12,16,16,48
88747709,88747717,2,2,16,4,28,12,32,16,24
88749329,88749337,6,2,16,8,24,24,16,4,48
88761389,88761397,2,4,16,4,40,48,8,4,12
88790069,88790077,2,3,16,4,16,8,8,48,36
88812389,88812397,2,4,16,4,8,4,8,16,96
88829669,88829677,4,1,16,16,32,8,16,24,96
88833389,88833397,2,4,16,4,20,12,16,8,12
88850009,88850017,2,4,16,4,24,8,8,4,36
88869569,88869577,2,3,16,8,48,12,32,12,32
88875029,88875037,6,4,16,32,8,8,8,4,96
88886129,88886137,5,3,16,6,24,16,4,8,64
88903769,88903777,2,4,16,4,12,12,16,6,48
88907009,88907017,2,4,16,8,12,18,8,8,32
88922909,88922917,4,2,16,16,48,4,16,8,36
88926989,88926997,2,3,16,4,160,12,16,4,24
88937129,88937137,2,2,16,8,24,16,16,8,80
88961429,88961437,6,2,16,24,16,16,8,4,24
88962329,88962337,2,3,16,4,24,8,4,32,72
88970789,88970797,6,2,16,16,32,8,16,4,36
88992209,88992217,4,3,16,16,12,8,8,16,32
89002229,89002237,2,2,16,4,32,20,4,16,24
89003729,89003737,2,4,16,4,12,32,4,8,24
89075009,89075017,4,4,16,8,12,4,16,8,48
89080769,89080777,4,2,16,16,24,4,4,18,32
89093189,89093197,6,1,16,16,32,16,16,4,60
89112629,89112637,2,4,16,8,32,8,8,8,30
89119769,89119777,6,5,16,8,12,12,8,6,24
89132969,89132977,2,4,16,8,12,8,16,12,30
89149889,89149897,2,4,16,4,12,16,8,4,144
89156489,89156497,2,2,16,4,6,24,16,16,160
89156909,89156917,2,3,16,4,20,4,24,8,24
89172869,89172877,1,0,16,16,16,16,16,16,96
89203109,89203117,2,3,16,4,16,24,64,8,12
89206409,89206417,5,2,16,16,24,16,8,8,60
89235869,89235877,2,2,16,8,48,24,32,16,12
89249189,89249197,2,2,16,8,8,24,16,16,24
89269589,89269597,6,5,16,8,8,8,8,4,144
89286089,89286097,2,2,16,4,48,24,16,8,20
89301209,89301217,2,4,16,4,48,12,4,4,96
89309189,89309197,2,3,16,4,16,8,64,4,96
89311289,89311297,2,4,16,4,12,6,4,16,28
89325869,89325877,2,3,16,4,10,36,16,16,12
89330789,89330797,4,3,16,12,16,8,16,8,48
89340989,89340997,2,3,16,4,56,24,4,8,48
89370389,89370397,2,2,16,4,16,16,8,16,72
89381729,89381737,2,3,16,4,36,48,12,8,24
89392109,89392117,2,4,16,4,20,8,8,8,24
89400209,89400217,2,2,16,4,48,64,16,8,32
89420909,89420917,2,3,16,4,40,6,16,8,48
89425409,89425417,2,3,16,4,6,36,8,16,64
89435669,89435677,4,5,16,8,8,6,12,12,24
89441969,89441977,2,3,16,4,6,6,16,24,32
89457989,89457997,2,2,16,4,32,8,16,32,24
89466989,89466997,5,4,16,12,40,36,8,8,12
89479469,89479477,2,4,16,4,10,4,32,6,72
89487869,89487877,4,4,16,16,40,6,8,8,12
89490629,89490637,2,3,16,8,96,8,8,32,48
89503229,89503237,2,3,16,4,160,8,4,16,36
89503709,89503717,2,3,16,4,24,12,16,32,12
89521889,89521897,6,3,16,8,24,12,16,4,32
89537729,89537737,4,3,16,8,12,6,32,16,16
89540669,89540677,2,3,16,4,28,8,4,24,36
89553809,89553817,2,5,16,4,12,8,8,8,64
89564009,89564017,2,3,16,8,12,72,16,8,20
89568389,89568397,2,1,16,4,16,32,16,16,48
89571389,89571397,6,4,16,8,14,16,8,4,24
89578289,89578297,3,3,16,8,6,32,16,8,24
89589029,89589037,6,4,16,16,16,12,8,4,12
89604329,89604337,2,3,16,4,12,32,4,16,20
89614229,89614237,2,3,16,4,16,24,8,4,24
89623109,89623117,2,3,16,4,16,8,16,4,72
89623769,89623777,2,3,16,4,24,32,8,12,48
89629769,89629777,4,4,16,12,12,8,16,12,60
89641469,89641477,2,3,16,4,20,8,8,24,72
89645069,89645077,2,3,16,4,80,8,8,24,96
89658329,89658337,3,4,16,8,6,20,8,8,48
89665889,89665897,5,3,16,8,6,32,4,16,32
89667029,89667037,2,4,16,4,32,4,4,8,36
89682269,89682277,2,4,16,4,12,12,32,12,48
89738309,89738317,5,4,16,8,16,8,4,8,36
89751209,89751217,2,3,16,8,12,32,16,8,40
89751989,89751997,6,3,16,8,32,16,8,4,24
89752829,89752837,5,3,16,16,72,8,4,8,24
89765069,89765077,4,4,16,8,40,6,8,6,24
89769629,89769637,5,3,16,8,24,16,4,4,36
89769929,89769937,2,3,16,4,24,12,4,16,20
89776769,89776777,2,4,16,6,12,6,8,24,32
89801969,89801977,2,3,16,4,48,32,8,12,64
89816009,89816017,2,3,16,4,48,32,8,8,80
89917889,89917897,5,3,16,12,24,24,8,8,64
89935709,89935717,2,3,16,4,48,12,16,8,72
89937569,89937577,5,3,16,8,12,16,4,36,24
89941889,89941897,4,3,16,8,12,4,32,16,192
89946509,89946517,2,2,16,4,40,24,16,8,48
89958929,89958937,2,3,16,4,12,6,32,16,16
89964869,89964877,2,4,16,8,8,12,16,64,12
89967629,89967637,2,3,16,4,10,16,8,16,36
89971229,89971237,2,4,16,4,48,8,8,8,72
89993009,89993017,2,3,16,4,12,16,4,32,48
89998529,89998537,2,3,16,4,12,20,4,32,16
90019289,90019297,2,3,16,4,24,32,4,4,96
90038489,90038497,2,2,16,8,24,16,32,8,24
90051809,90051817,5,4,16,10,12,12,4,16,16
90053069,90053077,2,3,16,4,20,32,8,24,12
90063689,90063697,2,4,16,4,6,6,32,8,20
90064829,90064837,5,2,16,8,84,16,4,16,36
90087989,90087997,2,5,16,4,16,6,4,8,12
90093389,90093397,2,3,16,4,40,18,8,16,12
90097529,90097537,5,3,16,8,48,12,4,32,32
90111269,90111277,6,1,16,16,16,32,32,6,36
90123689,90123697,5,4,16,12,12,16,4,4,120
90125429,90125437,4,3,16,16,32,8,8,8,24
90132689,90132697,6,3,16,16,12,8,16,4,64
90136289,90136297,2,4,16,4,24,8,4,8,48
90145409,90145417,2,5,16,4,12,8,4,8,16
90197969,90197977,5,2,16,16,24,12,8,36,32
90203429,90203437,4,3,16,6,16,4,16,8,24
90225929,90225937,3,5,16,8,6,8,8,8,60
90231689,90231697,6,4,16,8,12,8,16,4,30
90233309,90233317,2,3,16,4,48,4,24,8,18
90233609,90233617,5,5,16,8,12,12,4,4,160
90248429,90248437,5,4,16,8,10,8,4,16,36
90250169,90250177,3,1,16,16,6,16,16,24,112
90258689,90258697,2,3,16,4,6,16,16,8,48
90259769,90259777,3,4,16,8,6,8,32,6,84
90298589,90298597,6,5,16,8,12,48,8,4,12
90299009,90299017,5,2,16,24,24,12,8,16,32
90300029,90300037,2,3,16,8,32,12,16,16,12
90331589,90331597,2,4,16,8,32,8,8,8,72
90375269,90375277,2,2,16,4,16,6,16,24,24
90389729,90389737,2,3,16,4,12,16,4,16,32
90400469,90400477,5,3,16,8,16,12,4,48,24
90420269,90420277,2,1,16,4,20,32,16,36,24
90442229,90442237,5,4,16,8,16,24,4,8,12
90469289,90469297,5,3,16,16,12,8,4,16,60
90472709,90472717,2,4,16,4,16,8,8,4,18
90473729,90473737,2,1,16,4,24,16,16,16,64
90477329,90477337,4,2,16,16,96,6,8,32,32
90505769,90505777,2,3,16,4,24,24,8,6,40
90510989,90510997,2,2,16,8,120,16,16,8,24
90580829,90580837,5,3,16,16,12,48,4,4,24
90593309,90593317,2,3,16,6,24,16,8,8,144
90596189,90596197,4,3,16,8,24,4,32,8,72
90619589,90619597,2,2,16,4,16,4,16,16,18
90625529,90625537,2,4,16,4,12,4,8,64,120
90657389,90657397,6,3,16,8,40,8,16,4,72
90659369,90659377,2,2,16,12,12,16,36,24,120
90659669,90659677,2,3,16,4,16,24,32,12,12
90660929,90660937,2,2,16,4,48,24,32,4,16
90670889,90670897,2,5,16,4,12,8,8,8,60
90705569,90705577,2,3,16,8,12,24,16,12,64
90711869,90711877,2,3,16,8,28,16,16,10,12
90712469,90712477,2,4,16,4,8,4,4,18,54
90725009,90725017,6,4,16,8,24,6,8,4,32
90725729,90725737,2,4,16,4,6,24,8,4,32
90732989,90732997,2,4,16,8,28,8,8,12,72
90736409,90736417,2,2,16,4,24,4,16,16,48
90740669,90740677,5,4,16,8,56,12,4,12,48
90779189,90779197,2,3,16,4,32,12,8,24,48
90795629,90795637,2,2,16,4,20,16,16,8,36
90822209,90822217,2,5,16,4,12,6,8,8,64
90825809,90825817,2,1,16,4,72,16,16,16,32
90850709,90850717,5,3,16,16,32,8,4,8,72
90859529,90859537,4,5,16,8,6,4,8,8,40
90905369,90905377,2,2,16,8,36,12,16,32,24
90905909,90905917,2,3,16,4,8,48,8,16,48
90928469,90928477,2,2,16,8,8,16,16,18,72
90950609,90950617,2,3,16,4,36,16,4,12,48
90956009,90956017,2,4,16,4,24,4,8,8,60
90957029,90957037,2,2,16,6,16,8,24,16,24
90973769,90973777,3,4,16,8,6,20,8,6,20
90977969,90977977,2,3,16,4,24,4,8,24,24
90986009,90986017,6,4,16,8,12,6,16,4,48
91006529,91006537,6,4,16,16,12,12,8,4,32
91026569,91026577,5,2,16,16,24,16,4,12,60
91045589,91045597,5,4,16,32,32,8,4,8,12
91049369,91049377,2,4,16,4,12,8,16,10,96
91067609,91067617,2,3,16,8,12,16,16,8,72
91109489,91109497,6,4,16,12,12,12,16,4,64
91113629,91113637,5,4,16,8,12,16,4,8,48
91146389,91146397,2,3,16,8,32,24,8,8,36
91148009,91148017,3,4,16,8,6,12,8,32,80
91161929,91161937,2,3,16,4,24,4,8,16,60
91180409,91180417,4,3,16,16,24,6,8,8,64
91191629,91191637,2,4,16,4,20,8,4,8,48
91194989,91194997,2,1,16,4,20,24,16,16,24
91201469,91201477,2,2,16,4,28,24,32,12,24
91201829,91201837,5,3,16,16,16,12,8,8,48
91214429,91214437,5,3,16,48,12,12,8,64,24
91254269,91254277,2,3,16,8,20,8,8,24,72
91271009,91271017,4,2,16,16,12,8,16,24,32
91308089,91308097,4,3,16,24,12,8,16,8,84
91320869,91320877,2,2,16,4,16,16,16,8,18
91332029,91332037,4,3,16,12,28,8,16,8,42
91351229,91351237,2,4,16,4,28,12,64,8,12
91356269,91356277,2,2,16,4,20,6,16,24,48
91383989,91383997,6,2,16,8,64,24,16,4,96
91406129,91406137,2,3,16,4,48,48,4,8,32
91411589,91411597,3,3,16,32,8,48,8,8,36
91440329,91440337,2,2,16,8,24,20,8,16,40
91488269,91488277,5,2,16,16,60,16,4,6,36
91564709,91564717,2,1,16,4,16,24,16,16,72
91588109,91588117,2,3,16,4,80,24,4,8,24
91605629,91605637,2,2,16,8,32,16,8,32,72
91612589,91612597,5,2,16,8,40,16,4,32,24
91615829,91615837,2,2,16,8,32,16,8,16,24
91655609,91655617,2,5,16,4,12,12,4,8,56
91671809,91671817,6,2,16,16,12,24,16,8,32
91677029,91677037,2,2,16,8,32,72,16,8,24
91686929,91686937,2,4,16,4,12,48,4,8,32
91766189,91766197,2,3,16,4,40,4,16,4,60
91802309,91802317,2,3,16,4,32,12,8,32,48
91820489,91820497,5,2,16,16,12,16,8,32,40
91825709,91825717,2,4,16,4,80,12,4,4,24
91837769,91837777,2,2,16,8,24,16,32,12,20
91843229,91843237,2,3,16,4,96,4,8,48,72
91844429,91844437,6,4,16,8,10,12,16,4,24
91861169,91861177,5,3,16,16,48,6,4,12,32
91861529,91861537,5,3,16,8,24,24,4,4,48
91874009,91874017,2,3,16,4,6,16,4,16,144
91883369,91883377,2,3,16,4,24,16,8,8,80
91887869,91887877,2,1,16,4,72,32,16,32,36
91895009,91895017,5,3,16,8,24,64,4,4,64
91907429,91907437,2,4,16,8,8,16,8,8,48
91920809,91920817,4,3,16,16,12,8,8,24,60
91927229,91927237,6,5,16,16,14,12,12,8,12
91932629,91932637,2,3,16,4,16,48,24,4,12
91934789,91934797,2,3,16,4,32,12,16,16,12
91948469,91948477,2,3,16,4,64,16,8,12,24
91963769,91963777,2,4,16,4,24,12,8,12,32
91972109,91972117,2,3,16,8,20,8,16,8,72
91974989,91974997,2,5,16,4,10,8,8,8,36
91977869,91977877,2,1,16,4,80,32,16,32,24
92000669,92000677,2,5,16,8,12,12,8,12,24
92000729,92000737,2,2,16,4,24,16,24,8,288
92003069,92003077,5,3,16,8,36,16,4,6,54
92005889,92005897,2,3,16,4,24,24,8,8,32
92009669,92009677,2,3,16,4,8,24,16,12,48
92031089,92031097,2,2,16,4,6,32,16,16,32
92043569,92043577,2,5,16,4,6,8,8,12,96
92057429,92057437,6,2,16,8,16,16,16,4,36
92067329,92067337,2,3,16,8,24,8,16,8,24
92081909,92081917,6,3,16,8,16,32,8,4,36
92106389,92106397,4,1,16,16,16,4,16,16,60
92108189,92108197,5,3,16,8,96,32,4,4,36
92111189,92111197,2,2,16,8,32,12,16,16,24
92129189,92129197,5,3,16,16,16,12,8,16,12
92134109,92134117,2,4,16,4,72,8,8,8,36
92147609,92147617,2,4,16,4,12,4,32,8,288
92149769,92149777,2,2,16,4,96,8,24,24,60
92181269,92181277,6,3,16,8,32,8,16,6,72
92191529,92191537,3,4,16,8,6,8,32,8,30
92196869,92196877,1,0,16,16,32,36,16,24,24
92207369,92207377,2,3,16,4,6,16,8,32,80
92216489,92216497,5,4,16,12,12,12,4,16,20
92261489,92261497,2,3,16,4,36,12,24,4,16
92282909,92282917,5,3,16,16,24,12,4,8,24
92284229,92284237,2,3,16,8,8,8,32,48,72
92300729,92300737,2,3,16,4,24,48,4,8,168
92322389,92322397,3,4,16,16,8,8,8,12,72
92324669,92324677,2,2,16,8,28,18,8,24,24
92346689,92346697,2,5,16,4,12,4,8,8,64
92359109,92359117,2,3,16,8,16,64,8,8,60
92366489,92366497,4,1,16,16,24,8,32,16,72
92368589,92368597,2,3,16,4,20,10,8,32,24
92397989,92397997,2,3,16,8,64,8,16,8,30
92415209,92415217,2,3,16,4,12,48,16,4,80
92416469,92416477,5,2,16,16,16,6,4,24,24
92419409,92419417,2,2,16,8,24,8,16,16,24
92431109,92431117,4,4,16,8,24,4,8,8,18
92436689,92436697,2,4,16,4,12,8,16,8,96
92439329,92439337,2,2,16,4,24,48,16,4,128
92440409,92440417,5,3,16,24,12,32,8,8,24
92441729,92441737,6,3,16,8,6,16,48,4,40
92454269,92454277,2,3,16,8,16,24,8,12,24
92481629,92481637,5,4,16,12,24,12,8,8,48
92487029,92487037,5,5,16,8,32,6,4,8,12
92499089,92499097,2,4,16,4,12,12,4,16,64
92513009,92513017,2,3,16,4,6,8,64,32,112
92526089,92526097,3,3,16,8,6,12,16,16,40
92538869,92538877,2,4,16,8,8,48,8,64,12
92546669,92546677,2,3,16,4,20,8,16,12,36
92548109,92548117,5,4,16,8,10,48,4,8,24
92559209,92559217,2,3,16,4,6,16,8,16,20
92568929,92568937,4,3,16,32,12,8,8,16,16
92574389,92574397,2,2,16,8,16,8,16,16,36
92603729,92603737,2,3,16,4,24,8,8,16,40
92621189,92621197,2,2,16,4,16,16,16,4,18
92623889,92623897,2,3,16,4,12,8,16,16,48
92624369,92624377,5,3,16,16,12,48,4,10,96
92626769,92626777,2,2,16,4,24,16,8,18,48
92659289,92659297,4,2,16,8,24,6,48,16,24
92689229,92689237,2,4,16,4,10,64,8,4,108
92708669,92708677,2,4,16,4,28,4,4,12,144
92730809,92730817,6,4,16,8,12,8,32,4,84
92731109,92731117,4,4,16,8,16,6,16,8,12
92741189,92741197,2,3,16,4,16,14,32,8,48
92744429,92744437,2,3,16,8,20,10,8,48,48
92744789,92744797,2,3,16,4,64,6,4,32,24
92757089,92757097,2,4,16,8,12,16,8,8,32
92764109,92764117,2,2,16,4,40,32,4,16,60
92772389,92772397,2,2,16,4,24,16,48,8,18
92785709,92785717,4,2,16,8,20,4,24,16,48
92796089,92796097,2,4,16,4,6,12,8,32,56
92807669,92807677,2,2,16,8,16,16,16,12,72
92814089,92814097,2,2,16,8,24,48,8,32,40
92823329,92823337,4,3,16,16,36,4,8,12,24
92837189,92837197,2,4,16,4,32,8,4,8,36
92859329,92859337,2,4,16,4,12,32,8,8,24
92864129,92864137,2,1,16,4,24,24,16,32,32
92882189,92882197,2,2,16,4,20,16,4,24,72
92892809,92892817,3,2,16,16,6,16,32,8,60
92902169,92902177,2,3,16,4,24,24,8,12,72
92928929,92928937,2,4,16,4,12,12,32,8,64
92933069,92933077,6,2,16,16,20,24,16,6,12
92937269,92937277,5,2,16,24,16,32,8,12,36
92999909,92999917,6,3,16,6,16,8,16,4,18
93011189,93011197,6,1,16,16,16,32,16,8,24
93041789,93041797,5,2,16,8,32,24,4,16,24
93061769,93061777,6,1,16,16,24,24,32,12,20
93062909,93062917,2,2,16,4,72,12,32,24,18
93066689,93066697,2,3,16,4,24,8,32,4,24
93079829,93079837,2,3,16,4,16,16,8,8,36
93081389,93081397,4,2,16,16,20,12,16,16,12
93083189,93083197,2,3,16,4,16,18,32,8,12
93095669,93095677,2,2,16,8,16,32,32,12,24
93105029,93105037,2,2,16,4,32,8,16,16,36
93114029,93114037,2,3,16,4,40,4,32,8,60
93116369,93116377,2,1,16,8,24,16,32,32,24
93122789,93122797,5,3,16,16,32,12,4,8,24
93146369,93146377,2,3,16,4,48,12,4,16,32
93162569,93162577,2,4,16,4,12,48,4,12,80
93164969,93164977,2,3,16,4,6,32,32,6,30
93209429,93209437,4,3,16,16,16,8,8,8,90
93223469,93223477,6,3,16,8,20,8,16,6,36
93231329,93231337,2,2,16,4,24,12,16,16,32
93241289,93241297,4,2,16,16,12,8,16,32,30
93247709,93247717,2,4,16,8,24,32,8,8,12
93251369,93251377,3,3,16,8,6,16,8,32,30
93275789,93275797,2,4,16,4,20,24,4,4,12
93286469,93286477,2,2,16,4,32,8,16,24,36
93308609,93308617,2,4,16,4,6,4,16,8,24
93312929,93312937,2,2,16,4,24,32,32,8,48
93327089,93327097,3,1,16,16,6,32,16,16,16
93327869,93327877,4,2,16,24,80,4,4,32,30
93328889,93328897,2,2,16,4,12,24,16,16,40
93344729,93344737,2,4,16,4,12,6,8,32,48
93398069,93398077,4,2,16,16,32,4,32,6,48
93405929,93405937,2,3,16,4,6,24,4,16,40
93410489,93410497,2,2,16,4,12,16,16,16,140
93410609,93410617,6,2,16,12,24,24,32,8,32
93419489,93419497,2,4,16,8,12,8,16,8,48
93425069,93425077,2,3,16,4,40,8,16,6,30
93428669,93428677,6,4,16,8,14,16,8,6,72
93436229,93436237,5,1,16,16,16,32,4,32,18
93474929,93474937,6,4,16,8,12,8,32,4,48
93499709,93499717,2,3,16,8,28,12,32,8,24
93508529,93508537,2,3,16,4,12,16,16,8,128
93554429,93554437,2,1,16,4,36,20,32,32,24
93558029,93558037,5,2,16,16,20,24,4,4,48
93559889,93559897,5,3,16,8,12,16,4,64,48
93561989,93561997,2,3,16,4,16,16,4,8,24
93566909,93566917,2,2,16,4,28,16,8,16,36
93581309,93581317,2,3,16,8,104,16,8,8,36
93589889,93589897,4,3,16,8,12,6,16,16,64
93590429,93590437,4,5,16,8,24,6,8,8,12
93613829,93613837,2,2,16,4,48,32,8,16,24
93643709,93643717,2,5,16,8,14,12,8,24,12
93667829,93667837,2,3,16,4,8,60,32,4,24
93713429,93713437,3,2,16,20,8,8,48,16,72
93714989,93714997,2,4,16,4,80,6,8,24,12
93718769,93718777,2,3,16,4,18,48,8,6,32
93731789,93731797,2,3,16,4,40,4,24,8,24
93749969,93749977,4,4,16,16,6,4,8,12,96
93754589,93754597,5,1,16,16,24,24,8,16,72
93763469,93763477,2,2,16,4,40,4,16,24,36
93802469,93802477,2,2,16,4,16,6,16,24,24
93815429,93815437,2,4,16,8,8,12,8,32,96
93816389,93816397,2,2,16,4,16,16,16,8,18
93826289,93826297,2,3,16,4,48,8,16,8,64
93847469,93847477,2,4,16,4,10,6,32,24,12
93858329,93858337,4,4,16,8,12,4,16,8,288
93863369,93863377,4,2,16,24,24,8,8,16,120
93865469,93865477,2,2,16,4,40,30,8,24,24
93867629,93867637,4,3,16,32,10,8,24,8,24
93870929,93870937,4,3,16,16,12,8,8,32,48
93871769,93871777,5,4,16,12,6,24,4,12,24
93893609,93893617,5,4,16,8,12,16,4,8,30
93914609,93914617,5,2,16,16,24,32,8,8,16
93936929,93936937,4,4,16,8,12,6,64,8,32
93944309,93944317,2,3,16,4,64,16,4,8,24
93954989,93954997,6,4,16,8,10,16,8,4,36
93965609,93965617,2,3,16,4,24,16,8,8,80
93978869,93978877,2,1,16,8,32,40,32,16,48
93983789,93983797,2,3,16,8,40,8,8,16,72
93999089,93999097,2,3,16,8,72,16,8,8,32
94001909,94001917,5,3,16,8,32,24,4,16,12
94003229,94003237,4,2,16,16,12,4,16,16,36
94003409,94003417,2,2,16,4,24,24,8,16,80
94016729,94016737,4,4,16,8,48,4,8,8,144
94027529,94027537,2,3,16,4,24,8,8,16,30
94036289,94036297,2,4,16,4,18,12,8,4,16
94040129,94040137,2,4,16,4,6,32,8,8,32
94068509,94068517,2,4,16,4,12,32,16,8,12
94069229,94069237,2,5,16,8,20,12,8,8,12
94071269,94071277,2,4,16,8,32,8,8,12,36
94074989,94074997,5,3,16,12,40,16,8,8,24
94106009,94106017,2,4,16,4,96,8,4,8,192
94151909,94151917,2,3,16,8,8,8,16,24,96
94154069,94154077,2,3,16,8,32,8,16,12,60
94164089,94164097,2,3,16,4,24,32,8,8,96
94167509,94167517,2,2,16,4,8,24,24,16,48
94171829,94171837,6,2,16,16,32,24,8,4,48
94186109,94186117,2,2,16,4,16,24,16,8,36
94223729,94223737,6,5,16,8,12,8,8,4,96
94236509,94236517,2,4,16,4,12,16,4,8,36
94244789,94244797,2,3,16,4,8,8,16,16,30
94266929,94266937,4,4,16,8,12,4,8,24,128
94285769,94285777,2,3,16,4,24,12,16,6,120
94322369,94322377,3,3,16,8,6,16,8,48,24
94328789,94328797,2,1,16,4,16,40,16,16,24
94332089,94332097,5,2,16,16,12,16,4,16,42
94353509,94353517,4,3,16,8,16,4,4,16,36
94361009,94361017,4,3,16,8,24,6,8,16,32
94369829,94369837,2,3,16,4,16,8,8,24,72
94386569,94386577,2,4,16,4,24,8,8,12,20
94392929,94392937,5,4,16,8,6,8,4,16,48
94393829,94393837,2,4,16,4,32,8,8,8,42
94454309,94454317,4,3,16,16,32,4,8,8,96
94455329,94455337,2,3,16,4,24,12,4,16,32
94479269,94479277,2,3,16,4,16,24,16,12,12
94506329,94506337,2,3,16,8,24,8,8,16,72
94511309,94511317,2,2,16,4,80,64,16,4,24
94515269,94515277,4,4,16,8,32,6,32,6,12
94528409,94528417,2,2,16,8,12,48,16,16,48
94533869,94533877,2,3,16,4,40,48,8,8,36
94567169,94567177,2,2,16,4,24,16,16,12,80
94604009,94604017,2,2,16,4,12,24,16,16,40
94609469,94609477,4,3,16,16,14,8,16,12,72
94613009,94613017,2,2,16,4,12,24,16,16,16
94617689,94617697,5,2,16,16,18,16,4,8,24
94630889,94630897,2,5,16,4,6,8,4,4,40
94632269,94632277,2,2,16,4,40,16,64,6,24
94649969,94649977,4,4,16,12,12,8,8,48,48
94650629,94650637,2,2,16,4,64,64,8,32,24
94661129,94661137,2,2,16,8,12,32,16,16,120
94664189,94664197,2,3,16,4,80,8,16,8,72
94673729,94673737,2,3,16,8,12,24,16,8,48
94678889,94678897,2,3,16,4,24,48,8,4,40
94679609,94679617,5,2,16,16,6,72,4,16,28
94703369,94703377,2,2,16,4,24,6,16,24,20
94739789,94739797,2,2,16,4,40,16,4,16,18
94758869,94758877,2,3,16,8,64,16,8,8,24
94769669,94769677,4,3,16,8,32,4,4,72,60
94787309,94787317,2,3,16,4,40,4,16,12,72
94791629,94791637,6,2,16,16,80,12,16,8,18
94793429,94793437,2,3,16,4,16,8,8,32,48
94824329,94824337,6,2,16,16,24,12,32,8,40
94830269,94830277,6,3,16,8,28,24,32,6,12
94830509,94830517,2,3,16,4,40,4,4,16,72
94878689,94878697,2,4,16,4,12,96,4,8,32
94892969,94892977,2,4,16,6,6,32,8,12,30
94896929,94896937,2,3,16,4,24,8,32,8,24
94908269,94908277,2,3,16,8,20,8,8,48,36
94908929,94908937,2,3,16,8,24,72,8,8,32
94915229,94915237,5,2,16,16,24,80,8,8,24
94928069,94928077,2,5,16,4,8,4,8,12,36
94929689,94929697,2,2,16,4,24,4,16,16,36
94940969,94940977,5,3,16,16,24,12,8,12,80
94952009,94952017,2,4,16,8,12,16,8,8,60
94954169,94954177,5,4,16,12,12,16,8,12,84
94954889,94954897,2,2,16,8,12,16,16,24,80
94977569,94977577,5,3,16,8,24,8,4,24,64
94986929,94986937,2,4,16,4,12,8,16,4,72
94994069,94994077,2,1,16,8,16,16,16,36,24
94999529,94999537,4,4,16,8,12,4,24,8,120
95017469,95017477,2,4,16,4,40,6,8,24,12
95018009,95018017,4,3,16,8,12,6,32,16,48
95026709,95026717,2,2,16,4,16,4,16,32,48
95045009,95045017,3,2,16,16,12,12,16,16,96
95047409,95047417,2,2,16,8,12,16,16,16,48
95048669,95048677,2,4,16,8,24,8,8,12,36
95071289,95071297,2,1,16,4,24,16,16,16,56
95108609,95108617,4,3,16,16,12,4,4,16,48
95135609,95135617,2,3,16,4,48,8,16,4,96
95144369,95144377,2,5,16,4,12,6,8,10,64
95145629,95145637,2,2,16,4,24,12,16,16,48
95157389,95157397,2,4,16,4,40,8,8,8,96
95177309,95177317,2,3,16,4,48,24,4,4,48
95190869,95190877,2,2,16,4,16,8,16,16,144
95197469,95197477,2,3,16,4,24,24,8,12,36
95199869,95199877,2,1,16,8,32,16,32,16,36
95216969,95216977,2,3,16,8,12,16,16,12,90
95225609,95225617,6,3,16,8,12,16,16,4,90
95247029,95247037,2,3,16,8,8,24,8,16,24
95257769,95257777,2,3,16,8,24,48,8,12,20
95273069,95273077,2,1,16,4,20,24,24,24,48
95273669,95273677,2,3,16,4,32,8,8,24,54
95278529,95278537,3,2,16,8,6,16,16,32,48
95286629,95286637,6,2,16,8,64,16,16,4,36
95294729,95294737,2,2,16,4,24,4,16,16,30
95300969,95300977,4,3,16,8,12,6,32,48,40
95326409,95326417,2,3,16,4,24,48,8,8,40
95328209,95328217,2,5,16,4,12,8,8,8,48
95361989,95361997,2,4,16,4,16,12,32,12,12
95378609,95378617,5,3,16,8,24,24,4,8,48
95423429,95423437,2,2,16,8,32,24,8,16,36
95431529,95431537,4,2,16,8,24,4,32,16,30
95453429,95453437,2,2,16,4,16,24,4,32,48
95470229,95470237,2,2,16,8,64,8,16,16,36
95504729,95504737,2,4,16,4,12,12,16,8,48
95506769,95506777,2,2,16,4,12,16,16,24,96
95512709,95512717,4,4,16,12,8,4,8,16,72
95516969,95516977,4,2,16,16,24,6,24,12,80
95521889,95521897,2,4,16,4,12,4,8,16,64
95540909,95540917,2,5,16,8,10,12,16,8,12
95552789,95552797,2,3,16,8,8,36,16,8,96
95576189,95576197,2,2,16,8,32,40,24,16,12
95602469,95602477,2,5,16,8,32,12,8,12,12
95603789,95603797,2,2,16,8,20,8,24,16,18
95637029,95637037,4,4,16,8,32,6,8,8,144
95651609,95651617,2,4,16,4,36,12,8,8,48
95653829,95653837,6,2,16,18,64,8,16,4,36
95661689,95661697,4,2,16,16,48,6,16,8,64
95664089,95664097,2,5,16,4,12,8,8,4,72
95664929,95664937,2,3,16,8,12,48,8,16,32
95668589,95668597,2,1,16,4,60,32,32,16,18
95668889,95668897,2,2,16,4,36,6,16,32,24
95679029,95679037,2,1,16,4,16,16,32,16,48
95683529,95683537,2,4,16,4,24,12,4,4,120
95686589,95686597,4,3,16,32,56,4,8,8,36
95708009,95708017,4,2,16,16,24,4,8,16,60
95713769,95713777,2,3,16,8,48,8,32,12,30
95713889,95713897,3,2,16,16,6,80,16,8,32
95720189,95720197,2,3,16,4,36,12,8,16,96
95744309,95744317,5,3,16,16,32,12,4,8,24
95754089,95754097,2,4,16,8,24,8,8,8,40
95756909,95756917,2,3,16,4,20,12,8,16,24
95764289,95764297,2,2,16,4,12,24,16,16,16
95795129,95795137,2,3,16,4,24,16,4,8,140
95798489,95798497,2,4,16,4,12,12,32,12,96
95806289,95806297,2,3,16,4,12,16,4,32,48
95808989,95808997,2,5,16,6,12,8,8,8,36
95821409,95821417,2,3,16,6,12,8,16,16,48
95856989,95856997,2,3,16,8,48,8,8,16,48
95862089,95862097,2,3,16,8,12,32,8,16,80
95867669,95867677,2,2,16,4,16,16,8,24,36
95902229,95902237,2,3,16,4,8,16,8,16,36
95910809,95910817,2,2,16,4,24,12,16,32,48
95916929,95916937,2,3,16,8,24,16,8,8,32
95918189,95918197,2,5,16,4,10,12,8,8,48
95958509,95958517,6,2,16,16,40,36,8,4,24
95974589,95974597,2,2,16,4,56,24,16,4,36
95986829,95986837,2,3,16,4,10,16,8,32,96
96003329,96003337,2,2,16,4,12,16,32,16,96
96017429,96017437,2,4,16,4,64,8,8,4,36
96036869,96036877,4,3,16,8,16,4,8,40,72
96041129,96041137,2,3,16,4,36,12,32,4,40
96046529,96046537,2,3,16,4,24,24,4,8,16
96057869,96057877,4,3,16,32,20,8,8,16,12
96097709,96097717,2,4,16,4,20,4,4,12,108
96106469,96106477,2,2,16,4,64,16,8,24,24
96108629,96108637,5,2,16,16,8,32,4,16,48
96110309,96110317,2,1,16,4,16,16,16,16,72
96124109,96124117,2,4,16,4,20,12,8,4,48
96138929,96138937,5,3,16,24,12,16,4,8,96
96151889,96151897,2,3,16,8,12,8,24,16,48
96160829,96160837,6,4,16,6,28,6,24,4,12
96177209,96177217,6,3,16,8,12,36,16,4,28
96189089,96189097,2,3,16,4,6,64,32,4,64
96191309,96191317,2,3,16,4,30,16,8,8,36
96194309,96194317,2,3,16,8,32,12,8,16,24
96214109,96214117,5,4,16,16,48,6,4,8,12
96233369,96233377,2,3,16,8,12,16,8,32,48
96238829,96238837,4,2,16,16,20,4,8,16,36
96253889,96253897,2,4,16,4,12,16,8,8,64
96260729,96260737,4,3,16,8,24,6,8,16,128
96270989,96270997,2,4,16,4,10,96,4,4,48
96302729,96302737,3,4,16,8,6,8,16,8,80
96303029,96303037,6,4,16,8,24,16,8,4,12
96353129,96353137,2,5,16,4,12,8,4,4,120
96369869,96369877,4,1,16,16,20,8,16,32,36
96394889,96394897,2,2,16,4,36,16,16,8,180
96431969,96431977,2,3,16,4,96,64,8,12,24
96437009,96437017,2,4,16,4,24,4,8,8,96
96437189,96437197,2,3,16,4,16,8,32,4,96
96477089,96477097,2,3,16,8,24,12,8,32,16
96509729,96509737,5,2,16,16,24,8,4,16,48
96521969,96521977,3,2,16,32,12,16,16,12,128
96544829,96544837,2,3,16,4,28,32,8,4,72
96554189,96554197,2,3,16,4,40,4,8,16,18
96563189,96563197,4,3,16,8,64,4,16,8,72
96579029,96579037,2,3,16,4,32,8,4,16,18
96598409,96598417,6,2,16,16,6,40,24,4,80
96617309,96617317,2,3,16,8,48,16,8,8,24
96646469,96646477,2,3,16,4,16,96,8,6,48
96647189,96647197,2,4,16,4,32,12,8,4,48
96665609,96665617,2,4,16,4,12,16,8,4,80
96676529,96676537,2,4,16,4,6,12,4,16,32
96684689,96684697,2,3,16,4,24,12,8,32,48
96684989,96684997,2,4,16,8,14,12,8,16,96
96689129,96689137,5,3,16,16,24,10,8,8,20
96715109,96715117,4,3,16,12,16,8,8,32,36
96719729,96719737,2,3,16,4,24,24,8,8,32
96732029,96732037,2,3,16,8,16,8,16,8,24
96741929,96741937,6,1,16,16,24,24,16,4,60
96745709,96745717,2,2,16,8,20,16,8,16,36
96794969,96794977,3,2,16,32,6,32,16,12,48
96797369,96797377,4,4,16,12,12,8,8,16,224
96842909,96842917,2,2,16,4,48,8,24,24,18
96872429,96872437,2,3,16,4,10,16,8,16,84
96879569,96879577,3,4,16,8,6,12,8,48,16
96920429,96920437,2,3,16,8,60,12,16,8,48
96933029,96933037,2,4,16,8,32,12,16,8,12
96937769,96937777,2,3,16,8,24,8,8,48,160
96942809,96942817,2,3,16,8,24,16,8,8,72
96947489,96947497,2,3,16,4,12,16,16,8,64
96973229,96973237,2,4,16,4,20,8,4,4,72
96975869,96975877,2,3,16,4,88,20,16,8,12
96980969,96980977,4,3,16,8,48,4,4,48,50
97000769,97000777,2,4,16,4,24,4,8,12,192
97009529,97009537,2,4,16,4,6,12,4,16,64
97009889,97009897,2,2,16,8,48,20,16,8,64
97016609,97016617,2,4,16,4,24,4,8,4,40
97059569,97059577,2,3,16,4,6,48,16,6,32
97066289,97066297,2,4,16,4,6,4,16,4,32
97072589,97072597,4,3,16,16,10,8,16,8,72
97089689,97089697,2,3,16,4,24,32,8,8,144
97103189,97103197,2,3,16,8,8,8,32,16,36
97122569,97122577,5,4,16,16,12,12,4,12,40
97144889,97144897,2,2,16,4,24,32,32,4,112
97157009,97157017,6,2,16,16,12,24,16,8,128
97184369,97184377,2,2,16,4,12,32,16,24,48
97193489,97193497,2,3,16,4,36,32,8,8,64
97226309,97226317,5,1,16,16,16,16,8,16,36
97232909,97232917,4,2,16,16,20,8,8,16,48
97248989,97248997,2,4,16,8,48,8,8,8,36
97249709,97249717,6,3,16,8,60,8,16,4,36
97252769,97252777,6,2,16,16,12,16,16,6,96
97256309,97256317,2,4,16,4,8,48,8,8,24
97311989,97311997,3,3,16,12,8,8,16,32,96
97317929,97317937,2,3,16,4,12,8,16,32,100
97320029,97320037,6,4,16,12,12,24,8,4,96
97330829,97330837,5,4,16,16,10,12,4,16,12
97338809,97338817,2,4,16,4,6,24,4,8,42
97366109,97366117,2,4,16,4,24,12,8,16,12
97373369,97373377,2,4,16,4,6,8,8,32,84
97387769,97387777,3,2,16,24,6,32,32,6,108
97402289,97402297,4,4,16,8,12,6,16,8,16
97415309,97415317,2,5,16,4,10,8,4,4,18
97430609,97430617,2,4,16,4,6,32,8,8,48
97440809,97440817,6,3,16,8,96,24,8,4,120
97448789,97448797,2,2,16,8,32,16,16,8,36
97464089,97464097,6,2,16,8,24,16,64,4,72
97491389,97491397,2,3,16,4,28,12,96,8,24
97493789,97493797,2,2,16,4,96,16,8,16,36
97618889,97618897,2,3,16,4,24,8,8,16,60
97663109,97663117,2,2,16,8,16,48,8,16,48
97667489,97667497,2,3,16,4,12,16,16,4,48
97686509,97686517,5,3,16,8,80,16,4,8,24
97701509,97701517,2,3,16,4,16,32,4,8,144
97701689,97701697,2,3,16,4,36,8,4,16,84
97715369,97715377,2,3,16,8,24,8,8,16,80
97720409,97720417,2,3,16,4,12,8,16,16,36
97753829,97753837,4,1,16,16,16,6,16,16,24
97763909,97763917,5,4,16,8,8,24,4,8,24
97767569,97767577,2,4,16,4,24,8,8,12,24
97772189,97772197,2,2,16,4,24,12,16,32,48
97789829,97789837,2,2,16,4,32,12,16,16,48
97869389,97869397,2,3,16,4,20,12,16,8,24
97881689,97881697,2,3,16,4,12,16,24,8,120
97882229,97882237,2,3,16,4,32,16,4,8,24
97902509,97902517,6,3,16,8,20,28,8,4,24
97903829,97903837,2,3,16,8,16,16,8,8,24
97918409,97918417,2,4,16,4,6,8,16,12,40
97932089,97932097,6,3,16,16,6,8,16,4,42
97946609,97946617,3,4,16,8,6,6,8,16,32
97955609,97955617,3,4,16,12,6,24,8,8,48
97968809,97968817,2,4,16,4,12,4,8,32,120
97970429,97970437,2,3,16,4,72,12,8,16,18
97974509,97974517,2,4,16,4,20,24,8,8,12
97987709,97987717,4,1,16,16,64,4,16,16,36
97997369,97997377,5,4,16,8,12,6,4,16,28
98006429,98006437,2,3,16,4,24,8,16,4,120
98007809,98007817,6,3,16,8,48,10,16,4,16
98054609,98054617,2,4,16,8,24,12,8,8,64
98062589,98062597,6,2,16,16,36,16,8,4,48
98067209,98067217,2,2,16,8,24,16,16,8,80
98076389,98076397,2,2,16,8,16,16,32,8,48
98120909,98120917,2,3,16,8,20,32,8,8,24
98127389,98127397,2,3,16,4,48,16,4,8,96
98138129,98138137,3,3,16,24,6,12,24,8,16
98140709,98140717,2,4,16,4,16,8,8,8,36
98152589,98152597,2,2,16,8,20,16,16,8,18
98167169,98167177,2,3,16,4,6,16,16,12,24
98171069,98171077,2,4,16,4,28,96,8,12,12
98178869,98178877,4,2,16,32,32,8,16,8,36
98181389,98181397,4,3,16,16,40,8,8,12,30
98212889,98212897,2,5,16,4,12,12,8,8,36
98220029,98220037,5,2,16,16,48,20,8,8,24
98227109,98227117,2,4,16,4,32,4,8,12,36
98238989,98238997,2,5,16,4,10,8,8,8,72
98257469,98257477,2,3,16,4,28,12,32,12,24
98264189,98264197,2,4,16,4,32,8,8,8,36
98280869,98280877,4,3,16,8,16,6,8,32,24
98295689,98295697,2,4,16,4,12,8,16,4,60
98295809,98295817,2,3,16,4,12,72,16,4,64
98313689,98313697,2,4,16,4,6,8,8,32,96
98320889,98320897,2,4,16,4,12,8,16,4,120
98326769,98326777,3,4,16,8,6,12,32,6,32
98356529,98356537,6,4,16,8,6,16,8,4,48
98363669,98363677,4,3,16,16,16,8,8,12,24
98369069,98369077,5,2,16,8,20,72,4,24,48
98373929,98373937,2,3,16,4,6,48,8,16,40
98408909,98408917,2,3,16,8,20,8,8,16,36
98411189,98411197,2,1,16,4,16,20,16,16,24
98449709,98449717,2,4,16,4,10,12,12,16,24
98464829,98464837,2,3,16,8,28,24,8,32,12
98472809,98472817,2,4,16,8,12,8,16,8,120
98473709,98473717,2,3,16,8,20,16,8,8,72
98475269,98475277,5,2,16,16,32,24,8,12,24
98485229,98485237,5,3,16,8,20,64,4,8,72
98486669,98486677,2,4,16,8,10,8,64,12,36
98506229,98506237,5,3,16,8,16,32,4,8,48
98508989,98508997,2,2,16,8,28,16,8,16,72
98524109,98524117,6,4,16,8,20,8,8,4,36
98528789,98528797,2,2,16,4,16,16,32,8,18
98542109,98542117,2,4,16,4,12,8,8,16,96
98545169,98545177,2,2,16,8,24,16,24,12,24
98564009,98564017,5,3,16,40,6,32,4,8,80
98593589,98593597,6,2,16,16,16,8,32,4,36
98600069,98600077,2,2,16,4,32,16,8,24,36
98617829,98617837,2,3,16,4,8,48,32,8,48
98664809,98664817,3,3,16,16,6,12,8,32,80
98672009,98672017,2,2,16,4,12,40,32,16,40
98681789,98681797,2,2,16,8,42,16,16,8,36
98691269,98691277,2,5,16,4,8,12,8,12,24
98692709,98692717,5,2,16,8,16,36,4,32,48
98695469,98695477,2,3,16,4,20,8,4,24,48
98711309,98711317,2,4,16,4,20,8,8,8,216
98729429,98729437,2,2,16,4,32,12,16,32,24
98749829,98749837,2,3,16,4,16,32,8,8,36
98759369,98759377,2,3,16,4,6,4,16,72,60
98763089,98763097,2,3,16,4,24,36,8,8,64
98770109,98770117,5,2,16,16,28,48,8,8,24
98780189,98780197,2,4,16,4,24,48,4,12,12
98825189,98825197,2,4,16,4,8,6,24,16,12
98835809,98835817,2,3,16,4,12,12,16,32,32
98842529,98842537,2,3,16,4,12,4,16,16,48
98847509,98847517,2,3,16,8,16,8,16,32,12
98847569,98847577,2,2,16,4,24,16,16,12,72
98866289,98866297,2,3,16,8,12,16,8,16,48
98866769,98866777,2,4,16,4,12,6,8,24,32
98882309,98882317,2,2,16,4,32,16,4,32,48
98903669,98903677,5,2,16,16,16,48,4,24,12
98914469,98914477,2,2,16,4,16,16,4,36,24
98921909,98921917,2,3,16,4,32,4,32,8,18
98933069,98933077,2,4,16,6,20,8,8,12,144
98935769,98935777,4,4,16,6,12,4,16,6,96
98943869,98943877,2,2,16,8,32,16,8,16,48
98953229,98953237,2,2,16,4,40,8,16,16,72
98958569,98958577,2,3,16,4,24,12,32,6,80
98966729,98966737,3,5,16,8,6,8,8,8,120
98976029,98976037,5,2,16,24,24,48,4,8,24
98989229,98989237,6,2,16,16,40,16,8,4,48
98989529,98989537,2,4,16,4,6,20,8,8,24
99000029,99000037,2,2,16,6,24,16,8,16,48
99032789,99032797,6,3,16,8,16,8,32,4,54
99093809,99093817,2,4,16,4,12,32,8,8,96
99101129,99101137,2,4,16,4,12,12,8,32,40
99108509,99108517,2,4,16,4,12,12,8,16,48
99112469,99112477,2,2,16,4,16,12,32,24,24
99135389,99135397,5,2,16,8,24,16,4,16,72
99150509,99150517,6,3,16,8,20,16,8,4,36
99171509,99171517,2,2,16,8,32,32,16,16,12
99228929,99228937,2,2,16,4,48,12,16,16,16
99236729,99236737,2,3,16,8,12,16,12,32,48
99244829,99244837,6,3,16,8,48,8,16,4,18
99247289,99247297,5,3,16,16,24,12,4,12,84
99283889,99283897,2,4,16,4,12,32,4,4,24
99288689,99288697,2,3,16,8,12,32,8,16,32
99291089,99291097,2,3,16,4,12,16,16,4,80
99304229,99304237,2,4,16,6,32,12,8,8,72
99312869,99312877,5,1,16,16,16,24,8,32,36
99326309,99326317,2,3,16,4,16,12,16,16,12
99335309,99335317,2,5,16,4,10,72,8,8,12
99351509,99351517,2,2,16,8,32,24,16,8,48
99356429,99356437,2,1,16,4,40,16,16,16,48
99356969,99356977,6,4,16,8,36,8,8,6,160
99379589,99379597,2,3,16,4,32,12,4,48,24
99398009,99398017,2,2,16,4,24,32,8,16,80
99413609,99413617,2,3,16,4,6,24,8,16,40
99447869,99447877,2,3,16,4,14,32,8,32,72
99453989,99453997,5,2,16,8,32,16,4,16,36
99462029,99462037,2,2,16,8,10,16,16,16,96
99465269,99465277,2,1,16,8,16,16,16,24,24
99471629,99471637,4,3,16,16,40,4,8,8,36
99476309,99476317,6,2,16,8,16,16,16,4,48
99481709,99481717,4,4,16,12,20,4,8,8,96
99486689,99486697,5,3,16,8,48,12,4,16,32
99508469,99508477,2,2,16,4,32,16,8,24,36
99540029,99540037,4,3,16,8,56,4,8,32,24
99548489,99548497,2,5,16,8,12,8,8,8,30
99557069,99557077,2,2,16,4,40,48,16,6,24
99573989,99573997,2,2,16,4,64,24,32,8,24
99597929,99597937,2,2,16,4,24,24,8,16,20
99609329,99609337,3,4,16,8,6,8,16,8,72
99617729,99617737,2,4,16,4,6,6,4,24,32
99626609,99626617,3,3,16,8,6,8,24,16,48
99637529,99637537,6,4,16,12,6,32,8,4,48
99661469,99661477,4,3,16,16,48,6,8,6,24
99668189,99668197,5,2,16,8,24,24,4,64,36
99680369,99680377,5,3,16,8,12,24,4,16,32
99683789,99683797,2,2,16,4,40,36,16,8,24
99688829,99688837,1,0,16,16,16,32,32,24,48
99719309,99719317,2,2,16,4,120,16,16,8,48
99757109,99757117,2,4,16,4,32,8,4,4,48
99759629,99759637,2,3,16,4,20,8,16,8,36
99766229,99766237,2,3,16,8,16,12,8,16,24
99773669,99773677,2,3,16,8,16,8,128,12,18
99788609,99788617,2,3,16,8,48,8,16,8,24
99791969,99791977,2,2,16,4,24,16,16,6,32
99813029,99813037,2,4,16,4,16,8,4,32,12
99844169,99844177,3,4,16,8,6,48,8,12,40
99869789,99869797,4,3,16,6,24,4,8,16,36
99871229,99871237,2,3,16,4,40,16,8,8,36
99877709,99877717,2,3,16,4,20,8,4,16,18
99880589,99880597,2,3,16,4,40,16,8,8,36
99880889,99880897,5,5,16,8,12,12,4,4,28
99939929,99939937,3,4,16,16,6,8,8,8,24
99953969,99953977,5,3,16,8,12,64,4,24,16
99958709,99958717,2,3,16,4,16,16,4,8,72
99966389,99966397,2,3,16,8,32,20,8,8,24
99989489,99989497,2,2,16,8,24,8,16,32,24
