{
  "power": 13,
  "decade_start": 10000000000000,
  "window_anchors": 256,
  "candidate_bound": 1024,
  "anchor_count": 256,
  "candidate_count": 69830,
  "tested_count": 1902,
  "exact_match_count": 256,
  "false_emit_count": 0,
  "candidate_bound_miss_count": 0,
  "setup_seconds": 0.003351624822244048,
  "evaluation_seconds": 0.01977908401750028,
  "write_seconds": 0.0007727909833192825,
  "total_seconds": 0.02386158285662532,
  "anchors_per_second": 10728.54225715877,
  "tested_candidates_per_second": 79709.7163012343,
  "window_candidates_per_second": 2926461.3508492066
}
