{
  "power": 12,
  "decade_start": 1000000000000,
  "window_anchors": 256,
  "candidate_bound": 1024,
  "anchor_count": 256,
  "candidate_count": 69825,
  "tested_count": 1978,
  "exact_match_count": 256,
  "false_emit_count": 0,
  "candidate_bound_miss_count": 0,
  "setup_seconds": 0.003243166022002697,
  "evaluation_seconds": 0.01974045904353261,
  "write_seconds": 0.0008870831225067377,
  "total_seconds": 0.023822583025321364,
  "anchors_per_second": 10746.105899930915,
  "tested_candidates_per_second": 83030.45886743497,
  "window_candidates_per_second": 2931042.361182329
}
