{
  "power": 17,
  "decade_start": 100000000000000000,
  "window_anchors": 256,
  "candidate_bound": 1024,
  "anchor_count": 256,
  "old_unique_match_count": 49,
  "reset_exact_match_count": 256,
  "reset_false_emit_count": 0,
  "tail_case_count": 207,
  "tail_candidate_count": 5291,
  "candidate_bound_miss_count": 0,
  "all_unresolved_after_reset_count": 256,
  "setup_seconds": 0.0044357499573379755,
  "evaluation_seconds": 7.283511791843921,
  "write_seconds": 0.0010993750765919685,
  "total_seconds": 7.288971541915089
}
