{
  "power": 17,
  "decade_start": 100000000000000000,
  "window_anchors": 256,
  "candidate_bound": 1024,
  "anchor_count": 256,
  "candidate_count": 69826,
  "tested_count": 2603,
  "exact_match_count": 256,
  "false_emit_count": 0,
  "candidate_bound_miss_count": 0,
  "setup_seconds": 0.00445841602049768,
  "evaluation_seconds": 0.022214500000700355,
  "write_seconds": 0.0009810409974306822,
  "total_seconds": 0.027604083064943552,
  "anchors_per_second": 9273.990351272098,
  "tested_candidates_per_second": 94297.6440795362,
  "window_candidates_per_second": 2529553.321359084
}
