{
  "rows": [
    {
      "power": 8,
      "decade_start": 100000000,
      "window_anchors": 256,
      "candidate_bound": 1024,
      "anchor_count": 256,
      "candidate_count": 69826,
      "tested_count": 1204,
      "exact_match_count": 256,
      "false_emit_count": 0,
      "candidate_bound_miss_count": 0,
      "setup_seconds": 0.00239062518812716,
      "evaluation_seconds": 0.015458291862159967,
      "write_seconds": 0.001002166885882616,
      "total_seconds": 0.018810000037774444,
      "anchors_per_second": 13609.782003503353,
      "tested_candidates_per_second": 64008.5059852267,
      "window_candidates_per_second": 3712174.367877442
    },
    {
      "power": 9,
      "decade_start": 1000000000,
      "window_anchors": 256,
      "candidate_bound": 1024,
      "anchor_count": 256,
      "candidate_count": 69824,
      "tested_count": 1419,
      "exact_match_count": 256,
      "false_emit_count": 0,
      "candidate_bound_miss_count": 0,
      "setup_seconds": 0.0022583329118788242,
      "evaluation_seconds": 0.01576008298434317,
      "write_seconds": 0.0007950419094413519,
      "total_seconds": 0.01876883301883936,
      "anchors_per_second": 13639.633308210374,
      "tested_candidates_per_second": 75604.06118886922,
      "window_candidates_per_second": 3720209.98481438
    },
    {
      "power": 10,
      "decade_start": 10000000000,
      "window_anchors": 256,
      "candidate_bound": 1024,
      "anchor_count": 256,
      "candidate_count": 69825,
      "tested_count": 1716,
      "exact_match_count": 256,
      "false_emit_count": 0,
      "candidate_bound_miss_count": 0,
      "setup_seconds": 0.002980791963636875,
      "evaluation_seconds": 0.018877665977925062,
      "write_seconds": 0.0008816251065582037,
      "total_seconds": 0.02269712509587407,
      "anchors_per_second": 11278.961494843072,
      "tested_candidates_per_second": 75604.28877011997,
      "window_candidates_per_second": 3076380.806161787
    },
    {
      "power": 11,
      "decade_start": 100000000000,
      "window_anchors": 256,
      "candidate_bound": 1024,
      "anchor_count": 256,
      "candidate_count": 69826,
      "tested_count": 1653,
      "exact_match_count": 256,
      "false_emit_count": 0,
      "candidate_bound_miss_count": 0,
      "setup_seconds": 0.006280832923948765,
      "evaluation_seconds": 0.031226416118443012,
      "write_seconds": 0.0008879159577190876,
      "total_seconds": 0.038353542098775506,
      "anchors_per_second": 6674.742044442701,
      "tested_candidates_per_second": 43099.0179666554,
      "window_candidates_per_second": 1820588.0390439688
    },
    {
      "power": 12,
      "decade_start": 1000000000000,
      "window_anchors": 256,
      "candidate_bound": 1024,
      "anchor_count": 256,
      "candidate_count": 69825,
      "tested_count": 1978,
      "exact_match_count": 256,
      "false_emit_count": 0,
      "candidate_bound_miss_count": 0,
      "setup_seconds": 0.003243166022002697,
      "evaluation_seconds": 0.01974045904353261,
      "write_seconds": 0.0008870831225067377,
      "total_seconds": 0.023822583025321364,
      "anchors_per_second": 10746.105899930915,
      "tested_candidates_per_second": 83030.45886743497,
      "window_candidates_per_second": 2931042.361182329
    },
    {
      "power": 13,
      "decade_start": 10000000000000,
      "window_anchors": 256,
      "candidate_bound": 1024,
      "anchor_count": 256,
      "candidate_count": 69830,
      "tested_count": 1902,
      "exact_match_count": 256,
      "false_emit_count": 0,
      "candidate_bound_miss_count": 0,
      "setup_seconds": 0.003351624822244048,
      "evaluation_seconds": 0.01977908401750028,
      "write_seconds": 0.0007727909833192825,
      "total_seconds": 0.02386158285662532,
      "anchors_per_second": 10728.54225715877,
      "tested_candidates_per_second": 79709.7163012343,
      "window_candidates_per_second": 2926461.3508492066
    },
    {
      "power": 14,
      "decade_start": 100000000000000,
      "window_anchors": 256,
      "candidate_bound": 1024,
      "anchor_count": 256,
      "candidate_count": 69825,
      "tested_count": 2302,
      "exact_match_count": 256,
      "false_emit_count": 0,
      "candidate_bound_miss_count": 0,
      "setup_seconds": 0.003809874877333641,
      "evaluation_seconds": 0.020595249952748418,
      "write_seconds": 0.0008919171523302794,
      "total_seconds": 0.025245416909456253,
      "anchors_per_second": 10140.45444042991,
      "tested_candidates_per_second": 91184.86766355333,
      "window_candidates_per_second": 2765848.559777416
    },
    {
      "power": 15,
      "decade_start": 1000000000000000,
      "window_anchors": 256,
      "candidate_bound": 1024,
      "anchor_count": 256,
      "candidate_count": 69830,
      "tested_count": 2549,
      "exact_match_count": 256,
      "false_emit_count": 0,
      "candidate_bound_miss_count": 0,
      "setup_seconds": 0.004302834160625935,
      "evaluation_seconds": 0.02108800015412271,
      "write_seconds": 0.0008824169635772705,
      "total_seconds": 0.0262300840113312,
      "anchors_per_second": 9759.785744087205,
      "tested_candidates_per_second": 97178.49164718081,
      "window_candidates_per_second": 2662210.3066781624
    },
    {
      "power": 16,
      "decade_start": 10000000000000000,
      "window_anchors": 256,
      "candidate_bound": 1024,
      "anchor_count": 256,
      "candidate_count": 69821,
      "tested_count": 2525,
      "exact_match_count": 256,
      "false_emit_count": 0,
      "candidate_bound_miss_count": 0,
      "setup_seconds": 0.004362416919320822,
      "evaluation_seconds": 0.021803125040605664,
      "write_seconds": 0.0008431249298155308,
      "total_seconds": 0.026958625065162778,
      "anchors_per_second": 9496.033250257093,
      "tested_candidates_per_second": 93662.04670663734,
      "window_candidates_per_second": 2589931.78736797
    },
    {
      "power": 17,
      "decade_start": 100000000000000000,
      "window_anchors": 256,
      "candidate_bound": 1024,
      "anchor_count": 256,
      "candidate_count": 69826,
      "tested_count": 2603,
      "exact_match_count": 256,
      "false_emit_count": 0,
      "candidate_bound_miss_count": 0,
      "setup_seconds": 0.00445841602049768,
      "evaluation_seconds": 0.022214500000700355,
      "write_seconds": 0.0009810409974306822,
      "total_seconds": 0.027604083064943552,
      "anchors_per_second": 9273.990351272098,
      "tested_candidates_per_second": 94297.6440795362,
      "window_candidates_per_second": 2529553.321359084
    },
    {
      "power": 18,
      "decade_start": 1000000000000000000,
      "window_anchors": 256,
      "candidate_bound": 1024,
      "anchor_count": 256,
      "candidate_count": 69819,
      "tested_count": 2834,
      "exact_match_count": 256,
      "false_emit_count": 0,
      "candidate_bound_miss_count": 0,
      "setup_seconds": 0.004781165858730674,
      "evaluation_seconds": 0.022420833120122552,
      "write_seconds": 0.000839542131870985,
      "total_seconds": 0.0280003750231117,
      "anchors_per_second": 9142.734687970995,
      "tested_candidates_per_second": 101212.9301004289,
      "window_candidates_per_second": 2493502.3171072146
    }
  ]
}
