{
  "power": 8,
  "decade_start": 100000000,
  "window_anchors": 256,
  "candidate_bound": 1024,
  "anchor_count": 256,
  "candidate_count": 69826,
  "tested_count": 1204,
  "exact_match_count": 256,
  "false_emit_count": 0,
  "candidate_bound_miss_count": 0,
  "setup_seconds": 0.00239062518812716,
  "evaluation_seconds": 0.015458291862159967,
  "write_seconds": 0.001002166885882616,
  "total_seconds": 0.018810000037774444,
  "anchors_per_second": 13609.782003503353,
  "tested_candidates_per_second": 64008.5059852267,
  "window_candidates_per_second": 3712174.367877442
}
