{
  "rows": [
    {
      "power": 8,
      "decade_start": 100000000,
      "window_anchors": 256,
      "candidate_bound": 1024,
      "anchor_count": 256,
      "candidate_count": 69826,
      "unique_resolved_count": 61,
      "unique_resolved_match_count": 61,
      "true_boundary_rejected_count": 0,
      "candidate_bound_miss_count": 0,
      "setup_seconds": 0.0023758329916745424,
      "evaluation_seconds": 0.3318812500219792,
      "write_seconds": 0.001236499985679984,
      "total_seconds": 0.33544137491844594,
      "anchors_per_second": 763.1735949753959,
      "candidates_per_second": 208161.56032324999,
      "factor_cache_size": 5536
    },
    {
      "power": 9,
      "decade_start": 1000000000,
      "window_anchors": 256,
      "candidate_bound": 1024,
      "anchor_count": 256,
      "candidate_count": 69824,
      "unique_resolved_count": 48,
      "unique_resolved_match_count": 48,
      "true_boundary_rejected_count": 0,
      "candidate_bound_miss_count": 0,
      "setup_seconds": 0.0022889580577611923,
      "evaluation_seconds": 0.47200929187238216,
      "write_seconds": 0.001090165926143527,
      "total_seconds": 0.4753383749630302,
      "anchors_per_second": 538.5637126813306,
      "candidates_per_second": 146893.25263383292,
      "factor_cache_size": 11870
    },
    {
      "power": 10,
      "decade_start": 10000000000,
      "window_anchors": 256,
      "candidate_bound": 1024,
      "anchor_count": 256,
      "candidate_count": 69825,
      "unique_resolved_count": 44,
      "unique_resolved_match_count": 44,
      "true_boundary_rejected_count": 0,
      "candidate_bound_miss_count": 0,
      "setup_seconds": 0.003005832899361849,
      "evaluation_seconds": 0.7875516249332577,
      "write_seconds": 0.001056124921888113,
      "total_seconds": 0.791562041034922,
      "anchors_per_second": 323.4111626491016,
      "candidates_per_second": 88211.65793739657,
      "factor_cache_size": 19314
    },
    {
      "power": 11,
      "decade_start": 100000000000,
      "window_anchors": 256,
      "candidate_bound": 1024,
      "anchor_count": 256,
      "candidate_count": 69826,
      "unique_resolved_count": 43,
      "unique_resolved_match_count": 43,
      "true_boundary_rejected_count": 0,
      "candidate_bound_miss_count": 0,
      "setup_seconds": 0.002948957961052656,
      "evaluation_seconds": 1.003437374951318,
      "write_seconds": 0.0011007499415427446,
      "total_seconds": 1.007428624900058,
      "anchors_per_second": 254.11229507737733,
      "candidates_per_second": 69311.11373465996,
      "factor_cache_size": 26528
    },
    {
      "power": 12,
      "decade_start": 1000000000000,
      "window_anchors": 256,
      "candidate_bound": 1024,
      "anchor_count": 256,
      "candidate_count": 69825,
      "unique_resolved_count": 51,
      "unique_resolved_match_count": 51,
      "true_boundary_rejected_count": 0,
      "candidate_bound_miss_count": 0,
      "setup_seconds": 0.003245667088776827,
      "evaluation_seconds": 1.4384137920569628,
      "write_seconds": 0.0010858748573809862,
      "total_seconds": 1.4426967499312013,
      "anchors_per_second": 177.44546801828452,
      "candidates_per_second": 48398.944548346546,
      "factor_cache_size": 34944
    },
    {
      "power": 13,
      "decade_start": 10000000000000,
      "window_anchors": 256,
      "candidate_bound": 1024,
      "anchor_count": 256,
      "candidate_count": 69830,
      "unique_resolved_count": 50,
      "unique_resolved_match_count": 50,
      "true_boundary_rejected_count": 0,
      "candidate_bound_miss_count": 0,
      "setup_seconds": 0.0033614998683333397,
      "evaluation_seconds": 1.75841287500225,
      "write_seconds": 0.0010748328641057014,
      "total_seconds": 1.7628048330079764,
      "anchors_per_second": 145.22310990217352,
      "candidates_per_second": 39613.00689245616,
      "factor_cache_size": 43072
    },
    {
      "power": 14,
      "decade_start": 100000000000000,
      "window_anchors": 256,
      "candidate_bound": 1024,
      "anchor_count": 256,
      "candidate_count": 69825,
      "unique_resolved_count": 47,
      "unique_resolved_match_count": 47,
      "true_boundary_rejected_count": 0,
      "candidate_bound_miss_count": 0,
      "setup_seconds": 0.00399066717363894,
      "evaluation_seconds": 2.507310625165701,
      "write_seconds": 0.0009756251238286495,
      "total_seconds": 2.5122289590071887,
      "anchors_per_second": 101.90154009735204,
      "candidates_per_second": 27794.04311444377,
      "factor_cache_size": 52684
    },
    {
      "power": 15,
      "decade_start": 1000000000000000,
      "window_anchors": 256,
      "candidate_bound": 1024,
      "anchor_count": 256,
      "candidate_count": 69830,
      "unique_resolved_count": 45,
      "unique_resolved_match_count": 45,
      "true_boundary_rejected_count": 0,
      "candidate_bound_miss_count": 0,
      "setup_seconds": 0.004343417007476091,
      "evaluation_seconds": 3.5571042499504983,
      "write_seconds": 0.0010283328592777252,
      "total_seconds": 3.5624281668569893,
      "anchors_per_second": 71.86109810765959,
      "candidates_per_second": 19601.79875335105,
      "factor_cache_size": 63254
    },
    {
      "power": 16,
      "decade_start": 10000000000000000,
      "window_anchors": 256,
      "candidate_bound": 1024,
      "anchor_count": 256,
      "candidate_count": 69821,
      "unique_resolved_count": 38,
      "unique_resolved_match_count": 38,
      "true_boundary_rejected_count": 0,
      "candidate_bound_miss_count": 0,
      "setup_seconds": 0.004383374936878681,
      "evaluation_seconds": 4.7838105000555515,
      "write_seconds": 0.0012227501720190048,
      "total_seconds": 4.789364750031382,
      "anchors_per_second": 53.45176518416614,
      "candidates_per_second": 14578.342566108064,
      "factor_cache_size": 73638
    },
    {
      "power": 17,
      "decade_start": 100000000000000000,
      "window_anchors": 256,
      "candidate_bound": 1024,
      "anchor_count": 256,
      "candidate_count": 69826,
      "unique_resolved_count": 49,
      "unique_resolved_match_count": 49,
      "true_boundary_rejected_count": 0,
      "candidate_bound_miss_count": 0,
      "setup_seconds": 0.005019458010792732,
      "evaluation_seconds": 7.167524666991085,
      "write_seconds": 0.0020452081225812435,
      "total_seconds": 7.174529999960214,
      "anchors_per_second": 35.6817798519791,
      "candidates_per_second": 9732.484218532394,
      "factor_cache_size": 84416
    },
    {
      "power": 18,
      "decade_start": 1000000000000000000,
      "window_anchors": 256,
      "candidate_bound": 1024,
      "anchor_count": 256,
      "candidate_count": 69819,
      "unique_resolved_count": 37,
      "unique_resolved_match_count": 37,
      "true_boundary_rejected_count": 0,
      "candidate_bound_miss_count": 0,
      "setup_seconds": 0.0050412078853696585,
      "evaluation_seconds": 12.161090207984671,
      "write_seconds": 0.0010847500525414944,
      "total_seconds": 12.167169290827587,
      "anchors_per_second": 21.040226685510955,
      "candidates_per_second": 5738.310886545662,
      "factor_cache_size": 96058
    }
  ]
}
