{
  "power": 15,
  "decade_start": 1000000000000000,
  "window_anchors": 256,
  "candidate_bound": 1024,
  "anchor_count": 256,
  "old_unique_match_count": 45,
  "reset_exact_match_count": 256,
  "reset_false_emit_count": 0,
  "tail_case_count": 211,
  "tail_candidate_count": 5209,
  "candidate_bound_miss_count": 0,
  "all_unresolved_after_reset_count": 256,
  "setup_seconds": 0.004278375068679452,
  "evaluation_seconds": 3.5499362498521805,
  "write_seconds": 0.0012130411341786385,
  "total_seconds": 3.5553521250840276
}
