covered_prime_limit,covered_prime_count,theoretical_rejection_rate,observed_rejection_rate,saved_miller_rabin_call_rate,saved_miller_rabin_calls,speedup,accelerated_total_wall_time_ms,accelerated_proxy_time_ms,accelerated_miller_rabin_time_ms,accelerated_assembly_time_ms,accelerated_residual_time_ms
300007,25997,0.910965501320,0.903081232493,0.903081232493,3224,2.835541059289,86143.903042000005,1237.412336000000,80979.567272000000,3867.002541000000,59.920893000000
1000003,78498,0.918723660933,0.914285714286,0.914285714286,3264,3.071985146514,79513.592166999995,3541.107772000000,72091.972915999999,3820.999625000000,59.511854000000
3000000,216815,0.924710372426,0.920728291317,0.920728291317,3287,3.015842287732,80993.815583999996,9651.932736000001,67375.068662000005,3906.664376000000,60.149810000000
