{
  "power": 18,
  "decade_start": 1000000000000000000,
  "window_anchors": 256,
  "candidate_bound": 1024,
  "anchor_count": 256,
  "old_unique_match_count": 37,
  "reset_exact_match_count": 256,
  "reset_false_emit_count": 0,
  "tail_case_count": 219,
  "tail_candidate_count": 4941,
  "candidate_bound_miss_count": 0,
  "all_unresolved_after_reset_count": 256,
  "setup_seconds": 0.004835291998460889,
  "evaluation_seconds": 12.182688458124176,
  "write_seconds": 0.001765791792422533,
  "total_seconds": 12.189203874906525
}
