{
  "power": 18,
  "decade_start": 1000000000000000000,
  "window_anchors": 256,
  "candidate_bound": 1024,
  "anchor_count": 256,
  "old_unique_match_count": 37,
  "reset_exact_match_count": 256,
  "reset_false_emit_count": 0,
  "tail_case_count": 219,
  "tail_candidate_count": 4941,
  "candidate_bound_miss_count": 0,
  "all_unresolved_after_reset_count": 256,
  "setup_seconds": 0.005136167164891958,
  "evaluation_seconds": 12.737933665979654,
  "write_seconds": 0.001253542024642229,
  "total_seconds": 12.744250959018245
}
