{
  "power": 15,
  "decade_start": 1000000000000000,
  "window_anchors": 256,
  "candidate_bound": 1024,
  "anchor_count": 256,
  "candidate_count": 69830,
  "tested_count": 2549,
  "exact_match_count": 256,
  "false_emit_count": 0,
  "candidate_bound_miss_count": 0,
  "setup_seconds": 0.004302834160625935,
  "evaluation_seconds": 0.02108800015412271,
  "write_seconds": 0.0008824169635772705,
  "total_seconds": 0.0262300840113312,
  "anchors_per_second": 9759.785744087205,
  "tested_candidates_per_second": 97178.49164718081,
  "window_candidates_per_second": 2662210.3066781624
}
