{
  "power": 13,
  "decade_start": 10000000000000,
  "window_anchors": 256,
  "candidate_bound": 1024,
  "anchor_count": 256,
  "old_unique_match_count": 50,
  "reset_exact_match_count": 256,
  "reset_false_emit_count": 0,
  "tail_case_count": 206,
  "tail_candidate_count": 7139,
  "candidate_bound_miss_count": 0,
  "all_unresolved_after_reset_count": 256,
  "setup_seconds": 0.0035228747874498367,
  "evaluation_seconds": 1.7526069169398397,
  "write_seconds": 0.001111457822844386,
  "total_seconds": 1.757172041805461
}
