{
  "power": 9,
  "decade_start": 1000000000,
  "window_anchors": 256,
  "candidate_bound": 1024,
  "anchor_count": 256,
  "candidate_count": 69824,
  "tested_count": 1419,
  "exact_match_count": 256,
  "false_emit_count": 0,
  "candidate_bound_miss_count": 0,
  "setup_seconds": 0.0022583329118788242,
  "evaluation_seconds": 0.01576008298434317,
  "write_seconds": 0.0007950419094413519,
  "total_seconds": 0.01876883301883936,
  "anchors_per_second": 13639.633308210374,
  "tested_candidates_per_second": 75604.06118886922,
  "window_candidates_per_second": 3720209.98481438
}
